row,lon,lat,flooded,exclusion_mask,reference_water_mask
0,34.88533497261983,-0.2590662453261759,1,0,0
1,34.94595407198303,-0.2160097809765749,1,0,0
2,34.962230049450824,-0.2011513978672166,1,0,0
3,34.89705435015036,-0.2026934170068181,1,0,0
4,34.929207424260134,-0.1607760971474885,1,0,0
5,34.9486902411785,-0.2114129172776055,1,0,0
6,34.899117361841725,-0.1781842361774988,1,0,0
7,34.88496118245676,-0.1794710427322283,1,0,0
8,34.90931031583409,-0.1791364681253546,1,0,0
9,34.90072804083506,-0.1782213996151358,1,0,0
10,34.96062739999578,-0.2003973765942165,1,0,0
11,34.90234072186859,-0.1780793682495697,1,0,0
12,34.88586595181484,-0.2596161711875199,1,0,0
13,34.899079346606776,-0.1815890359004418,1,0,0
14,34.943466558547954,-0.214339207557381,1,0,0
15,34.94343869802899,-0.2168478542042781,1,0,0
16,34.89672098707467,-0.2491105159954536,1,0,0
17,34.883483522401484,-0.1835597386340399,1,0,0
18,34.9461549288185,-0.2140428430123422,1,0,0
19,34.95034275166812,-0.2076872105874922,1,0,0
20,34.948485382126826,-0.2137382222979182,1,0,0
21,34.90045346561524,-0.2515264552964824,1,0,0
22,34.88192506326112,-0.2598842832788214,1,0,0
23,34.901383643411954,-0.2483214190309676,1,0,0
24,34.93584295951723,-0.2238419489702354,1,0,0
25,34.947668323780455,-0.2067292145246416,1,0,0
26,34.88712874886984,-0.1777285093720786,1,0,0
27,34.892404454738454,-0.2509830909726596,1,0,0
28,34.89799956433604,-0.1821018685809714,1,0,0
29,34.898364810974826,-0.1975254677630258,1,0,0
30,34.891879384125005,-0.2498955516249151,1,0,0
31,34.94785726023516,-0.205837411894501,1,0,0
32,34.89370826422983,-0.246352614900383,1,0,0
33,34.877573730456874,-0.1837821226298607,1,0,0
34,34.85041553925788,-0.2114800875649428,1,0,0
35,34.88729971370111,-0.1784494465250535,1,0,0
36,34.944035299030794,-0.2114845867104872,1,0,0
37,34.94121765399067,-0.2234282763331247,1,0,0
38,34.90390475669104,-0.2469454071772512,1,0,0
39,34.87775668563718,-0.1834278330730582,1,0,0
40,34.94650535812099,-0.1507811218409176,1,0,0
41,34.952726644841015,-0.2186755295701258,1,0,0
42,34.90120075332395,-0.2486757059659639,1,0,0
43,34.898142789903154,-0.2500394072354959,1,0,0
44,34.94091935241914,-0.21804432363937,1,0,0
45,34.87231799942372,-0.1895764551137274,1,0,0
46,34.96130525774979,-0.2038184527625377,1,0,0
47,34.89434937282634,-0.2531787116090558,1,0,0
48,34.94768428656536,-0.205295710883979,1,0,0
49,34.93816544221871,-0.2242540122078424,1,0,0
50,34.90780388556339,-0.1697809969680783,1,0,0
51,34.88531511316973,-0.1798376984079601,1,0,0
52,34.89547420524163,-0.24854413764103,1,0,0
53,34.852222946869446,-0.2099082437892147,1,0,0
54,34.90984720836121,-0.1791488641384642,1,0,0
55,34.878782588336065,-0.1877534825791924,1,0,0
56,34.88490924122107,-0.1841303342499757,1,0,0
57,34.949821832978195,-0.2062412989768987,1,0,0
58,34.88294263849265,-0.1839057781873909,1,0,0
59,34.87767134058475,-0.2560224914556487,1,0,0
60,34.89670918813713,-0.2501857209894958,1,0,0
61,34.94766433396265,-0.2070875904463803,1,0,0
62,34.877681144547125,-0.2551264634919113,1,0,0
63,34.89186955694972,-0.2507915618270523,1,0,0
64,34.90043970486206,-0.2527808546778543,1,0,0
65,34.94615293766466,-0.2142220313778587,1,0,0
66,34.88566704544606,-0.1803835572796865,1,0,0
67,34.94848936569135,-0.2133798467380731,1,0,0
68,34.9376146761589,-0.2254959571752071,1,0,0
69,34.946516829976154,-0.2136927358488372,1,0,0
70,34.89208586666147,-0.2473908330803184,1,0,0
71,34.885665046950706,-0.1805627606127911,1,0,0
72,34.87194613180611,-0.1908226666633765,1,0,0
73,34.89939743763282,-0.2498889860848079,1,0,0
74,34.893354289704845,-0.2459859903954626,1,0,0
75,34.93941417700843,-0.2246413014507038,1,0,0
76,34.89800156393801,-0.1819226683141808,1,0,0
77,34.934582315917055,-0.2245298119767922,1,0,0
78,34.94547096065617,-0.2111592883336672,1,0,0
79,34.935296162831186,-0.2247255175798572,1,0,0
80,34.932774884143925,-0.2261012552536504,1,0,0
81,34.87754579964725,-0.1862909977711295,1,0,0
82,34.946170861211144,-0.2126093361297737,1,0,0
83,34.88244037456168,-0.2618678433704939,1,0,0
84,34.94743353874719,-0.2117423422258394,1,0,0
85,34.949139927207995,-0.2031785596693631,1,0,0
86,34.89204654609857,-0.2509748728511083,1,0,0
87,34.899025763833244,-0.2511351649578659,1,0,0
88,34.90280150664116,-0.2496087160285732,1,0,0
89,34.87844859495777,-0.1855947799436535,1,0,0
90,34.90555407010182,-0.1788705112488337,1,0,0
91,34.946327914790785,-0.2145845426438183,1,0,0
92,34.894951110837184,-0.24727739705913,1,0,0
93,34.942762782172686,-0.2293787011052092,1,0,0
94,34.878647512139985,-0.1838068498596729,1,0,0
95,34.87916644346385,-0.1854320588760943,1,0,0
96,34.8812053324455,-0.2602262782478319,1,0,0
97,34.89939350426948,-0.250247386416961,1,0,0
98,34.884271054683886,-0.2581455966389058,1,0,0
99,34.90035810290538,-0.1792883386907624,1,0,0
100,34.949668822011326,-0.2039077243848896,1,0,0
101,34.930080100370496,-0.1627679246005265,1,0,0
102,34.94109831112626,-0.2180484557163951,1,0,0
103,34.87283696218523,-0.1912016684252286,1,0,0
104,34.946588578113186,-0.2072419587629267,1,0,0
105,34.95053936689516,-0.2222096530527336,1,0,0
106,34.962587971411445,-0.2011596834565412,1,0,0
107,34.96309686260014,-0.2036806893642598,1,0,0
108,34.89990087730174,-0.2529477215815207,1,0,0
109,34.90733370080114,-0.1798078119493787,1,0,0
110,34.90555206787742,-0.1790497096220068,1,0,0
111,34.88241173715097,-0.1833557979818228,1,0,0
112,34.89853978854367,-0.1978879922210409,1,0,0
113,34.93923124939475,-0.2249955517808238,1,0,0
114,34.88191135012858,-0.2611387151632028,1,0,0
115,34.89706230842494,-0.2019766147026611,1,0,0
116,34.85525141273246,-0.2112325454806159,1,0,0
117,34.89684490619669,-0.254132249321036,1,0,0
118,34.94543710077544,-0.2142054934321189,1,0,0
119,34.90073204472577,-0.1778630004711571,1,0,0
120,34.89728970791523,-0.1815477567848039,1,0,0
121,34.94814738440594,-0.2119380729024261,1,0,0
122,34.87860561921327,-0.1875701570479294,1,0,0
123,34.899759280342195,-0.2495388090834925,1,0,0
124,34.89791077225063,-0.2548737106852943,1,0,0
125,34.89529131713449,-0.2488984293832323,1,0,0
126,34.89346442533308,-0.2522621581574777,1,0,0
127,34.90536309399368,-0.1799415709641204,1,0,0
128,34.93869040681216,-0.225341543097117,1,0,0
129,34.87124023879046,-0.1899101619263943,1,0,0
130,34.8985105326572,-0.249151627612165,1,0,0
131,34.939642788284345,-0.2201656807053098,1,0,0
132,34.94256181093472,-0.2152144858414291,1,0,0
133,34.87357671629156,-0.1890676633911225,1,0,0
134,34.8942136567204,-0.2492321702061422,1,0,0
135,34.901377740327106,-0.248859018029368,1,0,0
136,34.9392729499027,-0.2212325591867737,1,0,0
137,34.94840611613847,-0.2047746970503035,1,0,0
138,34.891527372393334,-0.2493497269159186,1,0,0
139,34.8808130439931,-0.1822434691675533,1,0,0
140,34.896005168812806,-0.2490940728522235,1,0,0
141,34.90212111450224,-0.2463666752303167,1,0,0
142,34.88278564050517,-0.1819304108740835,1,0,0
143,34.87212310307572,-0.191005991023409,1,0,0
144,34.88264479480064,-0.259542289885134,1,0,0
145,34.93531005552072,-0.2234711797830745,1,0,0
146,34.877510035399915,-0.2544055373907575,1,0,0
147,34.90713621527218,-0.1654637117488734,1,0,0
148,34.896903875365766,-0.2487562253489882,1,0,0
149,34.935485043668166,-0.2238336909396331,1,0,0
150,34.946950487919075,-0.2068918554810589,1,0,0
151,34.87750611290262,-0.2547639486528788,1,0,0
152,34.96061740094069,-0.2012933000797397,1,0,0
153,34.888441926232026,-0.2532223411214467,1,0,0
154,34.940575356043915,-0.2167817312302808,1,0,0
155,34.904116350460015,-0.1793750624820556,1,0,0
156,34.94220001833179,-0.1515774752471611,1,0,0
157,34.94145622853738,-0.2180567200318041,1,0,0
158,34.89725320965268,-0.2009055341359485,1,0,0
159,34.8863829017085,-0.1804000551510234,1,0,0
160,34.8791744245913,-0.1847152390095769,1,0,0
161,34.89929832788068,-0.1780091653033961,1,0,0
162,34.88549007993569,-0.1802002295701763,1,0,0
163,34.949020268239515,-0.2139298164703721,1,0,0
164,34.94654073337379,-0.2115424766539185,1,0,0
165,34.87000343461072,-0.1884476819429323,1,0,0
166,34.87124223057467,-0.1897309549700436,1,0,0
167,34.904647237681274,-0.1799250493387472,1,0,0
168,34.871588206495026,-0.1908144315866018,1,0,0
169,34.892052441952295,-0.2504372668566942,1,0,0
170,34.87826364730217,-0.1861282746860844,1,0,0
171,34.8924300097604,-0.2486534662285353,1,0,0
172,34.90055508239929,-0.1776796712805926,1,0,0
173,34.893698427081944,-0.247248622762004,1,0,0
174,34.87575417275592,-0.1864290020863117,1,0,0
175,34.88641289112859,-0.177712007965566,1,0,0
176,34.90162886880234,-0.1777044498114014,1,0,0
177,34.93295780862136,-0.2257469994409172,1,0,0
178,34.95019771761674,-0.2046368885295817,1,0,0
179,34.902829058950864,-0.2470999257196233,1,0,0
180,34.96184213959073,-0.2038308784044474,1,0,0
181,34.90931632434029,-0.1785988758196499,1,0,0
182,34.85130638213374,-0.2118590419027997,1,0,0
183,34.88920096323018,-0.2492963112429869,1,0,0
184,34.89009573600584,-0.2493168546586761,1,0,0
185,34.89021575904213,-0.2546970370643152,1,0,0
186,34.87373974177675,-0.1905054326034233,1,0,0
187,34.89784260070172,-0.180126537522635,1,0,0
188,34.89118125978677,-0.24826629527533,1,0,0
189,34.90288962993681,-0.1770165644220061,1,0,0
190,34.94672367814053,-0.2111882356265808,1,0,0
191,34.93369149537592,-0.224150787043791,1,0,0
192,34.90108997347904,-0.1778712597844031,1,0,0
193,34.901220433967815,-0.2468837089097648,1,0,0
194,34.8943867126278,-0.2497738845630622,1,0,0
195,34.94767031882113,-0.2065500265655098,1,0,0
196,34.8919246172993,-0.2457739050587451,1,0,0
197,34.89565709379567,-0.2481898461352868,1,0,0
198,34.897613122416985,-0.2007345795750186,1,0,0
199,34.94981983746497,-0.2064204863968338,1,0,0
200,34.9607783689235,-0.2029101042622236,1,0,0
201,34.88048907550939,-0.1791887457923969,1,0,0
202,34.89688814255316,-0.2501898316421544,1,0,0
203,34.89388918689413,-0.2461775240515472,1,0,0
204,34.90270866274544,-0.1771916330513055,1,0,0
205,34.85130836027898,-0.211679829913585,1,0,0
206,34.908682658500034,-0.1712352469088922,1,0,0
207,34.872141028680026,-0.1893931303975692,1,0,0
208,34.9069512225422,-0.1659971710876691,1,0,0
209,34.94345077260092,-0.1517857069997995,1,0,0
210,34.89982121035948,-0.1792759515189541,1,0,0
211,34.94474715315165,-0.2118595030336928,1,0,0
212,34.94085378096603,-0.2239575839818505,1,0,0
213,34.94829248330973,-0.2149884017061424,1,0,0
214,34.89273878665824,-0.2531417312497848,1,0,0
215,34.87828359800216,-0.1843362227826264,1,0,0
216,34.94982981590964,-0.2055245493087453,1,0,0
217,34.92883136298592,-0.1623805446433263,1,0,0
218,34.89350177112171,-0.2488573269860481,1,0,0
219,34.89327564872352,-0.2531540575530678,1,0,0
220,34.899035595465214,-0.250239163661982,1,0,0
221,34.943305603823326,-0.2288535234216626,1,0,0
222,34.93564614149004,-0.2254505391789534,1,0,0
223,34.891202894853166,-0.2462950710817523,1,0,0
224,34.94730242419244,-0.207437693031565,1,0,0
225,34.88952350574945,-0.2525301756702078,1,0,0
226,34.90162286246097,-0.1782420478568184,1,0,0
227,34.88917148983469,-0.2519843519054874,1,0,0
228,34.897955970226434,-0.2507520982620221,1,0,0
229,34.871047336137416,-0.1911604933922545,1,0,0
230,34.948153362371656,-0.2114005093305863,1,0,0
231,34.88365849282567,-0.183922269261079,1,0,0
232,34.87555134896899,-0.2534643690962971,1,0,0
233,34.90280347409422,-0.2494295167134347,1,0,0
234,34.94846347880284,-0.2157092879595457,1,0,0
235,34.89601303612964,-0.2483772688324555,1,0,0
236,34.898825187932694,-0.2531022573243783,1,0,0
237,34.899451276617555,-0.1803428930480851,1,0,0
238,34.88836150200075,-0.1795494154382081,1,0,0
239,34.93869437612232,-0.2249831625554208,1,0,0
240,34.885124158238696,-0.1809087948459696,1,0,0
241,34.93332167504899,-0.2252176801390549,1,0,0
242,34.951827872474965,-0.2190132266162572,1,0,0
243,34.899755346530846,-0.2498972092328333,1,0,0
244,34.91119820744163,-0.1703971389028445,1,0,0
245,34.89672627826883,-0.1999971624668832,1,0,0
246,34.949674812430224,-0.2033701620429569,1,0,0
247,34.94894898649105,-0.2042495472286666,1,0,0
248,34.94783930464652,-0.2074501031240562,1,0,0
249,34.91155413096557,-0.1705846051541519,1,0,0
250,35.02681472847157,-0.2526508266550006,0,1,0
251,34.97209584479288,-0.2314901705789331,0,0,0
252,35.03780177590445,-0.1984252945914801,0,0,0
253,34.95653929571657,-0.1977935147994561,0,0,0
254,34.95158330527601,-0.2249222634193164,0,0,0
255,34.89469296965391,-0.1576479780243501,0,0,0
256,34.92315876220597,-0.173362190757466,0,1,0
257,34.88167112139488,-0.2503782315845375,0,0,0
258,34.99240756194037,-0.2238951814177937,0,0,0
259,34.984857269125875,-0.1787347979386557,0,0,0
260,34.817722969788946,-0.1571304474589601,0,1,0
261,35.05736315552651,-0.2259413374041142,0,1,0
262,34.88599414269359,-0.1671266415270355,0,1,0
263,34.96669959715609,-0.1697104584731365,0,1,0
264,34.85013383468219,-0.2207950203990633,0,0,0
265,34.894240727202366,-0.1981474338552365,0,0,0
266,35.03513562557944,-0.212700247069896,0,1,0
267,35.04186518896898,-0.2675160763537219,0,0,0
268,34.89465045202849,-0.1934964491101549,0,0,0
269,34.99809309032856,-0.2600504458077788,0,0,0
270,35.05069922020723,-0.2618071681600148,0,1,0
271,34.85582874913934,-0.1433075316379115,0,0,0
272,34.99241206431633,-0.1755050081128009,0,0,0
273,34.92484329992901,-0.2311163123487909,0,1,0
274,34.82511108365516,-0.2664717182151055,0,0,1
275,34.81573594054186,-0.1909661655015199,0,0,0
276,34.82593896769885,-0.2234674577841992,0,0,0
277,34.9577884377793,-0.1503259584634393,0,0,0
278,34.81432854568389,-0.2375431515275176,0,0,0
279,34.83911886455691,-0.2295055549431602,0,0,0
280,34.808540718020474,-0.1458050554433917,0,0,0
281,34.94705633621496,-0.1973948856971886,0,0,0
282,34.84672748954128,-0.2375672023428469,0,0,0
283,35.039338771391144,-0.1574215308906109,0,1,0
284,35.07546639748694,-0.1919560752120493,0,0,0
285,35.0585964321743,-0.1799138402037593,0,1,0
286,34.962160106739134,-0.2074228489311738,0,0,0
287,35.038273873972535,-0.2362499881085762,0,1,0
288,35.01815052283073,-0.2108717157785236,0,0,0
289,34.91978710298924,-0.1867273333890419,0,0,0
290,34.797018172407086,-0.1839045913003879,0,0,0
291,34.98767690842411,-0.1667922175274494,0,0,0
292,34.97586512404104,-0.198420326684973,0,0,0
293,34.97893240171478,-0.2122918604540997,0,0,0
294,34.98658476214057,-0.2002818829440102,0,1,0
295,34.88306021586754,-0.2217301927944161,0,1,0
296,34.805411548489694,-0.1695759937298801,0,0,0
297,35.08249400862009,-0.1720496946924336,0,1,0
298,34.96844968752652,-0.2052384470681774,0,0,0
299,35.0290694682047,-0.2430255716585988,0,1,0
300,34.94087381609553,-0.2060344820857913,0,0,0
301,35.020684433663455,-0.2405012395777382,0,0,0
302,34.81922512153842,-0.2317393001701947,0,0,0
303,34.95295206620239,-0.1984274355159525,0,0,0
304,34.95050575496361,-0.209124846135418,0,0,0
305,34.88750790549626,-0.2567858678063019,0,1,0
306,35.047820435387415,-0.2309163522142668,0,1,0
307,34.99161254070029,-0.2149155996224998,0,0,0
308,34.89659905546636,-0.2114660064343596,0,0,0
309,35.012295691200094,-0.2544649335351765,0,0,0
310,34.88400519861249,-0.1529200213327753,0,0,0
311,34.82432656824587,-0.2399228185972159,0,1,0
312,34.794317657658745,-0.1691425253500818,0,0,0
313,34.99058079580705,-0.1632752276456599,0,0,0
314,35.04519385989265,-0.1620384910596833,0,1,0
315,34.93133493781932,-0.1785699509431042,0,1,0
316,34.99623144844424,-0.2503294149551601,0,0,0
317,34.91440421300168,-0.1878577327775438,0,1,0
318,34.936565586218904,-0.1910582938874216,0,0,0
319,34.82036319386992,-0.1934026465447136,0,0,0
320,34.78691644572951,-0.1747097986423235,0,0,0
321,34.83103825630033,-0.2318302352249814,0,1,0
322,34.8273784761221,-0.17420300081751,0,0,0
323,34.85464057723652,-0.2017179247567379,0,0,0
324,34.847321830042844,-0.2160698318682616,0,0,0
325,34.852661745626186,-0.2843098397409402,0,1,0
326,34.9012163332729,-0.1506288155582689,0,1,0
327,34.9857406214961,-0.1638796190801412,0,1,0
328,34.83718178533212,-0.1459255592607249,0,0,0
329,34.84230991509764,-0.1836881798050253,0,0,0
330,35.008516751332564,-0.2079596996404369,0,0,0
331,34.969804557677044,-0.1642263972832405,0,0,0
332,34.932762832562126,-0.2110450207790076,0,0,0
333,34.875821601488035,-0.1964686472671437,0,0,0
334,34.8555618605498,-0.2155418229313379,0,0,0
335,34.88105995394659,-0.1761546391754102,0,1,0
336,35.053387697695904,-0.1656347941740225,0,1,0
337,35.030577533450035,-0.2201212301376923,0,1,0
338,34.93268007762096,-0.1703561105075298,0,1,0
339,34.886541398250515,-0.1983286167107732,0,0,0
340,35.03229408529238,-0.1629919899061035,0,1,0
341,34.8857162954494,-0.2406123798394581,0,0,0
342,34.81704310431267,-0.1538880460466882,0,1,0
343,34.83640370806883,-0.1514647670679413,0,0,0
344,34.84898618881873,-0.1628683263121153,0,0,0
345,34.90427906110913,-0.2292088267095729,0,0,0
346,34.879652097353286,-0.2223688673025779,0,0,0
347,35.03801143280909,-0.2598998225336041,0,0,0
348,34.82100296805527,-0.2656609039862096,0,0,1
349,35.08268265150323,-0.2028767284813319,0,1,0
350,35.03296708054122,-0.2628294391004878,0,0,0
351,35.04455129788988,-0.235141381944971,0,1,0
352,34.86027416850759,-0.2102723174526621,0,0,0
353,34.94825258726578,-0.1545855675274702,0,0,0
354,34.83769873349292,-0.1959512941790861,0,0,0
355,35.01667797433435,-0.2305513898795718,0,1,0
356,35.03976630499498,-0.2792953171942137,0,1,0
357,34.78239071592091,-0.1792673818817325,0,1,0
358,34.88252922475417,-0.156829466720811,0,0,0
359,35.02298930322144,-0.2586554473534903,0,1,0
360,34.808987545512345,-0.1538823840155337,0,1,0
361,34.85870523689193,-0.2882123091655306,0,0,0
362,34.824656309034296,-0.193680307933611,0,0,0
363,35.07870533717172,-0.1588792897363302,0,1,0
364,34.79753523243581,-0.1857091325588202,0,0,0
365,35.05818120193889,-0.1533814358355853,0,1,0
366,34.97930390412866,-0.1631923849321025,0,0,0
367,34.884787710849324,-0.2111941976595358,0,0,0
368,34.853770259417594,-0.1672805841347755,0,1,0
369,34.9153143541435,-0.2187083630122382,0,0,0
370,34.85966059074909,-0.266185816633518,0,1,0
371,34.835499647955494,-0.2005616403250996,0,1,0
372,34.87148788622587,-0.1676885081323677,0,1,0
373,34.88068532481228,-0.1456733713637814,0,0,0
374,34.92695461082176,-0.2182597668838781,0,0,0
375,35.03029170177889,-0.2136628900997215,0,1,0
376,34.900984736591106,-0.235765098639748,0,0,0
377,34.85153276504164,-0.1752957046064565,0,0,0
378,35.10435628589068,-0.1858220680233096,0,1,0
379,34.9190904537967,-0.2010505363351624,0,0,0
380,35.04277538927856,-0.2499745772290487,0,1,0
381,34.99700078352489,-0.2455082339382354,0,0,0
382,34.95648509097493,-0.1547765211147521,0,0,0
383,34.8038347237909,-0.166492273471591,0,0,0
384,35.09224564101748,-0.180341869580009,0,0,0
385,34.98770665266877,-0.1960065166737004,0,0,0
386,35.112711002688314,-0.1594970189347298,0,1,0
387,34.837661634750646,-0.2318025727962556,0,0,0
388,34.886899811131904,-0.182204459386098,0,1,0
389,34.98505634062863,-0.1928982099596652,0,0,0
390,34.892317104967866,-0.1301681518177894,0,0,0
391,34.88306559133094,-0.2050600959122244,0,0,0
392,34.87700277218761,-0.2029488701948062,0,0,0
393,34.894483452288014,-0.1924171181276829,0,0,0
394,34.83128036042278,-0.2424122304239764,0,1,0
395,35.03250412116694,-0.176079493377883,0,1,0
396,34.8251525794142,-0.2135899625903012,0,1,0
397,34.96307887700921,-0.2052933462043576,0,0,0
398,34.95156391296952,-0.178500421602956,0,1,0
399,35.014389189351704,-0.2432227321408817,0,0,0
400,34.81358473344718,-0.1590073833351044,0,0,0
401,34.890367238082874,-0.2572099786781611,0,0,0
402,35.01895742909161,-0.1709251022525958,0,1,0
403,34.884912427911765,-0.2649717611222214,0,0,0
404,34.940357835717954,-0.188098964870496,0,0,0
405,35.10982878732389,-0.1768112947614232,0,0,0
406,34.918532360942706,-0.1868775969544252,0,0,0
407,35.02656250986438,-0.2270173061446569,0,1,0
408,34.98900335457085,-0.2403049017673853,0,0,0
409,34.86540659769136,-0.2155885544757577,0,0,0
410,35.035008829258445,-0.2080377670855514,0,1,0
411,34.84304018374082,-0.2310294384199397,0,0,0
412,34.95194916840514,-0.2242137829488581,0,0,0
413,34.77527180324259,-0.1755190939503579,0,1,0
414,34.81996237126469,-0.2625896635004741,0,0,1
415,35.03869425226191,-0.1669047412795856,0,0,0
416,34.867446176380554,-0.1290557699377741,0,0,0
417,34.8974122013788,-0.13871060785863,0,1,0
418,34.996899454309386,-0.2223862763159549,0,0,0
419,34.856814113158634,-0.1512175346955074,0,1,0
420,34.881618085296246,-0.1903282777018272,0,1,0
421,34.86933111146414,-0.2330662184611454,0,0,0
422,35.01142472251158,-0.1721834848308217,0,1,0
423,34.879703245493495,-0.2666448364245586,0,0,0
424,34.86768804901039,-0.2686998688625395,0,1,0
425,34.94228037490493,-0.192265852386048,0,0,0
426,34.85157700264296,-0.23606497146432,0,0,0
427,35.07082273509413,-0.1751816446650091,0,0,0
428,34.87636338844175,-0.2446996934452175,0,0,0
429,35.02634762453893,-0.2302381795916937,0,1,0
430,34.906498766047726,-0.1584584484481434,0,1,0
431,34.80918242378356,-0.2008550413637164,0,0,0
432,34.9565212930521,-0.1994061862161263,0,0,0
433,34.9783706914444,-0.1665760210282212,0,0,0
434,35.041157299286446,-0.2667828151119437,0,0,0
435,34.86129202392353,-0.1830489121171515,0,1,0
436,34.981943525223635,-0.183147803329565,0,1,0
437,35.04036758414617,-0.2090585151301376,0,1,0
438,34.97438098848998,-0.1711433064605192,0,0,0
439,34.939798920292894,-0.190057635820413,0,1,0
440,34.86939820314483,-0.146488448006848,0,0,0
441,35.0329520952135,-0.183975329129275,0,0,0
442,34.99563463751656,-0.2395622854191999,0,0,0
443,35.08506565906857,-0.1979147675698596,0,1,0
444,34.821988380581416,-0.2409449562491963,0,1,0
445,34.85274786846546,-0.25993293538106,0,0,0
446,35.02888809027263,-0.2111212612015503,0,1,0
447,35.113841334582126,-0.1702751736233427,0,1,0
448,34.85833502055018,-0.1914059361267596,0,0,0
449,35.010441982840646,-0.1640957516888804,0,0,0
450,34.82610189206443,-0.1924586015299637,0,1,0
451,34.8374531918281,-0.2344867082596776,0,0,0
452,35.01195757416015,-0.1725543234711604,0,1,0
453,35.00828882980778,-0.2445151035809041,0,1,0
454,34.81938970556301,-0.1521492804966525,0,0,0
455,35.096571385013135,-0.1619857102150551,0,1,0
456,34.95291584897472,-0.1537975515104037,0,0,0
457,35.012745459980955,-0.2623609287935406,0,1,0
458,35.07237556644675,-0.1961847853160041,0,0,0
459,34.843971006644985,-0.2115115225026546,0,0,0
460,34.93718258622122,-0.183903085398525,0,0,0
461,34.821964506433645,-0.2267825364021667,0,0,0
462,34.92797738733854,-0.1906805700136184,0,0,0
463,34.93244474297072,-0.207452922765184,0,1,0
464,34.85559476259216,-0.2288075393244216,0,0,0
465,34.9928210171621,-0.2350165772850117,0,0,0
466,35.127524322163524,-0.1634285928184875,0,1,0
467,34.89951934873124,-0.1742500971472174,0,1,0
468,34.81548076559535,-0.2303988451819627,0,1,0
469,35.01500740359923,-0.1878588347481334,0,0,0
470,35.01430770480931,-0.2344391859840111,0,0,0
471,35.0000833245491,-0.1778339626771074,0,0,0
472,34.872649890422835,-0.2732947844154862,0,1,0
473,34.93280464375608,-0.2234133790925924,0,0,0
474,34.87509519964188,-0.2297927354169298,0,0,0
475,35.00455674252698,-0.2259689966982963,0,0,0
476,34.80004314272233,-0.1533186385729429,0,0,0
477,34.90890557184328,-0.2155135716539977,0,0,0
478,35.03592418668448,-0.2706041214085095,0,1,0
479,35.0070367742776,-0.2606158181698372,0,0,0
480,34.887498115127414,-0.1607083632342748,0,0,0
481,34.89576146995956,-0.238692189918982,0,0,0
482,34.86604326804236,-0.2553974683884347,0,0,0
483,35.124841878534,-0.1631864133497678,0,1,0
484,35.03726643796748,-0.1507422923555442,0,0,0
485,34.90059577670839,-0.2061806696806589,0,1,0
486,35.00316514427722,-0.1585497461178565,0,1,0
487,34.88017710995205,-0.223456433340367,0,0,0
488,35.03726033057847,-0.1512797881688424,0,0,0
489,35.00364679546417,-0.211251832449604,0,0,0
490,34.87551605605246,-0.2566900793264819,0,0,0
491,34.82635068375448,-0.2512626664998715,0,1,0
492,35.061402470280065,-0.2009465055287579,0,0,0
493,35.00411892596642,-0.2010472303447059,0,0,0
494,34.89946879251614,-0.1627771755647418,0,1,0
495,34.96315007212049,-0.2149734288044442,0,0,0
496,34.818201495371895,-0.1784740658225836,0,0,0
497,34.9360121888371,-0.1605751714631898,0,0,0
498,34.88625970800243,-0.2237754799058893,0,0,0
499,34.88385100618673,-0.1988044308762601,0,0,0
500,34.83765529656788,-0.2651448431574719,1,0,0
501,34.83764359667962,-0.2662201365792718,1,0,0
502,34.88839090408889,-0.2578816170407855,1,0,0
503,34.83131644345477,-0.255499168644428,1,0,0
504,34.81956929177502,-0.2330020226827045,1,0,0
505,34.83764554644317,-0.2660409210061936,1,0,0
506,34.83637923423895,-0.2672668126340181,1,0,0
507,34.830616261847084,-0.2540490734923088,1,0,0
508,34.8347706128447,-0.267050806397913,1,0,0
509,34.81920352619535,-0.2337107204231623,1,0,0
510,34.83221512112924,-0.2551611822517983,1,0,0
511,34.819026532072584,-0.2335274094245026,1,0,0
512,34.84323405165792,-0.2624041985768026,1,0,0
513,34.8322248936019,-0.254265097861803,1,0,0
514,34.88872724183145,-0.2598610609098345,1,0,0
515,34.842166191438274,-0.261842008460816,1,0,0
516,34.83727984328795,-0.2667496063687337,1,0,0
517,34.837639697413884,-0.2665785677287751,1,0,0
518,34.888198224241435,-0.2591319317527949,1,0,0
519,34.888569857476455,-0.257885723264006,1,0,0
520,34.88890619494834,-0.2598651667504887,1,0,0
521,34.86879497593208,-0.2656779197749101,1,0,0
522,34.8675384006366,-0.2660076492832482,1,0,0
523,34.84553701287721,-0.2646079531779605,1,0,0
524,34.84465591288393,-0.2633329997564919,1,0,0
525,34.84625672690004,-0.2642658925829805,1,0,0
526,34.86843707117577,-0.2656697232808442,1,0,0
527,34.86719417735708,-0.2647449960694719,1,0,0
528,34.83079130687479,-0.2544115974591847,1,0,0
529,34.888571818797814,-0.2577065203744937,1,0,0
530,34.86577428640178,-0.2636369619610746,1,0,0
531,34.836741037051524,-0.2669165571657595,1,0,0
532,34.86737508472327,-0.2645698859499037,1,0,0
533,34.831507122912164,-0.2544279556688552,1,0,0
534,34.888027114091166,-0.2584110138314474,1,0,0
535,34.81830285436187,-0.2342279270892831,1,0,0
536,34.84235100239735,-0.2613084564223646,1,0,0
537,34.867904123110975,-0.2652990128256627,1,0,0
538,34.867731034877224,-0.2647572904314546,1,0,0
539,34.83710089097454,-0.2667455179809669,1,0,0
540,34.820112052694164,-0.2324766372325019,1,0,0
541,34.83458776300024,-0.2674051515188966,1,0,0
542,34.84430386406865,-0.2627871751268383,1,0,0
543,34.868269847368566,-0.2645903773120365,1,0,0
544,34.865953239064034,-0.2636410598656583,1,0,0
545,34.83728374228189,-0.2663911750395367,1,0,0
546,34.88801927102277,-0.2591278259486521,1,0,0
547,34.866665139395224,-0.2640158687393018,1,0,0
548,34.888202145649565,-0.2587735257810141,1,0,0
549,34.84234514440624,-0.2618460995934278,1,0,0
550,34.819028494912935,-0.2333481893526997,1,0,0
551,34.83727594464253,-0.2671080377023725,1,0,0
552,34.846077774271784,-0.2642618008469207,1,0,0
553,34.88893168707637,-0.2575355302716984,1,0,0
554,34.81811997307684,-0.2345822771643122,1,0,0
555,34.832397983810786,-0.2548068383051529,1,0,0
556,34.832576937763534,-0.2548109281715421,1,0,0
557,34.88874684960465,-0.2580690323869901,1,0,0
558,34.832220984351544,-0.2546235316144523,1,0,0
559,34.869141154524165,-0.2667613629919774,1,0,0
560,34.86844488997232,-0.2649528915860851,1,0,0
561,34.88875077220878,-0.2577106266959151,1,0,0
562,34.83711063899089,-0.2658494394444984,1,0,0
563,34.865951283964144,-0.2638202684023435,1,0,0
564,34.86540856149116,-0.2643456009998672,1,0,0
565,34.842528002662256,-0.2614917620866555,1,0,0
566,34.83115507872264,-0.2538821250344086,1,0,0
567,34.8883830597757,-0.2585984287882191,1,0,0
568,34.83746659403426,-0.2660368323336707,1,0,0
569,34.84394986320623,-0.2624205641845288,1,0,0
570,34.843768957897524,-0.262595686742949,1,0,0
571,34.83168607691895,-0.2544320453555067,1,0,0
572,34.88875469516272,-0.2573522210093453,1,0,0
573,34.86844293514219,-0.265132099508094,1,0,0
574,34.868092849884874,-0.2644070709247174,1,0,0
575,34.84430776897425,-0.2624287473103602,1,0,0
576,34.86879302140249,-0.2658571276124545,1,0,0
577,34.84288005074139,-0.2620375875726949,1,0,0
578,34.888748810862985,-0.2578898295408909,1,0,0
579,34.844309721557806,-0.2622495334037996,1,0,0
580,34.867200042121226,-0.2642073713797007,1,0,0
581,34.84535806029366,-0.2646038617453061,1,0,0
582,34.88839286538583,-0.2577024141067456,1,0,0
583,34.867550127576,-0.2649324004003772,1,0,0
584,34.88891011585216,-0.2595067611259974,1,0,0
585,34.867190267950896,-0.2651034125349206,1,0,0
586,34.868090894841544,-0.2645862789323123,1,0,0
587,34.83729544135473,-0.2653158810786585,1,0,0
588,34.8688125706281,-0.2640650492873178,1,0,0
589,34.83221707544958,-0.2549819653715661,1,0,0
590,34.837462694643044,-0.2663952635696772,1,0,0
591,34.84252604997415,-0.2616709764326206,1,0,0
592,34.84252019243276,-0.262208619477227,1,0,0
593,34.86791389733244,-0.2644029725541709,1,0,0
594,34.83275393723444,-0.2549942348376798,1,0,0
595,34.83239407503409,-0.2551652719757935,1,0,0
596,34.82972149152758,-0.2540286267632624,1,0,0
597,34.86845271016609,-0.2642360599092219,1,0,0
598,34.86807916641537,-0.2656615270013596,1,0,0
599,34.82936749238263,-0.2536620132824507,1,0,0
600,34.86808112093476,-0.2654823189870587,1,0,0
601,34.818672543937424,-0.2331607873259677,1,0,0
602,34.86487561325538,-0.2639748908509814,1,0,0
603,34.88875273364202,-0.2575314238520705,1,0,0
604,34.83745489690616,-0.2671121260550472,1,0,0
605,34.8365581864833,-0.2672709006740946,1,0,0
606,34.86826789238817,-0.2647695852762793,1,0,0
607,34.88820802841765,-0.2582359168317672,1,0,0
608,34.867365311304184,-0.2654659268939818,1,0,0
609,34.868265937495096,-0.2649487932416397,1,0,0
610,34.81920156350445,-0.2338899404528967,1,0,0
611,34.831322305787666,-0.2549615173351493,1,0,0
612,34.86772712532473,-0.2651157066301054,1,0,0
613,34.88855024907288,-0.2596777522209686,1,0,0
614,34.83566537422399,-0.2670712449424302,1,0,0
615,34.83113944359211,-0.2553158621826931,1,0,0
616,34.888029075076886,-0.2582318108049605,1,0,0
617,34.86736140254779,-0.2658243432794371,1,0,0
618,34.84270890847669,-0.2613166391148925,1,0,0
619,34.81848966136435,-0.2335151368369145,1,0,0
620,34.8300774451962,-0.2542160227006263,1,0,0
621,34.88855417005395,-0.2593193464205797,1,0,0
622,34.830960489704545,-0.255311772878855,1,0,0
623,34.86541247110806,-0.2639871836541289,1,0,0
624,34.86487365847645,-0.2641540996566621,1,0,0
625,34.86861993282682,-0.2653154057403695,1,0,0
626,34.868633618030984,-0.264060950613233,1,0,0
627,34.830974169967725,-0.2540572525597663,1,0,0
628,34.84448672185673,-0.2624328389537742,1,0,0
629,34.868448799894566,-0.2645944757454114,1,0,0
630,34.86862970753602,-0.2644193663582544,1,0,0
631,34.88784031780309,-0.2591237201981708,1,0,0
632,34.8362002819936,-0.2672627246475919,1,0,0
633,34.83275002853412,-0.2553526683331475,1,0,0
634,34.86523547340654,-0.2638038772837868,1,0,0
635,34.84287614587765,-0.2623960160949106,1,0,0
636,34.86843902574391,-0.2654905153554737,1,0,0
637,34.83256912046071,-0.2555277953398894,1,0,0
638,34.868979792494564,-0.265144394729887,1,0,0
639,34.83240189293586,-0.254448404638977,1,0,0
640,34.86559142372358,-0.2639912813624878,1,0,0
641,34.842882003304005,-0.2618583733132632,1,0,0
642,34.83186307639201,-0.2546153520614196,1,0,0
643,34.8316802136555,-0.254969696388644,1,0,0
644,34.86879106696023,-0.2660363354511252,1,0,0
645,34.86523742840887,-0.263624668569255,1,0,0
646,34.84500405848083,-0.2642372515573133,1,0,0
647,34.820104199524124,-0.2331935164404863,1,0,0
648,34.8689661106168,-0.2663988492814338,1,0,0
649,34.842878098265935,-0.2622168018332438,1,0,0
650,34.887842278414595,-0.2589445171226548,1,0,0
651,34.837112588855554,-0.2656702237405425,1,0,0
652,34.8675403549082,-0.265828441133306,1,0,0
653,34.86718831337878,-0.2652826207693129,1,0,0
654,34.888912076435254,-0.2593275583154334,1,0,0
655,34.82990044559352,-0.2540327160016832,1,0,0
656,34.82010812593511,-0.2328350768342517,1,0,0
657,34.86862188759401,-0.2651361978617137,1,0,0
658,34.88802123165869,-0.258948622917669,1,0,0
659,34.86915874494331,-0.2651484932444521,1,0,0
660,34.83203812151924,-0.254977875656905,1,0,0
661,34.81920548897327,-0.2335315003945526,1,0,0
662,34.83007939965845,-0.2540368052938048,1,0,0
663,34.84252409737318,-0.2618501907797108,1,0,0
664,34.88873116268644,-0.2595026551962782,1,0,0
665,34.83150125972209,-0.2549656068350522,1,0,0
666,34.83221316689599,-0.2553403991331448,1,0,0
667,34.832584756459944,-0.2540940610210594,1,0,0
668,34.83149930549958,-0.2551448238926832,1,0,0
669,34.8670210895393,-0.2642032732329427,1,0,0
670,34.83656013557781,-0.2670916848281407,1,0,0
671,34.84377091032068,-0.2624164727021032,1,0,0
672,34.81831070445955,-0.2335110460819091,1,0,0
673,34.844128816090745,-0.2624246557206174,1,0,0
674,34.83149539731583,-0.2555032580112928,1,0,0
675,34.81848573609229,-0.2338735772497403,1,0,0
676,34.81902260665296,-0.2338858495714725,1,0,0
677,34.84429995951174,-0.263145602947779,1,0,0
678,34.83113748959269,-0.2554950793312533,1,0,0
679,34.86791194231351,-0.264582180606238,1,0,0
680,34.88856789624254,-0.2580649261546436,1,0,0
681,34.83729154131527,-0.2656743123944937,1,0,0
682,34.84288786151483,-0.2613207305416607,1,0,0
683,34.86451379864216,-0.2643251137074485,1,0,0
684,34.846433727609856,-0.2644491977588183,1,0,0
685,34.845006010290255,-0.2640580378171595,1,0,0
686,34.8331118450859,-0.2550024147501923,1,0,0
687,34.83097807939814,-0.2536988181929331,1,0,0
688,34.86933378774893,-0.2655110072153369,1,0,0
689,34.81938444587292,-0.2335355914183648,1,0,0
690,34.88821587333278,-0.2575191049152007,1,0,0
691,34.86684213695635,-0.2641991751398356,1,0,0
692,34.81866469294688,-0.2338776679698875,1,0,0
693,34.84197942923,-0.2625547753139602,1,0,0
694,34.84448086455587,-0.2629704805469872,1,0,0
695,34.88837717745906,-0.2591360376106016,1,0,0
696,34.83728959142623,-0.2658535280540912,1,0,0
697,34.84198333367533,-0.2621963463456782,1,0,0
698,34.86717854182799,-0.2661786619580797,1,0,0
699,34.84625477500702,-0.2644451060134977,1,0,0
700,34.83078153581596,-0.2553076836287095,1,0,0
701,34.83008526356772,-0.2534991530800374,1,0,0
702,34.864515753285005,-0.2641459048117418,1,0,0
703,34.865052611070645,-0.2641581971596062,1,0,0
704,34.83727789392168,-0.2669288220349927,1,0,0
705,34.88837325635192,-0.2594944434978123,1,0,0
706,34.84518105936857,-0.2644205566683147,1,0,0
707,34.832567166352746,-0.2557070121347627,1,0,0
708,34.81885150088937,-0.2331648782771096,1,0,0
709,34.818853463879144,-0.2329856581632497,1,0,0
710,34.82972735529003,-0.2534909742834345,1,0,0
711,34.888560052181475,-0.258781737728428,1,0,0
712,34.84394791075866,-0.2625997781809866,1,0,0
713,34.8369180401122,-0.2670998611579618,1,0,0
714,34.83692388806475,-0.2665622138929775,1,0,0
715,34.83257889230699,-0.254631711382255,1,0,0
716,34.837635798496684,-0.2669369988827282,1,0,0
717,34.81849358698445,-0.2331566964285813,1,0,0
718,34.865233518491515,-0.263983085999427,1,0,0
719,34.86701913455499,-0.2643824815062129,1,0,0
720,34.84465981736411,-0.2629745721108846,1,0,0
721,34.84270500296448,-0.2616750677169571,1,0,0
722,34.86932401517195,-0.2664070457416062,1,0,0
723,34.86862775241953,-0.2645985742324356,1,0,0
724,34.88838698175739,-0.2582400229122534,1,0,0
725,34.86773298978444,-0.2645780823338116,1,0,0
726,34.81812389755442,-0.2342238365652684,1,0,0
727,34.86433875539349,-0.263962598530702,1,0,0
728,34.84466176973497,-0.2627953582897546,1,0,0
729,34.845002106758585,-0.2644164652985795,1,0,0
730,34.834947616247504,-0.2672341102447193,1,0,0
731,34.831682167989555,-0.254790479376482,1,0,0
732,34.8455409163809,-0.2642495259606724,1,0,0
733,34.868275712833686,-0.2640527534260121,1,0,0
734,34.84269914534986,-0.2622127106284101,1,0,0
735,34.845360011977526,-0.2644246480917126,1,0,0
736,34.86718049596351,-0.2659994537180865,1,0,0
737,34.83025835372235,-0.2540408946396169,1,0,0
738,34.82954644649957,-0.2536661025021743,1,0,0
739,34.86648618678584,-0.2640117707090371,1,0,0
740,34.830075490821024,-0.2543952401085578,1,0,0
741,34.84234319191686,-0.2620253139860165,1,0,0
742,34.88837521686176,-0.2593152405536451,1,0,0
743,34.84589882164251,-0.2642577091645207,1,0,0
744,34.81831266720149,-0.2333318258328717,1,0,0
745,34.83729349129144,-0.265495096736022,1,0,0
746,34.8885757417029,-0.2573481145988571,1,0,0
747,34.83274612018219,-0.2557111018330861,1,0,0
748,34.888385020722815,-0.2584192258496764,1,0,0
749,34.81884953798662,-0.2333440983921017,1,0,0
750,34.840163458302655,-0.2485310144095402,0,0,0
751,35.006992396444566,-0.2322981568823205,0,1,0
752,34.8776291289925,-0.1948969754227958,0,1,0
753,34.818020828191095,-0.1947830977173856,0,0,0
754,34.968763242846784,-0.2253193388310129,0,1,0
755,35.07473344592861,-0.1618327953209557,0,1,0
756,34.897385795359,-0.1729461368945792,0,1,0
757,34.88668184502001,-0.2504932201292915,0,0,0
758,35.021935578989755,-0.2245800645620171,0,1,0
759,35.02637487496223,-0.1798794260427122,0,0,0
760,35.016376234683,-0.1617248937137869,0,0,0
761,34.835632272728446,-0.2210004551107126,0,0,0
762,34.846798582582906,-0.1664031802555157,0,0,0
763,34.936452428819955,-0.1691887543966228,0,1,0
764,34.880735734944025,-0.2214975180728721,0,0,0
765,35.084118369557835,-0.2025518567745071,0,1,0
766,34.938495516987565,-0.2106396782901005,0,0,0
767,35.030235305509414,-0.267067227029727,0,0,0
768,35.02636636219689,-0.1965462298570914,0,1,0
769,34.8880388813173,-0.257335795689381,0,0,0
770,35.04139567460446,-0.2614120260192026,0,0,0
771,34.95086131287267,-0.1455051366094486,0,0,0
772,34.976124279657256,-0.175306004097644,0,0,0
773,34.99732078068993,-0.2327909047275849,0,0,0
774,34.872535383397164,-0.2673768580902507,0,0,0
775,34.94208340512855,-0.1938744173323328,0,0,0
776,34.819317511154416,-0.2233159606220292,0,1,0
777,35.1147430178866,-0.1539896960047329,0,1,0
778,35.02120141031814,-0.242305389039243,0,0,0
779,34.88439505384018,-0.2305440883155783,0,0,0
780,34.89390886189682,-0.1477712496384399,0,1,0
781,34.80531648551533,-0.1943129042702239,0,1,0
782,35.04715786732561,-0.2421911419838221,0,1,0
783,34.821891255125806,-0.1525652765435377,0,1,0
784,34.89095406977888,-0.1878545951590722,0,1,0
785,35.091523698721815,-0.1808625740015905,0,0,0
786,34.84869720176782,-0.2049873760839039,0,0,0
787,34.8578837792233,-0.2322658845549021,0,0,0
788,34.91113057159782,-0.2085743625117011,0,0,0
789,35.0652837481787,-0.1901054923636748,0,1,0
790,34.94358918515217,-0.1872775355138704,0,0,0
791,34.904992639781206,-0.1650557033569926,0,0,0
792,34.84074704093079,-0.1954834574793493,0,0,0
793,34.87352315171271,-0.2100389302064946,0,0,0
794,34.86972099321259,-0.1977623457332987,0,1,0
795,34.91580957722297,-0.2224838506038293,0,0,0
796,35.10428293756068,-0.1765021566243522,0,1,0
797,35.05009935428032,-0.1714719211071,0,1,0
798,34.85391283350986,-0.2027767545483779,0,0,0
799,34.99685555814737,-0.2424581032987275,0,0,0
800,34.83277958574069,-0.2037259837297969,0,0,0
801,34.89899253934159,-0.2378702342953904,0,0,0
802,34.89188163775652,-0.233404855660074,0,0,0
803,34.826782047409644,-0.1957009385675661,0,0,0
804,34.84223283751095,-0.2068109154399557,0,0,0
805,34.8672881078876,-0.2561430022423764,0,0,0
806,34.81374227351779,-0.2256981860998426,0,1,0
807,34.82070424134395,-0.2111576827558812,0,0,0
808,35.04066130040209,-0.21480011308496,0,1,0
809,34.88684901328259,-0.2515725473972278,0,0,0
810,35.00498725831874,-0.1557246324196418,0,1,0
811,35.05159986760133,-0.2451617156366092,0,1,0
812,35.09014680871744,-0.1759919711568621,0,1,0
813,34.8654811794672,-0.1605592295485838,0,1,0
814,34.8875222220361,-0.1585579296704079,0,0,0
815,34.970347095731626,-0.1796526778288723,0,0,0
816,34.879193257771604,-0.24781188035907,0,0,0
817,35.058826970155835,-0.1912092724851857,0,1,0
818,35.07544012686887,-0.1942851006583841,0,0,0
819,34.97623907614228,-0.1969951757715515,0,0,0
820,34.83326638462021,-0.1759515403773224,0,0,0
821,34.90190518791123,-0.2334560833185409,0,0,0
822,34.852073651708466,-0.1749496268950287,0,0,0
823,35.02161091179101,-0.2055756345810861,0,1,0
824,34.863249197248415,-0.2164352892331589,0,0,0
825,34.8659059796626,-0.2844333503649698,0,1,0
826,35.04045325231355,-0.1538633053655882,0,0,0
827,34.86636799357315,-0.1612966775437683,0,1,0
828,34.95404832373945,-0.1486260630076787,0,0,0
829,34.995502476914965,-0.1872262980865574,0,1,0
830,34.896843570507755,-0.2055565047649269,0,0,0
831,34.858843373098324,-0.1618403943824817,0,0,0
832,34.833795984893214,-0.2089478721848641,0,0,0
833,35.059435916680364,-0.2007214438026589,0,1,0
834,34.86952068117157,-0.2158622952642052,0,0,0
835,34.91864050593132,-0.1772010597370069,0,1,0
836,34.94886955034045,-0.1633823536732875,0,0,0
837,35.045967933229555,-0.2204791022360666,0,1,0
838,34.88936843062031,-0.1695347084771724,0,0,0
839,35.07516631302762,-0.2027012480937332,0,1,0
840,34.89359303319963,-0.1599527993398068,0,0,0
841,34.861197381512085,-0.2402290767872588,0,0,0
842,34.96827064381239,-0.1573800715179683,0,0,0
843,34.95326974093286,-0.1541642274441461,0,0,0
844,35.10669699999238,-0.1688533055338785,0,1,0
845,34.95635558256388,-0.2304094664792933,0,1,0
846,34.91365415085208,-0.2231511612891165,0,0,0
847,35.01278106779513,-0.2591358356629202,0,0,0
848,34.861627113130794,-0.2664100787555039,0,0,0
849,34.96671407736125,-0.2003590673470071,0,0,0
850,35.01328429486946,-0.2621941865564483,0,1,0
851,34.85056032182725,-0.2308432152084404,0,0,0
852,35.01256874440638,-0.213788778886714,0,0,0
853,35.06529710027145,-0.1573111621470561,0,1,0
854,35.02471348617242,-0.2002713008079565,0,1,0
855,35.03546843120256,-0.2309876622470748,0,1,0
856,35.01489223339263,-0.2787193833448652,0,0,0
857,34.98784126833185,-0.1840016004696149,0,0,0
858,35.057021894596595,-0.1608810655715891,0,1,0
859,34.895397564898644,-0.2555329828619405,0,0,0
860,34.96254167626008,-0.1574263108066652,0,1,0
861,34.8533367560671,-0.2880896420714648,0,0,0
862,34.983395531056125,-0.1973403202663422,0,0,0
863,34.85857367606903,-0.1539469132262029,0,1,0
864,34.944106038780824,-0.1890818448777245,0,0,0
865,34.85236601514295,-0.1487847361223882,0,1,0
866,34.85617289611919,-0.1605241163402767,0,0,0
867,35.02867105258879,-0.2145212860841841,0,1,0
868,34.824238862405764,-0.1667811048771748,0,0,0
869,34.9378631400873,-0.2192284197266288,0,0,0
870,35.014098045671126,-0.2695609357105737,0,1,0
871,35.001754338153816,-0.2043975253682252,0,0,0
872,34.842135470063404,-0.1671922570179493,0,0,0
873,34.98735061706482,-0.1481452427868105,0,0,0
874,34.94610318736345,-0.2187017408902908,0,0,0
875,34.92255616093526,-0.2113472083313861,0,0,0
876,35.05560265995604,-0.2393409182717679,0,1,0
877,34.88571303497552,-0.1762618809376401,0,0,0
878,34.99017584154905,-0.1833389088677653,0,0,0
879,34.797573641022275,-0.1984382189437541,0,1,0
880,35.03525733093257,-0.2499792671658697,0,1,0
881,34.99485134292822,-0.2456377048535269,0,0,0
882,35.07352957161163,-0.1575037395947627,0,1,0
883,35.1116550583798,-0.1736285993464635,0,1,0
884,34.7772642395123,-0.1734133431125209,0,1,0
885,34.80444741581144,-0.1919625174131181,0,1,0
886,34.89025297728372,-0.1544982414473467,0,0,0
887,34.906738994092976,-0.2333880452668861,0,0,0
888,35.07677981799009,-0.1866106708374873,0,1,0
889,34.788195454237126,-0.1885430809457115,0,1,0
890,34.86332175621688,-0.1296775984598745,0,0,0
891,35.048603746142625,-0.2088918244684375,0,1,0
892,35.04468873158366,-0.2068293571478132,0,1,0
893,35.0181461999581,-0.1952797423875263,0,0,0
894,34.8330679563648,-0.2426323749726368,0,1,0
895,35.01084741730375,-0.1757544300387734,0,0,0
896,34.84788044392698,-0.2141108023128538,0,0,0
897,34.849436824782885,-0.2028532553679027,0,0,0
898,34.99666082970449,-0.1797258617092643,0,0,0
899,34.98700707001564,-0.2427678462263603,0,0,0
900,35.03460846910801,-0.1641212481464888,0,1,0
901,34.87480024170786,-0.256673669537253,0,0,0
902,34.989247201688855,-0.170413198945577,0,0,0
903,35.005707059208554,-0.2675745981082292,0,0,0
904,35.08352777476769,-0.1914276028863603,0,1,0
905,35.070812591371244,-0.1760774292020263,0,0,0
906,35.06349210533066,-0.1902428831212808,0,0,0
907,35.03479454205027,-0.2272085414924151,0,0,0
908,34.87214320714867,-0.237791307676522,0,0,0
909,34.87864957910169,-0.2158928066645837,0,0,0
910,34.92440945816943,-0.2056542906111911,0,0,0
911,34.90316973819282,-0.232409703880316,0,0,0
912,34.98290885728173,-0.2249297535929315,0,0,0
913,34.80426213799941,-0.1763618735676118,0,0,0
914,35.045088298622815,-0.2674116337912195,0,1,0
915,34.956010047451805,-0.1651609861252563,0,1,0
916,34.87872136641569,-0.1293161510702625,0,0,0
917,34.873249242972804,-0.1383316513529636,0,0,0
918,35.01819544423499,-0.2228802832596248,0,1,0
919,34.966163495188724,-0.1537465478329115,0,0,0
920,35.01172368720378,-0.1933382506212827,0,0,0
921,34.9886950879163,-0.2358171741732617,0,0,0
922,34.97401902571512,-0.1714933612923126,0,0,0
923,35.03449850664049,-0.2700334389750424,0,1,0
924,35.04753623797467,-0.2726654933761343,0,1,0
925,35.06844850864665,-0.1951971001805383,0,0,0
926,35.03071190767993,-0.2401962733274785,0,0,0
927,35.02017377703711,-0.1741793305242007,0,1,0
928,34.882982764121984,-0.2450308472186949,0,0,0
929,35.04352747291531,-0.230637325466426,0,1,0
930,35.09495049589429,-0.1628437231468857,0,1,0
931,34.97615298404078,-0.2046999500279937,0,0,0
932,34.839478434746326,-0.1968884295524093,0,0,0
933,34.89550743226524,-0.1648366742803198,0,0,0
934,35.01843239164986,-0.2660769432568872,0,0,0
935,35.03953940697025,-0.1871754090684994,0,0,0
936,34.86114097845696,-0.1805358637417688,0,0,0
937,34.927978705574766,-0.2066328665572882,0,1,0
938,34.938585933147664,-0.170492801358469,0,0,0
939,35.09066399679869,-0.1935656111515193,0,1,0
940,34.984832886765005,-0.1491620292299613,0,0,0
941,34.92378236036364,-0.1816216567536263,0,0,0
942,34.870363488263976,-0.2368542121073162,0,0,0
943,34.896617042676176,-0.1937210159376273,0,0,0
944,34.81447027430461,-0.240952443191924,0,0,0
945,34.82519101463994,-0.2591237532181694,0,0,1
946,34.922226095336065,-0.2088302316492337,0,0,0
947,35.0513805067662,-0.1689928966232512,0,1,0
948,34.98396651334234,-0.1943067308315769,0,0,0
949,34.88945871599333,-0.1614706029613631,0,1,0
950,34.96569236172215,-0.1956754334316334,0,0,0
951,34.99403992662345,-0.2380915844935628,0,0,0
952,34.97133051816805,-0.1717894260882033,0,0,0
953,34.9950441808741,-0.2443876129888859,0,0,0
954,34.94788859113476,-0.1551148309230032,0,0,0
955,34.93603638455819,-0.1584248831183477,0,0,0
956,35.06101207973254,-0.1563149357326576,0,1,0
957,34.89123846781371,-0.2593809408641111,0,0,0
958,34.87247306346812,-0.1917310529533352,0,0,0
959,34.94293565303774,-0.2137892390608089,0,0,0
960,34.78416647647336,-0.1805629133854461,0,1,0
961,34.843081522021066,-0.2272659423519881,0,0,0
962,35.06971537382417,-0.1939722381472394,0,0,0
963,34.82023452083567,-0.2050519227794865,0,0,0
964,34.889775617280144,-0.22959224783148,0,0,0
965,35.05939266558742,-0.2365617692240635,0,1,0
966,34.97862240811,-0.1601296951938221,0,1,0
967,34.89772769652239,-0.1743879989818356,0,0,0
968,34.87543141658747,-0.2317722202114493,0,0,0
969,34.827094018259324,-0.1836974396572197,0,1,0
970,34.82031654247488,-0.2301508720653156,0,0,0
971,35.020125278638176,-0.1784794026660209,0,0,0
972,35.04641312650217,-0.2771196729874736,0,1,0
973,34.96698560089885,-0.2242028545328072,0,1,0
974,34.91518160133397,-0.230714503234035,0,0,0
975,35.02692641537063,-0.2264881138895715,0,1,0
976,34.948586281255125,-0.156744117932202,0,1,0
977,34.932170251412,-0.2160499990276862,0,0,0
978,34.844087832485016,-0.2661881489481901,0,1,0
979,34.99755425563516,-0.2602172041805314,0,0,0
980,35.10905820166179,-0.1658623433458404,0,1,0
981,34.85012569319227,-0.2378242946259429,0,1,0
982,34.83938109824248,-0.2546079526714022,0,0,0
983,34.9730764635263,-0.1598216450903346,0,1,0
984,34.8398623039651,-0.1463457628961928,0,0,0
985,35.06309143335108,-0.209946187947728,0,1,0
986,34.8114890968976,-0.1542983345352425,0,0,0
987,34.898788749238314,-0.2238843848406771,0,0,0
988,34.83967731105067,-0.1468792882202269,0,0,0
989,34.90306941697645,-0.2091055770258677,0,0,0
990,34.85815951117501,-0.2561131735954572,0,0,0
991,34.99027450927013,-0.2548514045660329,0,0,0
992,34.9355908096869,-0.1982052447412979,0,0,0
993,34.88725525454377,-0.1985243010633853,0,0,0
994,34.803182674332625,-0.1607407033892888,0,0,0
995,35.03365986467361,-0.2166086120379096,0,1,0
996,35.07877270783279,-0.1845068109797555,0,0,0
997,34.79373133578602,-0.1574764333671576,0,1,0
998,34.90039739182426,-0.2241006462741338,0,0,0
999,35.06943353232009,-0.2031050845388929,0,1,0
1000,34.829544491936545,-0.2538453200397941,1,0,0
1001,34.94471131040517,-0.2150848999811731,1,0,0
1002,34.95154960831835,-0.2118374751870086,1,0,0
1003,34.95136865577126,-0.2120125254324901,1,0,0
1004,34.949662832383105,-0.2044452867372435,1,0,0
1005,34.95367918582184,-0.213499799357888,1,0,0
1006,34.95089359916587,-0.2064453131980027,1,0,0
1007,34.95194940249227,-0.2080828239355681,1,0,0
1008,34.9501677815405,-0.2073246984514945,1,0,0
1009,34.95268519782565,-0.2063075088019121,1,0,0
1010,34.95423998196711,-0.2113619747532816,1,0,0
1011,34.95250823350274,-0.2061241835366185,1,0,0
1012,34.945425156289296,-0.215280624722927,1,0,0
1013,34.94818126999841,-0.2088918794661367,1,0,0
1014,34.949197235830404,-0.2141131396454226,1,0,0
1015,34.94578705568259,-0.2149305161288175,1,0,0
1016,34.94145821711765,-0.2178775304781452,1,0,0
1017,34.83710868921338,-0.2660286551495638,1,0,0
1018,34.94955714599327,-0.2139422233453733,1,0,0
1019,34.94563398287904,-0.2125969313820518,1,0,0
1020,34.95367320845863,-0.2140373588063744,1,0,0
1021,34.95181991471618,-0.2197299744830035,1,0,0
1022,34.95088561739788,-0.2071620618154036,1,0,0
1023,34.94522629700842,-0.2170683766635197,1,0,0
1024,34.831145306112894,-0.2547782107437129,1,0,0
1025,34.953691142920974,-0.212424680492093,1,0,0
1026,34.950179753598846,-0.2062495744514824,1,0,0
1027,34.94162723369966,-0.218777610317461,1,0,0
1028,34.947105516455764,-0.2090462493754398,1,0,0
1029,34.952627352140084,-0.2115039236862549,1,0,0
1030,34.94146020578572,-0.21769834092564,1,0,0
1031,34.95243444105511,-0.2127540939663176,1,0,0
1032,34.94433150284256,-0.2170477092889421,1,0,0
1033,34.94638568953377,-0.2093880817427322,1,0,0
1034,34.94562203350211,-0.2136720623422075,1,0,0
1035,34.953754967547006,-0.2066907139107031,1,0,0
1036,34.95511086018539,-0.213532897698264,1,0,0
1037,34.943271677129616,-0.2157685865417418,1,0,0
1038,34.94254589303036,-0.2166480000183365,1,0,0
1039,34.949964887047734,-0.2094708096176497,1,0,0
1040,34.94932088496414,-0.203003510391738,1,0,0
1041,34.944166472190545,-0.215789253867892,1,0,0
1042,34.94415254400625,-0.217043575975398,1,0,0
1043,34.941454240044926,-0.2182359095866108,1,0,0
1044,34.94309470805809,-0.2155852641016724,1,0,0
1045,34.94798038144946,-0.2108588097602017,1,0,0
1046,34.954228021259695,-0.2124370927718527,1,0,0
1047,34.94448659420965,-0.2192021081841736,1,0,0
1048,34.83113748959269,-0.2554950793312533,1,0,0
1049,34.945779093548275,-0.2156472699786852,1,0,0
1050,34.962003116739105,-0.205447679661737,1,0,0
1051,34.9537350126846,-0.2084825783401548,1,0,0
1052,34.94468345238544,-0.2175935423096541,1,0,0
1053,34.94580696716635,-0.2131386315848496,1,0,0
1054,34.950527697033,-0.2071537863576936,1,0,0
1055,34.95013587151448,-0.210191695988428,1,0,0
1056,34.94978393325018,-0.2096458601534112,1,0,0
1057,34.94527805580654,-0.2124094732404821,1,0,0
1058,34.95103864622004,-0.2094956321776595,1,0,0
1059,34.82990044559352,-0.2540327160016832,1,0,0
1060,34.94557426761213,-0.2179725865978877,1,0,0
1061,34.95207851500089,-0.2125666334357459,1,0,0
1062,34.94014986376034,-0.2228659227033131,1,0,0
1063,34.94360373291626,-0.2181063104424394,1,0,0
1064,34.94269700876975,-0.2191607822980565,1,0,0
1065,34.94937619505696,-0.2141172752256749,1,0,0
1066,34.94800629820791,-0.208529367199176,1,0,0
1067,34.944727237001864,-0.2136513901806072,1,0,0
1068,34.943084759217186,-0.2164812097943223,1,0,0
1069,34.95510288975348,-0.2142496421996368,1,0,0
1070,34.94200702706995,-0.2168147909959447,1,0,0
1071,34.9510466235181,-0.2087788836790948,1,0,0
1072,34.94636575886453,-0.2111799647024119,1,0,0
1073,34.94306287949456,-0.218452290419498,1,0,0
1074,34.945944122046164,-0.2169057231027304,1,0,0
1075,34.94362760522709,-0.2159560423140333,1,0,0
1076,34.946926556523806,-0.2090421132420216,1,0,0
1077,34.94488230822045,-0.2158057886971228,1,0,0
1078,34.95260941505698,-0.2131166043652827,1,0,0
1079,34.942553851280074,-0.2159312429206687,1,0,0
1080,34.83746854386055,-0.265857616717328,1,0,0
1081,34.95425593449845,-0.2099284841265717,1,0,0
1082,34.945983934967984,-0.2133219547710417,1,0,0
1083,34.942354999541884,-0.2177190031026221,1,0,0
1084,34.94455026889376,-0.2134680671450875,1,0,0
1085,34.952979291326464,-0.2120497582349385,1,0,0
1086,34.943239849576315,-0.2186356121624608,1,0,0
1087,34.943237861100634,-0.2188148012735444,1,0,0
1088,34.941997082042555,-0.2177107380704622,1,0,0
1089,34.95354009532779,-0.2099119320214552,1,0,0
1090,34.83729349129144,-0.265495096736022,1,0,0
1091,34.94525814155051,-0.2142013590801825,1,0,0
1092,34.94236693413423,-0.2166438671532634,1,0,0
1093,34.94164910931972,-0.2168065257317822,1,0,0
1094,34.94835225448434,-0.2096127672087899,1,0,0
1095,34.950316825021645,-0.2100166455120789,1,0,0
1096,34.95195139751153,-0.2079036370421912,1,0,0
1097,34.94324581553023,-0.2180980448361242,1,0,0
1098,34.93997487782654,-0.2225034122187589,1,0,0
1099,34.95016578650495,-0.2075038857888805,1,0,0
1100,34.952261460264715,-0.2122123966151466,1,0,0
1101,34.949660836016086,-0.2046244741903442,1,0,0
1102,34.942913759097905,-0.2157603199878468,1,0,0
1103,34.94869223408354,-0.2112337295568558,1,0,0
1104,34.95350421182049,-0.2131372892580412,1,0,0
1105,34.94792262063829,-0.216055259253339,1,0,0
1106,34.94707761213483,-0.2115548830139093,1,0,0
1107,34.95315625765614,-0.2122330820887117,1,0,0
1108,34.83078153581596,-0.2553076836287095,1,0,0
1109,34.95248827773528,-0.2079160510641806,1,0,0
1110,34.95070865250144,-0.2069787368588024,1,0,0
1111,34.94835424821842,-0.2094335794101084,1,0,0
1112,34.952987264791226,-0.2113330116406771,1,0,0
1113,34.94398751318046,-0.2157851202950742,1,0,0
1114,34.95279036709423,-0.212941554534245,1,0,0
1115,34.95244440597778,-0.2118581600319799,1,0,0
1116,34.94920321107819,-0.2135755768373367,1,0,0
1117,34.94034471275915,-0.2214365345663438,1,0,0
1118,34.94866035814442,-0.2141007332274395,1,0,0
1119,34.94982382857928,-0.2060621115581286,1,0,0
1120,34.946391670447284,-0.2088505168773535,1,0,0
1121,34.955289819476135,-0.2135370352329174,1,0,0
1122,34.95389203220513,-0.2104577672112763,1,0,0
1123,34.94522032865978,-0.2176059424932318,1,0,0
1124,34.93999673072484,-0.220532322940858,1,0,0
1125,34.94289585377727,-0.2173730226681953,1,0,0
1126,34.94216410950939,-0.2187900068187605,1,0,0
1127,34.950515727313615,-0.2082289098554678,1,0,0
1128,34.94344665642101,-0.2161310979964103,1,0,0
1129,34.947982374519206,-0.2106796218639626,1,0,0
1130,34.83078739818999,-0.2547700319236423,1,0,0
1131,34.94596601480562,-0.2149346504632276,1,0,0
1132,34.94346058698783,-0.2148767746769888,1,0,0
1133,34.94726653569585,-0.2106630781873743,1,0,0
1134,34.94325377136482,-0.2173812884171259,1,0,0
1135,34.94236295558555,-0.2170022457984416,1,0,0
1136,34.94524221646909,-0.2156348678349725,1,0,0
1137,34.94402932303326,-0.2120221533722335,1,0,0
1138,34.83637923423895,-0.2672668126340181,1,0,0
1139,34.95122159460116,-0.2091413952972442,1,0,0
1140,34.944685441673144,-0.2174143535644218,1,0,0
1141,34.9425498719796,-0.2162896214671983,1,0,0
1142,34.95140055450793,-0.2091455327222384,1,0,0
1143,34.94815934112797,-0.2108629457691422,1,0,0
1144,34.830970260885664,-0.2544156869310694,1,0,0
1145,34.94237489228524,-0.2159271098767195,1,0,0
1146,34.940171714998336,-0.2208948338919434,1,0,0
1147,34.949658839736905,-0.2048036616445966,1,0,0
1148,34.94307282350587,-0.2175563446635094,1,0,0
1149,34.94631597061802,-0.2156596726065549,1,0,0
1150,34.95458195384873,-0.2128037403971185,1,0,0
1151,34.93979591972944,-0.2224992815822053,1,0,0
1152,34.946538740940895,-0.2117216649138128,1,0,0
1153,34.940891522550075,-0.2205529793893485,1,0,0
1154,34.94471529152742,-0.2147265225241119,1,0,0
1155,34.9510585921011,-0.207703760965946,1,0,0
1156,34.94912994354784,-0.2040744975770657,1,0,0
1157,34.94685881959165,-0.2151345111346116,1,0,0
1158,34.952082500783284,-0.212208259681848,1,0,0
1159,34.95337509774609,-0.2086534883255627,1,0,0
1160,34.94960297958887,-0.2098209108336327,1,0,0
1161,34.95215031285995,-0.2061159065730954,1,0,0
1162,34.94675357817964,-0.2085004125723665,1,0,0
1163,34.94848139891367,-0.2140965978623788,1,0,0
1164,34.954216063716046,-0.2135122108320265,1,0,0
1165,34.94977595840138,-0.2103626099279694,1,0,0
1166,34.94636974429572,-0.2108215881012421,1,0,0
1167,34.950694687348204,-0.2082330472889321,1,0,0
1168,34.95281229240071,-0.2109705008886934,1,0,0
1169,34.941275281364554,-0.2182317774467241,1,0,0
1170,34.95389402635394,-0.2102785807951624,1,0,0
1171,34.94182607903894,-0.21698984779428,1,0,0
1172,34.951257507121426,-0.2059160280465707,1,0,0
1173,34.945051317466216,-0.2167058657775196,1,0,0
1174,34.95013387788463,-0.2103708833443127,1,0,0
1175,34.95125351543557,-0.2062744021670227,1,0,0
1176,34.952329273181874,-0.206120045027945,1,0,0
1177,34.94290778986741,-0.2162978875376009,1,0,0
1178,34.95333721032719,-0.2120580327828926,1,0,0
1179,34.83764359667962,-0.2662201365792718,1,0,0
1180,34.95297729817996,-0.2122289448863924,1,0,0
1181,34.95071264333597,-0.2066203624606047,1,0,0
1182,34.945081173330244,-0.2140180361481552,1,0,0
1183,34.94253395828999,-0.2177231356993864,1,0,0
1184,34.83728569190956,-0.266211959376612,1,0,0
1185,34.95037432579549,-0.2209512077360318,1,0,0
1186,34.9476224620893,-0.2108505379037638,1,0,0
1187,34.952126367587056,-0.2082661486941076,1,0,0
1188,34.94397159580421,-0.2172186316374792,1,0,0
1189,34.94946790354438,-0.205874648702252,1,0,0
1190,34.95368516397595,-0.2129622399197879,1,0,0
1191,34.94684687655561,-0.2162096403129227,1,0,0
1192,34.95000079328904,-0.2062454366872775,1,0,0
1193,34.94612706065728,-0.2165514802344444,1,0,0
1194,34.94289386473625,-0.217552211860668,1,0,0
1195,34.94581095051704,-0.2127802546898956,1,0,0
1196,34.94129119156531,-0.2167982606827807,1,0,0
1197,34.945767152981645,-0.2167224007880731,1,0,0
1198,34.831322305787666,-0.2549615173351493,1,0,0
1199,34.94982552225813,-0.2220139301252743,1,0,0
1200,34.945286023968045,-0.2116927189369052,1,0,0
1201,34.95320611329913,-0.2077534172680238,1,0,0
1202,34.94145622853738,-0.2180567200318041,1,0,0
1203,34.94308078029552,-0.216839588079442,1,0,0
1204,34.951615427824215,-0.2059243045613451,1,0,0
1205,34.94937818674306,-0.2139380876665671,1,0,0
1206,34.949648859658865,-0.2056995989332604,1,0,0
1207,34.94654870398366,-0.2108257236258892,1,0,0
1208,34.94912195820104,-0.204791247924066,1,0,0
1209,34.962015104923154,-0.2043725734719675,1,0,0
1210,34.953031143979715,-0.2073909057029094,1,0,0
1211,34.9483104063608,-0.2133757112478595,1,0,0
1212,34.94649293922647,-0.215842995209864,1,0,0
1213,34.9436415365814,-0.2147017193157305,1,0,0
1214,34.95126911719438,-0.2209718795565418,1,0,0
1215,34.94960497340813,-0.2096417233469837,1,0,0
1216,34.83728374228189,-0.2663911750395367,1,0,0
1217,34.962369029482495,-0.2047392258874809,1,0,0
1218,34.94218001858963,-0.2173564918158253,1,0,0
1219,34.951640956269095,-0.21972583953678,1,0,0
1220,34.94342875201477,-0.2177437994900275,1,0,0
1221,34.947385743744874,-0.2160428554414282,1,0,0
1222,34.94218996461842,-0.2164605449764018,1,0,0
1223,34.944868379345216,-0.2170601095523124,1,0,0
1224,34.95297131926768,-0.2127665048476819,1,0,0
1225,34.94144231093393,-0.2193110469396181,1,0,0
1226,34.95125151972444,-0.206453589228985,1,0,0
1227,34.94216609783711,-0.2186108174393596,1,0,0
1228,34.94378468050862,-0.217931254353966,1,0,0
1229,34.946546711199446,-0.211004911881157,1,0,0
1230,34.94669778075922,-0.2135176824837042,1,0,0
1231,34.953365124296994,-0.2095494210370203,1,0,0
1232,34.9399987178787,-0.220353133013395,1,0,0
1233,34.943788658573915,-0.2175728764127995,1,0,0
1234,34.94399945490093,-0.2147099868366713,1,0,0
1235,34.94110228827593,-0.2176900764313756,1,0,0
1236,34.9396348400417,-0.2208824407751212,1,0,0
1237,34.95391397267554,-0.2084867166975818,1,0,0
1238,34.95409891834978,-0.2079532960363761,1,0,0
1239,34.944160502441804,-0.2163268204784882,1,0,0
1240,34.954088942648625,-0.2088492278295727,1,0,0
1241,34.94398552320108,-0.2159643092088437,1,0,0
1242,34.94417642352815,-0.2148933095399633,1,0,0
1243,34.94091736400068,-0.2182235133283183,1,0,0
1244,34.962897918667416,-0.2054683883953095,1,0,0
1245,34.95262336550651,-0.2118622971623945,1,0,0
1246,34.95315825082734,-0.2120538954820071,1,0,0
1247,34.95369512932371,-0.2120663075460725,1,0,0
1248,34.95404507566448,-0.2127913280630829,1,0,0
1249,34.96218007937923,-0.2056310056250372,1,0,0
1250,35.043992295975166,-0.2532286168652293,0,1,0
1251,34.92395445424391,-0.2305581115350631,0,0,0
1252,35.04191788217199,-0.1985211402255317,0,0,0
1253,34.97568816601805,-0.1982369982024706,0,0,0
1254,34.895388546746965,-0.2238061579668236,0,1,0
1255,35.03375017258675,-0.1608753866267485,0,1,0
1256,34.811482439095954,-0.1709700570594501,0,1,0
1257,34.85142584838549,-0.2498642995259578,0,0,0
1258,34.95124526062081,-0.2231221249749665,0,1,0
1259,34.92794464810131,-0.1775953591064716,0,0,0
1260,34.97181358982128,-0.1606884612864085,0,0,0
1261,35.020138015370875,-0.2252551942550887,0,1,0
1262,35.11292206370068,-0.1724039446949946,0,1,0
1263,34.85645474899577,-0.1673423567999322,0,0,0
1264,34.81004512098671,-0.220056391790057,0,1,0
1265,34.92197975940485,-0.1987870892554854,0,0,0
1266,34.88928155035357,-0.2095051024981025,0,1,0
1267,34.85324955095869,-0.2631710302806859,0,1,0
1268,34.877649036120964,-0.1931049216199061,0,1,0
1269,34.84419329656921,-0.2565105959284947,0,1,0
1270,34.895010216631825,-0.2582127843290356,0,0,0
1271,34.90146589375568,-0.144360977082289,0,0,0
1272,34.88843153283247,-0.1732773230956695,0,0,0
1273,34.913388074708514,-0.2310316885836232,0,1,0
1274,35.006570246211645,-0.2704620717307637,0,0,0
1275,34.79551313913951,-0.1905031742067867,0,1,0
1276,35.00364401337706,-0.2275608155215726,0,1,0
1277,35.063021474930615,-0.1527777887253609,0,1,0
1278,34.980576578019694,-0.2415437598416871,0,0,0
1279,34.831600686159234,-0.2295127002222159,0,0,0
1280,34.87762271484379,-0.147395198543641,0,0,0
1281,34.96369975504586,-0.1977800469139566,0,0,0
1282,35.00671199849261,-0.241431844458214,0,1,0
1283,35.13025379158402,-0.1595505210123323,0,1,0
1284,35.08924646424422,-0.1922780746426306,0,1,0
1285,34.99470432052096,-0.1786050640155266,0,0,0
1286,34.99419395049155,-0.2081649811138758,0,0,0
1287,34.81296358366306,-0.2314169111346036,0,0,0
1288,34.83167218732983,-0.20674805630071,0,0,0
1289,34.93822029607293,-0.1871533465096652,0,0,0
1290,34.816704185852764,-0.1843555095368724,0,0,0
1291,34.84324925430565,-0.1636326667971076,0,0,0
1292,34.997161513918456,-0.1989142716779473,0,0,0
1293,34.84632122105075,-0.2094143197664079,0,1,0
1294,35.01181825770914,-0.2008676275092064,0,1,0
1295,34.84511904868997,-0.2210385685270762,0,0,0
1296,35.02178041415748,-0.1745751758451464,0,0,0
1297,34.97922918565434,-0.1698220412003399,0,0,0
1298,34.978113547584165,-0.20546228207254,0,0,0
1299,34.888048629293465,-0.2401282004648384,0,0,0
1300,34.9686126598754,-0.206676052441277,0,0,0
1301,34.856577948980075,-0.2370758542911273,0,0,0
1302,34.84767732717927,-0.2325697317117786,0,0,0
1303,34.97961730057046,-0.1990449778362119,0,0,0
1304,35.027637379121025,-0.2109129696706645,0,1,0
1305,34.82666364270818,-0.2553928639501573,0,1,0
1306,35.00486881615132,-0.230098291026773,0,0,0
1307,34.8496957439037,-0.2118220890221718,0,0,0
1308,35.03726108135368,-0.214721018217732,0,1,0
1309,34.85230886399622,-0.250960055774554,0,0,0
1310,34.9765314629061,-0.155062748762686,0,1,0
1311,35.01079618417731,-0.2443939824244831,0,0,0
1312,35.00836009325685,-0.1740835866444215,0,0,0
1313,34.814296606323715,-0.1593822554942742,0,0,0
1314,34.84367524887925,-0.1575476317765172,0,0,0
1315,34.86869540664072,-0.1773038731305077,0,0,0
1316,34.84071599536148,-0.2471095778992363,0,0,0
1317,34.928005394280795,-0.188171870629537,0,0,0
1318,34.936565586218904,-0.1910582938874216,0,0,0
1319,34.82286866785291,-0.1934600677708852,0,0,0
1320,35.074512033499595,-0.1813607918793895,0,0,0
1321,34.85734297026339,-0.2326119965004872,0,0,0
1322,35.09886729020541,-0.1804968541234954,0,0,0
1323,34.85428265485201,-0.2017097056259369,0,0,0
1324,34.99585763033769,-0.21949457345681,0,0,0
1325,34.867695477998325,-0.2844742813215783,0,0,0
1326,34.9930268683803,-0.1527579130164697,0,0,0
1327,34.813035845518606,-0.1600703889690313,0,1,0
1328,34.90214746718323,-0.1474239143251598,0,0,0
1329,34.87237580602898,-0.1843794616547974,0,0,0
1330,35.037508243955884,-0.2086335554424394,0,1,0
1331,34.80354260410915,-0.160569687504053,0,0,0
1332,34.802120004852966,-0.2082227565126412,0,1,0
1333,34.90069729007318,-0.1970414860355763,0,0,0
1334,34.98566498089446,-0.2185414814475378,0,0,0
1335,34.820746809133496,-0.1749471398019411,0,0,0
1336,34.88247299249438,-0.1618471799208966,0,0,0
1337,34.914968343979275,-0.2176249380075337,0,0,0
1338,34.813307968182734,-0.1677851158673923,0,0,0
1339,34.91195393132173,-0.1989142323526096,0,0,0
1340,34.84616676855645,-0.1588597672426062,0,0,0
1341,34.820214499762024,-0.2394703001066611,0,0,0
1342,34.93301411401892,-0.1565625077027961,0,1,0
1343,34.901369108770965,-0.1529625430761171,0,0,0
1344,35.04728053774443,-0.1674635132280514,0,1,0
1345,34.874749124018805,-0.2287092801270399,0,1,0
1346,34.84171094772403,-0.221677498254109,0,0,0
1347,34.87856414826712,-0.256222214383912,0,0,0
1348,34.87844862445098,-0.2667953334137997,0,0,0
1349,34.80314321215694,-0.1965936627700107,0,1,0
1350,34.85526690268053,-0.2587357896657272,0,0,0
1351,35.05063380783685,-0.2354619997229635,0,1,0
1352,35.00254703304156,-0.2135561807248265,0,0,0
1353,35.03630446563194,-0.1566338638058554,0,0,0
1354,34.865079912587994,-0.1965801173637409,0,0,0
1355,34.97605276874163,-0.2297894163058072,0,0,0
1356,35.019723889142696,-0.2788311743877177,0,0,0
1357,34.874020402519285,-0.1813700314053965,0,1,0
1358,35.01764927870043,-0.1599623762652286,0,0,0
1359,34.8658682327022,-0.2550349513827739,0,0,0
1360,34.90903047745544,-0.156186793070902,0,0,0
1361,34.85441045230492,-0.288114171632893,0,1,0
1362,34.829488293039745,-0.1937910920523179,0,1,0
1363,34.826180481171704,-0.1532016237764495,0,1,0
1364,34.811852314201765,-0.1860369859105795,0,0,0
1365,34.83214255972624,-0.1483193105449014,0,0,0
1366,34.80463037991961,-0.1593397487294695,0,0,0
1367,35.02527083219856,-0.2144422596799237,0,1,0
1368,35.087498921035035,-0.1727044055150179,0,1,0
1369,34.831559603020764,-0.2169634181860114,0,0,0
1370,35.03199318759438,-0.2699753747378411,0,1,0
1371,34.83317314963767,-0.2005082924403168,0,0,0
1372,35.105395374249454,-0.1731234968694902,0,1,0
1373,34.97410696059538,-0.1478372892494014,0,0,0
1374,34.8272724722456,-0.2161481900853004,0,0,0
1375,34.899649313371135,-0.2108192559002198,0,0,0
1376,35.003524583302486,-0.2383112582029789,0,0,0
1377,34.78853507908067,-0.1740297500526989,0,0,0
1378,34.878502489658594,-0.1807562413644062,0,0,0
1379,34.9235644812476,-0.2011537916858808,0,0,0
1380,34.995885426748146,-0.2492460768037767,0,0,0
1381,34.88264452471474,-0.2432305887560746,0,0,0
1382,35.04453694501185,-0.1568260391037818,0,0,0
1383,35.03845853261493,-0.1719171875590295,0,0,0
1384,35.02352155364428,-0.1789169059878751,0,0,0
1385,34.97571622145884,-0.1957284655168763,0,0,0
1386,34.858217747691285,-0.1537594582530849,0,0,0
1387,34.86181886268656,-0.2325353761290184,0,0,0
1388,34.96116970168372,-0.1839206828714802,0,0,0
1389,34.97360276649296,-0.192632606594792,0,0,0
1390,34.85419422218917,-0.1294670435105171,0,0,0
1391,34.910983440479065,-0.2057030832619618,0,0,0
1392,34.88326640518957,-0.2030929692394293,0,1,0
1393,34.872471072470866,-0.1919102596108981,0,0,0
1394,35.035466097729,-0.2472959288395445,0,1,0
1395,34.92404957162772,-0.1737412668769483,0,1,0
1396,34.92805419400551,-0.2159550264468289,0,1,0
1397,34.97524818223182,-0.2055751252786258,0,0,0
1398,34.8966198668527,-0.1774096326832449,0,0,0
1399,34.87784224124143,-0.2404316089036254,0,0,0
1400,34.98431900121845,-0.1629504544801845,0,1,0
1401,34.832565212331886,-0.2558862289307613,0,1,0
1402,34.91748208100185,-0.1687499310083443,0,0,0
1403,35.04865545249399,-0.2685696556051849,0,1,0
1404,34.953780046355604,-0.188409560039787,0,0,0
1405,34.98741517532966,-0.174134350801861,0,0,0
1406,34.93589177440199,-0.1872787371678717,0,0,0
1407,34.96070418486437,-0.2256707023390854,0,1,0
1408,34.83169712179202,-0.2370439067212826,0,1,0
1409,34.990677814662,-0.2184784029413123,0,0,0
1410,35.05827359879137,-0.2085794563585213,0,1,0
1411,34.85413355792889,-0.2314628849958925,0,0,0
1412,34.910607900582086,-0.2234394820290945,0,0,0
1413,35.04228647043767,-0.1816838753257355,0,1,0
1414,34.86810262641137,-0.2635110309035386,0,0,0
1415,34.8846025295467,-0.1635095506385087,0,0,0
1416,34.87657371150025,-0.1292665381116494,0,0,0
1417,34.866806322907586,-0.1381829759520061,0,0,0
1418,34.93336732631711,-0.2210962733462401,0,0,0
1419,34.94039215473099,-0.1531486960911486,0,0,0
1420,34.87141720985122,-0.1900934864655071,0,0,0
1421,34.900109696636754,-0.2339525225935398,0,0,0
1422,34.892589810686445,-0.1696090240250135,0,1,0
1423,35.052393636799934,-0.2704484890306018,0,1,0
1424,34.82491849931393,-0.2677221645817614,0,0,1
1425,34.92653169148412,-0.1919018454954257,0,0,0
1426,34.98614998880525,-0.239342755991561,0,0,0
1427,34.93910271938328,-0.1722971303923524,0,1,0
1428,34.8421790004509,-0.2442749036310023,0,0,0
1429,34.98124848768231,-0.2293719574092698,0,0,0
1430,35.05235657189337,-0.1618473261631748,0,1,0
1431,34.809898269502014,-0.2008714253678717,0,0,0
1432,34.983544427973726,-0.2000321546071644,0,0,0
1433,34.83376402737122,-0.1634146247235643,0,1,0
1434,34.84967830832012,-0.2623723073804934,0,1,0
1435,34.9196341545181,-0.1843936665922091,0,0,0
1436,35.088426573250835,-0.1856285126236692,0,1,0
1437,35.0718644712973,-0.2097923412047123,0,1,0
1438,34.857335576758416,-0.1686174227024829,0,0,0
1439,34.95501073560224,-0.1904096110086216,0,0,0
1440,34.96979955792129,-0.1488125691511132,0,0,0
1441,34.812824605880785,-0.1790678522476924,0,1,0
1442,34.82633824204299,-0.2360250206920604,0,0,0
1443,35.06949603964023,-0.1975512069378183,0,1,0
1444,35.01776350494751,-0.2456307766497124,0,0,0
1445,35.00539655162549,-0.2632661498076852,0,0,0
1446,34.842767739841484,-0.2070024434868863,0,0,0
1447,34.9878477925182,-0.1675130875772709,0,0,0
1448,34.83882808981402,-0.1909579093946156,0,0,0
1449,34.83720039587951,-0.1602668976786251,0,0,0
1450,34.81536413716046,-0.1922125107731853,0,1,0
1451,34.891138189309004,-0.2358972333259334,0,0,0
1452,34.89222787021352,-0.1699591691970958,0,1,0
1453,34.884268899695044,-0.2420131358563911,0,0,0
1454,34.89616696103225,-0.1539178281370261,0,0,0
1455,34.87966172875857,-0.1571218164166682,0,1,0
1456,35.034345993078084,-0.1556920956314955,0,0,0
1457,34.834687259765595,-0.2582651198515456,0,1,0
1458,35.052331886304344,-0.1957172162286853,0,0,0
1459,34.972106003128644,-0.2144637493091173,0,0,0
1460,35.003577949195495,-0.1854424771645854,0,0,0
1461,35.03671314314818,-0.2317334309723774,0,1,0
1462,34.93137767509417,-0.1907591412270224,0,1,0
1463,34.97396347892697,-0.2084130091132705,0,0,0
1464,34.8342968507738,-0.2284988451926463,0,0,0
1465,35.014293767475415,-0.2356933855092935,0,0,0
1466,34.93620728480575,-0.1591457909524327,0,0,0
1467,34.80717133702714,-0.1723053616841642,0,0,0
1468,34.82639519618421,-0.2308276913419178,0,0,0
1469,35.03737773019115,-0.1883795317506248,0,0,0
1470,35.02039022491242,-0.2347595027273404,0,1,0
1471,34.92545319074938,-0.1762830782585296,0,1,0
1472,35.052676388513696,-0.2772649452899017,0,1,0
1473,34.89540042153931,-0.2227309515676007,0,0,0
1474,34.86077664407328,-0.2296433960489146,0,0,0
1475,34.95373079799872,-0.2249718707499844,0,1,0
1476,34.895790912563555,-0.1555223665215119,0,0,0
1477,35.017175660879694,-0.2180177511581996,0,1,0
1478,34.860372494085915,-0.2665606184743648,0,0,0
1479,34.8526002059651,-0.2570614511811859,0,0,0
1480,35.05858989368633,-0.1646810626074793,0,1,0
1481,35.05610362802792,-0.2425782996016873,0,1,0
1482,35.044103758173044,-0.2593243455014513,0,0,0
1483,34.93119822726986,-0.1588505574633507,0,0,0
1484,34.824113032401435,-0.1459835341574986,0,0,0
1485,34.93406136280871,-0.2069525393957355,0,0,0
1486,35.11269261897145,-0.1611093353021561,0,1,0
1487,34.82523494776603,-0.222375765174813,0,0,0
1488,34.82285423220848,-0.1464923948990179,0,0,0
1489,34.8415071010381,-0.2076905696065492,0,0,0
1490,35.054650062324484,-0.2606444577710765,0,1,0
1491,34.86876286032919,-0.2522332335421752,0,0,0
1492,35.08824656960901,-0.2015730897310192,0,0,0
1493,35.02666798881346,-0.2015712641693061,0,1,0
1494,35.084161635423044,-0.1670710798435099,0,1,0
1495,34.816938188892095,-0.2117885414949166,0,0,0
1496,34.96960509739385,-0.1819654469454543,0,0,0
1497,35.083301413850855,-0.1640045242763771,0,1,0
1498,34.82648568741962,-0.2225836536248608,0,0,0
1499,34.90478949642018,-0.1992867562360506,0,0,0
1500,34.861856295944364,-0.2782461022692109,1,0,0
1501,34.87868618692706,-0.2287996949521008,1,0,0
1502,34.829602888365386,-0.2158430300513514,1,0,0
1503,34.87784472528083,-0.2239405966110804,1,0,0
1504,34.89782060054002,-0.1820977408840146,1,0,0
1505,34.890000028277385,-0.225474705499986,1,0,0
1506,34.87264406243042,-0.1924519969709746,1,0,0
1507,34.8579536285597,-0.2096812707065221,1,0,0
1508,34.8760801699042,-0.2054371712260619,1,0,0
1509,34.873540865434634,-0.1922933782875363,1,0,0
1510,34.83104837682454,-0.2146213005317453,1,0,0
1511,34.87372380996064,-0.1919390833401393,1,0,0
1512,34.879577025899,-0.2291786574540118,1,0,0
1513,34.85256899316282,-0.2109917276665014,1,0,0
1514,34.88424769080026,-0.227672714794932,1,0,0
1515,34.88727614062083,-0.2289970539858181,1,0,0
1516,34.858255870669296,-0.2801355663675254,1,0,0
1517,34.85685413539123,-0.2119863574191156,1,0,0
1518,34.87941978651961,-0.2272032912426842,1,0,0
1519,34.88195285413434,-0.2247519881477749,1,0,0
1520,34.87960071903908,-0.2270281972288947,1,0,0
1521,34.87790129935055,-0.2513672509118508,1,0,0
1522,34.875545272931305,-0.2052456196829434,1,0,0
1523,34.87542155754364,-0.2326682505564174,1,0,0
1524,34.89030656355626,-0.2301421958113529,1,0,0
1525,34.88070212480083,-0.2245439983006904,1,0,0
1526,34.872828997473206,-0.1919184946926759,1,0,0
1527,34.87720511422069,-0.2495587760497548,1,0,0
1528,34.84916479828205,-0.2112721348009743,1,0,0
1529,34.847337636551586,-0.2146361279515607,1,0,0
1530,34.8714569200024,-0.235086777375037,1,0,0
1531,34.87891254501745,-0.2245028808301976,1,0,0
1532,34.87596631550717,-0.2319637522825249,1,0,0
1533,34.84862000734972,-0.2119766688471913,1,0,0
1534,34.88032247511597,-0.2265070274429621,1,0,0
1535,34.79064156941903,-0.1939771887103213,1,0,0
1536,34.85700321755996,-0.2801069268622337,1,0,0
1537,34.889950624222394,-0.2299547663048021,1,0,0
1538,34.88062116897475,-0.2318913931429765,1,0,0
1539,34.85381181921272,-0.2119165328275421,1,0,0
1540,34.90142388294012,-0.180029912106644,1,0,0
1541,34.881901497039586,-0.2294113034124596,1,0,0
1542,34.87971652214769,-0.2327668678651107,1,0,0
1543,34.87341756229658,-0.2358487795898809,1,0,0
1544,34.88530366021936,-0.2293102221326583,1,0,0
1545,34.85933151948795,-0.2799809063659323,1,0,0
1546,34.87981128749903,-0.2241650289924459,1,0,0
1547,34.830627990889774,-0.2529737698730473,1,0,0
1548,34.881598891144705,-0.2243853545468353,1,0,0
1549,34.88350619002637,-0.229985918450608,1,0,0
1550,34.87159816435437,-0.1899183972324895,1,0,0
1551,34.85132616751131,-0.2100669220618549,1,0,0
1552,34.880607361933144,-0.2331458265994467,1,0,0
1553,34.88212588316659,-0.2252937136495343,1,0,0
1554,34.87464848491329,-0.2054042507017097,1,0,0
1555,34.83071019913165,-0.2128209310771321,1,0,0
1556,34.856313298674,-0.2123324557959473,1,0,0
1557,34.8787335870334,-0.2244987693789287,1,0,0
1558,34.85452567983753,-0.2121121719344621,1,0,0
1559,34.8451888668782,-0.2637037018875087,1,0,0
1560,34.87198591074454,-0.235815925170404,1,0,0
1561,34.87622619948309,-0.2246204205502468,1,0,0
1562,34.84448086455587,-0.2629704805469872,1,0,0
1563,34.8784735094075,-0.2481538681088426,1,0,0
1564,34.831176586127974,-0.251910736572206,1,0,0
1565,34.87887896432322,-0.2275493689536327,1,0,0
1566,34.85132220973799,-0.2104253460209417,1,0,0
1567,34.87835591539274,-0.2262825997705037,1,0,0
1568,34.881883733352026,-0.2310241434906982,1,0,0
1569,34.88049353216653,-0.2272279580415874,1,0,0
1570,34.88043826675349,-0.232245692621323,1,0,0
1571,34.852572950759075,-0.2106333043224883,1,0,0
1572,34.84805940342352,-0.2141149068576015,1,0,0
1573,34.870910202677464,-0.2359704938179864,1,0,0
1574,34.876147244554744,-0.231788655169412,1,0,0
1575,34.89137833147384,-0.2303460803720113,1,0,0
1576,34.854177653465825,-0.2112079015711074,1,0,0
1577,34.88010402911546,-0.2300870137783396,1,0,0
1578,34.88087515412011,-0.2250857244019668,1,0,0
1579,34.87849144088132,-0.2302292269819366,1,0,0
1580,34.87597420426066,-0.2312469285563869,1,0,0
1581,34.855768506026,-0.2130369769645705,1,0,0
1582,34.87675319602033,-0.2255287812336779,1,0,0
1583,34.880428405140904,-0.2331417167470306,1,0,0
1584,34.87908162358053,-0.2254030179972581,1,0,0
1585,34.93565010978752,-0.2250921571151706,1,0,0
1586,34.87684916875342,-0.2493713607447984,1,0,0
1587,34.87917165037175,-0.2497831374924957,1,0,0
1588,34.87468404892596,-0.2346230861648453,1,0,0
1589,34.8305351886566,-0.2124583972385149,1,0,0
1590,34.87573018884952,-0.2047121171861297,1,0,0
1591,34.88675112053827,-0.2279094959830803,1,0,0
1592,34.88151398096135,-0.2320911493228205,1,0,0
1593,34.88008824358666,-0.2315206529963853,1,0,0
1594,34.85932957329486,-0.2801601166053377,1,0,0
1595,34.84861012022239,-0.2128727321471126,1,0,0
1596,34.8567028879842,-0.2094733005740624,1,0,0
1597,34.87341559259296,-0.2360279861720711,1,0,0
1598,34.84465200875243,-0.2636914274065612,1,0,0
1599,34.85707467114943,-0.20822704355428,1,0,0
1600,34.87659004283356,-0.2240910246555443,1,0,0
1601,34.882413733798884,-0.1831765938286745,1,0,0
1602,34.879396094723774,-0.2293537520155414,1,0,0
1603,34.83087731290721,-0.2139003330501954,1,0,0
1604,34.87640318185526,-0.2248037370029341,1,0,0
1605,34.88386410446002,-0.2299941416395176,1,0,0
1606,34.82906995633059,-0.2154722997651102,1,0,0
1607,34.88070805416693,-0.2240063841189514,1,0,0
1608,34.831878715092294,-0.2531816163680179,1,0,0
1609,34.85473234692139,-0.209607323059341,1,0,0
1610,34.87626310059056,-0.2050828750057229,1,0,0
1611,34.85094846253435,-0.2118508297747661,1,0,0
1612,34.83087336495583,-0.214258767183739,1,0,0
1613,34.8788493552746,-0.2302374469822071,1,0,0
1614,34.87765786324562,-0.2246533072868864,1,0,0
1615,34.8792803427106,-0.2236150784830293,1,0,0
1616,34.878178932800964,-0.2260992835627357,1,0,0
1617,34.843245767588044,-0.2613289135561815,1,0,0
1618,34.88729194451555,-0.2275634291516117,1,0,0
1619,34.8719361758822,-0.1917187006013468,1,0,0
1620,34.8507793939606,-0.2109506631905145,1,0,0
1621,34.88069224427219,-0.2254400219596843,1,0,0
1622,34.84932200443948,-0.2132475777262749,1,0,0
1623,34.87092596000032,-0.2345368362098358,1,0,0
1624,34.84145428455231,-0.2614672152413318,1,0,0
1625,34.88096527551453,-0.2331540464655201,1,0,0
1626,34.877004565111456,-0.2515259343906055,1,0,0
1627,34.85580412769454,-0.2098111812019861,1,0,0
1628,34.87991915174696,-0.2306205181622747,1,0,0
1629,34.82963051794496,-0.2133339867227045,1,0,0
1630,34.87576764301918,-0.2337517034003129,1,0,0
1631,34.881545556566415,-0.2292238766026841,1,0,0
1632,34.880837624251406,-0.228490613676342,1,0,0
1633,34.85558361227911,-0.2135705025908559,1,0,0
1634,34.8754117006842,-0.2335642809297132,1,0,0
1635,34.881148176883165,-0.2327997471816076,1,0,0
1636,34.88476283923659,-0.2296562930767022,1,0,0
1637,34.87820066520837,-0.2241280246458864,1,0,0
1638,34.87360636868735,-0.234956853962626,1,0,0
1639,34.8566811125474,-0.2114446176939131,1,0,0
1640,34.87899280712586,-0.2334672502331425,1,0,0
1641,34.87865658742432,-0.2314877737674691,1,0,0
1642,34.85238607604942,-0.2113460444140806,1,0,0
1643,34.828552812179666,-0.2136678282711245,1,0,0
1644,34.86023600465129,-0.2791053165242616,1,0,0
1645,34.860949860096014,-0.2793008963939519,1,0,0
1646,34.84091547301516,-0.2616341572885586,1,0,0
1647,34.88312359856271,-0.183730696896438,1,0,0
1648,34.879173735678,-0.2332921544252848,1,0,0
1649,34.89102436743448,-0.2299794483958947,1,0,0
1650,34.8789105689833,-0.2246820860048387,1,0,0
1651,34.84448476933594,-0.2626120528170588,1,0,0
1652,34.82978184767142,-0.2158471285741032,1,0,0
1653,34.83402029909008,-0.2537683504454542,1,0,0
1654,34.882086377216616,-0.2288778014243292,1,0,0
1655,34.855992987812165,-0.2089192351347436,1,0,0
1656,34.90087698677033,-0.1809135222145556,1,0,0
1657,34.8867372935655,-0.2291639186601714,1,0,0
1658,34.85950268560034,-0.2807018390907974,1,0,0
1659,34.853469729621104,-0.2104746275751333,1,0,0
1660,34.855235583567314,-0.2126662335799375,1,0,0
1661,34.872471072470866,-0.1919102596108981,1,0,0
1662,34.85365066876923,-0.210299523318599,1,0,0
1663,34.88747287796068,-0.2273883394170212,1,0,0
1664,34.876218297698784,-0.2253372439304038,1,0,0
1665,34.854511832758625,-0.2133666503012723,1,0,0
1666,34.829988437248026,-0.213342185063768,1,0,0
1667,34.8573630643793,-0.2799358985818569,1,0,0
1668,34.8278369737339,-0.213651433881468,1,0,0
1669,34.87430249622433,-0.2367653471587099,1,0,0
1670,34.83089113348055,-0.2126458136184852,1,0,0
1671,34.87882173790436,-0.2327463200392335,1,0,0
1672,34.87247505455275,-0.191551846296907,1,0,0
1673,34.87614330047832,-0.2321470669480224,1,0,0
1674,34.85254525491286,-0.2131422678261401,1,0,0
1675,34.87300795997279,-0.1919226123143931,1,0,0
1676,34.85914478487698,-0.2806936556232113,1,0,0
1677,34.87919937704176,-0.2309624876922082,1,0,0
1678,34.87730587501054,-0.224107468557895,1,0,0
1679,34.87828881148823,-0.2323755812713711,1,0,0
1680,34.9358270833219,-0.2252754768311174,1,0,0
1681,34.791363352873674,-0.1934558763441532,1,0,0
1682,34.88693600526334,-0.2273759994846376,1,0,0
1683,34.87307540979561,-0.2344069123339539,1,0,0
1684,34.8739662521102,-0.2347858622153829,1,0,0
1685,34.843422767725784,-0.2615122192668681,1,0,0
1686,34.83141814006401,-0.2135541975107857,1,0,0
1687,34.85723382829525,-0.2100232574086486,1,0,0
1688,34.86059779966055,-0.2787550815927447,1,0,0
1689,34.871940157989684,-0.1913602870227178,1,0,0
1690,34.87980140671229,-0.2250610537528867,1,0,0
1691,34.879207269663745,-0.2302456671975264,1,0,0
1692,34.87372580113185,-0.1917598769940261,1,0,0
1693,34.87918951323078,-0.2318585133361007,1,0,0
1694,34.87468207843876,-0.2348022924276745,1,0,0
1695,34.87747890527894,-0.2246491962565751,1,0,0
1696,34.879191485818176,-0.2316793082050476,1,0,0
1697,34.87936255289083,-0.2324002383902281,1,0,0
1698,34.87911126839538,-0.2227149410965068,1,0,0
1699,34.87855462904831,-0.2244946579814484,1,0,0
1700,34.83030097183474,-0.2174723794114316,1,0,0
1701,34.85258680509384,-0.2093788226543009,1,0,0
1702,34.87252278008432,-0.2358282451746319,1,0,0
1703,34.875610373580834,-0.231776328870306,1,0,0
1704,34.87319289602341,-0.1913891105546515,1,0,0
1705,34.879421761404046,-0.2270240861856543,1,0,0
1706,34.87212111177872,-0.1911851977653597,1,0,0
1707,34.85468683676774,-0.2137291793713513,1,0,0
1708,34.88204782055263,-0.183885165558297,1,0,0
1709,34.89783059930061,-0.1812017393387417,1,0,0
1710,34.87570835670008,-0.2066833820911041,1,0,0
1711,34.87693412919414,-0.2253536861564816,1,0,0
1712,34.88475889052598,-0.2300147005525872,1,0,0
1713,34.88209230087992,-0.228340188229132,1,0,0
1714,34.831691940966245,-0.2538943943323997,1,0,0
1715,34.850405649586,-0.2123761486271444,1,0,0
1716,34.877480881115964,-0.2244699907258887,1,0,0
1717,34.882417727357,-0.1828181855258365,1,0,0
1718,34.87989153475796,-0.2331293875122964,1,0,0
1719,34.830447081647414,-0.2531488974652085,1,0,0
1720,34.873958371428294,-0.2355026879899017,1,0,0
1721,34.880275092765835,-0.2308079437018419,1,0,0
1722,34.88045207668223,-0.2309912588929656,1,0,0
1723,34.87560840157273,-0.2319555348925381,1,0,0
1724,34.88141598030597,-0.2247396513461602,1,0,0
1725,34.82974495127976,-0.2518780169042701,1,0,0
1726,34.872463109355486,-0.1926270862526705,1,0,0
1727,34.87683346207031,-0.2508050069922233,1,0,0
1728,34.87448145253568,-0.2367694542492407,1,0,0
1729,34.83159512538863,-0.213737514034833,1,0,0
1730,34.87711308706538,-0.2253577968474416,1,0,0
1731,34.848260110218135,-0.2121476711692979,1,0,0
1732,34.83382961540412,-0.2548395587395535,1,0,0
1733,34.87486891758965,-0.2340895752485584,1,0,0
1734,34.88745904846222,-0.228642760823258,1,0,0
1735,34.87953362116415,-0.2331211682912339,1,0,0
1736,34.831335987612555,-0.2537069976525521,1,0,0
1737,34.85025042843476,-0.2102214959040875,1,0,0
1738,34.857058828138506,-0.2096607279438632,1,0,0
1739,34.87938228032176,-0.2306081875418795,1,0,0
1740,34.85221305203575,-0.2108043025792512,1,0,0
1741,34.87938425354555,-0.2304289824632881,1,0,0
1742,34.88351606159739,-0.2290898982110455,1,0,0
1743,34.87127205443986,-0.2356202921356177,1,0,0
1744,34.871234263961945,-0.1904477828023457,1,0,0
1745,34.830137793317974,-0.2160345430371122,1,0,0
1746,34.87694993494937,-0.2239200408383691,1,0,0
1747,34.935648125594895,-0.2252713481464905,1,0,0
1748,34.88231077001473,-0.2247602129510774,1,0,0
1749,34.8710513185205,-0.1908020793756236,1,0,0
1750,34.892597167787464,-0.2497327870783472,0,0,0
1751,34.98229637938094,-0.2317261398569804,0,0,0
1752,34.92290849673997,-0.1957614448830825,0,0,0
1753,34.86151061137898,-0.1956017996035028,0,0,0
1754,35.04589588510175,-0.2269289832480069,0,0,0
1755,34.97952330939047,-0.1596129458899075,0,1,0
1756,35.04127539299671,-0.1761047480298248,0,1,0
1757,35.028234453171414,-0.2537590341585291,0,1,0
1758,34.853178104275514,-0.2206855773755543,0,0,0
1759,34.797837292383704,-0.1746012698873604,0,0,0
1760,34.89646856540862,-0.158943711705054,0,0,0
1761,34.91938675728029,-0.2227455218354445,0,0,0
1762,35.02111310414438,-0.1702584398524517,0,1,0
1763,35.09716504119862,-0.1727514976546752,0,1,0
1764,34.96735346450499,-0.2233152161817705,0,0,0
1765,34.80135952623604,-0.1960150417280965,0,1,0
1766,34.877114249680915,-0.2090459749637975,0,0,0
1767,34.844122958936325,-0.2629622975801668,0,1,0
1768,35.08470975676118,-0.197727251794758,0,1,0
1769,35.05017029649158,-0.2610780542450495,0,1,0
1770,34.86405127593834,-0.2575028796575583,0,0,0
1771,34.887327334830026,-0.1440342398440738,0,0,0
1772,35.11553935745123,-0.1783786968517779,0,0,0
1773,34.992131040837705,-0.2326707026780986,0,0,0
1774,34.880051372220976,-0.2675490645292599,0,0,0
1775,35.002037638942355,-0.1950846146156336,0,1,0
1776,34.91506203648211,-0.2253344965506717,0,0,0
1777,35.03832395887764,-0.1522006827902027,0,0,0
1778,34.85208634995239,-0.2385862389310953,0,0,0
1779,34.88833211064432,-0.230634558195128,0,0,0
1780,34.856146463435515,-0.1468999910476275,0,0,0
1781,34.84880629112842,-0.19513068410872,0,0,0
1782,34.880190325297995,-0.2385137536329077,0,0,0
1783,35.089449446936726,-0.1585932677929083,0,1,0
1784,34.95305617691331,-0.1891097334917847,0,0,0
1785,34.86656581023493,-0.1756415655133342,0,0,0
1786,34.803064150137274,-0.2037626185624498,0,1,0
1787,34.91300247759282,-0.2335322017279667,0,0,0
1788,34.85798135922626,-0.2071723261834292,0,0,0
1789,34.80865081825069,-0.1841709641192437,0,0,0
1790,35.02036620922009,-0.1888795735756554,0,0,0
1791,35.098277495955706,-0.1693727964605209,0,1,0
1792,34.88244717013385,-0.1962626194921345,0,1,0
1793,34.81411035141418,-0.2084970369123065,0,1,0
1794,34.89101941860066,-0.1980732351531412,0,0,0
1795,35.001353454449514,-0.2242817417915167,0,0,0
1796,34.91296979736523,-0.1720512565268611,0,0,0
1797,34.87668190292206,-0.1674496901413848,0,0,0
1798,34.819196348929346,-0.2018013755139331,0,1,0
1799,34.82541403086847,-0.2386928360064463,0,1,0
1800,35.06310551022124,-0.2086920750770011,0,1,0
1801,35.04555723338272,-0.241257899205565,0,1,0
1802,34.99836070618479,-0.2358617608254136,0,0,0
1803,34.86293435733919,-0.196351543273268,0,0,0
1804,35.06110478882512,-0.211512740371947,0,1,0
1805,35.032640869128755,-0.259954471340693,0,1,0
1806,34.97641664713573,-0.2292601536925875,0,0,0
1807,34.82858045431239,-0.2111587814077192,0,0,0
1808,35.00898756145703,-0.2138848613677062,0,0,0
1809,35.03538068782085,-0.2550000714805144,0,1,0
1810,34.93894829529477,-0.1541906545843227,0,0,0
1811,34.87568493324582,-0.2412783559629804,0,0,0
1812,34.900086308487445,-0.1715744919818763,0,1,0
1813,35.08328512579208,-0.1654377540057975,0,1,0
1814,35.12197025559472,-0.1638357630224233,0,1,0
1815,35.07522180784114,-0.1819149880796279,0,0,0
1816,35.00320867714796,-0.2506701293346931,0,0,0
1817,34.793425016979846,-0.1850772598827695,0,1,0
1818,34.79393218069308,-0.187777936482576,0,1,0
1819,35.0224131231878,-0.1978879983995835,0,0,0
1820,34.942615704080325,-0.1782932364742608,0,1,0
1821,35.00480511461125,-0.2358318503951693,0,0,0
1822,34.97269777674363,-0.1775564601765701,0,0,0
1823,34.996737435592046,-0.2048187599236496,0,0,0
1824,34.9670473125832,-0.2186481762049064,0,0,0
1825,34.86984287586732,-0.2845234055426366,0,1,0
1826,34.96385513052974,-0.1520798757265685,0,0,0
1827,35.07916077688677,-0.1660580464858742,0,1,0
1828,34.88192400556729,-0.1469567209871215,0,0,0
1829,35.08265926787605,-0.1890776901564936,0,1,0
1830,34.849420970051376,-0.2042869547757048,0,0,0
1831,35.06698298666706,-0.1664900653927849,0,1,0
1832,35.04014046542891,-0.2133543048420326,0,1,0
1833,35.09845136120737,-0.2014532091520378,0,1,0
1834,34.96938174394503,-0.2179852692068792,0,0,0
1835,35.03335850266649,-0.1796836735465318,0,1,0
1836,34.81124417734463,-0.1602085432384546,0,0,0
1837,34.89063191431903,-0.2168853413098631,0,1,0
1838,35.05562901203451,-0.1732138817883882,0,1,0
1839,35.09342229326091,-0.2029484281027408,0,1,0
1840,35.11945044393166,-0.1650309660816894,0,1,0
1841,35.00131951192724,-0.2434575719617278,0,0,0
1842,34.86858583054745,-0.1550738959019703,0,0,0
1843,34.86521758082157,-0.1521281915266036,0,0,0
1844,34.968893578181984,-0.1656390870285825,0,0,0
1845,34.87331943791594,-0.2284972018805062,0,0,0
1846,34.9947240459451,-0.2248449699778632,0,0,0
1847,34.84724724556907,-0.2555049062179757,0,1,0
1848,34.87612224576372,-0.2667420252717082,0,0,0
1849,34.98371737844888,-0.2005738409108145,0,0,0
1850,34.82269737461661,-0.2579912307886985,0,0,0
1851,34.86952977783099,-0.2312782495603743,0,0,0
1852,34.97123115934496,-0.2126512166622791,0,0,0
1853,34.98136155578188,-0.1553542272315033,0,1,0
1854,35.06014974506102,-0.2009172945054373,0,1,0
1855,34.94437934709536,-0.2288783051087297,0,0,0
1856,34.86242626849834,-0.2752118209627014,0,1,0
1857,35.084662277038234,-0.1860780938224506,0,1,0
1858,34.962527529072844,-0.1586805992202557,0,1,0
1859,34.83884619192487,-0.2544164616122626,0,0,0
1860,34.86196201962056,-0.1551005054548385,0,1,0
1861,34.855842047232024,-0.2881468807149941,0,0,0
1862,35.02813787202744,-0.1982003776314257,0,0,0
1863,35.12219417375267,-0.1598987988990198,0,1,0
1864,35.00602908189796,-0.190338390600579,0,0,0
1865,34.805297243911234,-0.147702554902781,0,0,0
1866,35.07290308447324,-0.1653740546087267,0,1,0
1867,34.99699729950102,-0.2136066691904597,0,0,0
1868,34.99211064434118,-0.1704797436983327,0,1,0
1869,35.04380842184262,-0.2215041260322577,0,1,0
1870,35.031098430743185,-0.2699546400562256,0,0,0
1871,34.98457613425187,-0.2038198054724925,0,0,0
1872,35.010007154717655,-0.1708959612117246,0,1,0
1873,34.95656805511821,-0.1474299141042604,0,0,0
1874,35.05025892026417,-0.2209373690025899,0,1,0
1875,34.87119667174359,-0.2099854609410664,0,0,0
1876,34.88129755752816,-0.2354919265126911,0,1,0
1877,35.00204184441792,-0.1787755982789598,0,0,0
1878,35.08789171131275,-0.185436804371044,0,1,0
1879,35.09017881128314,-0.2048438250157723,0,1,0
1880,34.84323704604279,-0.2457331898828315,0,0,0
1881,35.05730649771676,-0.2470864437197591,0,1,0
1882,34.98959405035832,-0.1555456402664624,0,0,0
1883,34.94181736839793,-0.1696714383228973,0,1,0
1884,34.89681484738003,-0.1759801568046483,0,1,0
1885,34.86064363332248,-0.193072299621012,0,0,0
1886,34.815802335335526,-0.1527839555872059,0,1,0
1887,35.0046281477973,-0.2356485294138023,0,0,0
1888,34.83446336917063,-0.1809983563558686,0,0,0
1889,34.836517465449745,-0.1894707930860545,0,1,0
1890,34.899475947262374,-0.1303337436821469,0,0,0
1891,35.00243411625681,-0.2076392781529641,0,0,0
1892,35.01283584439361,-0.2059093814891446,0,0,0
1893,35.07666861963214,-0.1964642220591426,0,1,0
1894,34.89337594051499,-0.2440147722440966,0,0,0
1895,34.809511826048656,-0.1711041398200274,0,0,0
1896,34.92680346820639,-0.2157469341901828,0,0,0
1897,34.81310968772049,-0.2018412711600792,0,0,0
1898,35.1052937256424,-0.1820809064229334,0,0,0
1899,34.814133911048216,-0.2389728334181755,0,0,0
1900,34.90467892362642,-0.1611050675251945,0,1,0
1901,35.03764758084234,-0.2604290165704834,0,0,0
1902,34.81421875202149,-0.1663718744357736,0,0,0
1903,35.04847650097872,-0.2685655031265301,0,1,0
1904,34.820452490601404,-0.1853377658167323,0,0,0
1905,34.87699377679629,-0.1715796650299402,0,1,0
1906,34.80560644972736,-0.1842804985974613,0,0,0
1907,34.8561947385659,-0.2230851027270886,0,0,0
1908,35.01942378983081,-0.2411888648519332,0,1,0
1909,34.97761583418223,-0.2179966215302783,0,0,0
1910,34.87895545316437,-0.2044277920472784,0,0,0
1911,34.97457343195179,-0.2340566502094283,0,0,0
1912,34.80770881959825,-0.2208993212547506,0,1,0
1913,34.90609496763149,-0.1785245075234015,0,0,0
1914,34.86058661320688,-0.2633389361984859,0,0,0
1915,34.80710996896351,-0.1617271144106562,0,0,0
1916,34.87371017137189,-0.1292003996168437,0,0,0
1917,34.85839473073125,-0.1379889774102671,0,0,0
1918,34.85802776189397,-0.2191835262097673,0,0,0
1919,34.880437908707336,-0.1517621933395022,0,0,0
1920,35.06094019548437,-0.1943050850139483,0,1,0
1921,35.053119230566146,-0.2373118794965308,0,1,0
1922,34.7920110044692,-0.1672969769440078,0,0,0
1923,35.0513199292816,-0.2704235709133568,0,1,0
1924,35.044136169511134,-0.2725866312455101,0,1,0
1925,34.79087792178091,-0.1887837007030952,0,1,0
1926,34.86356511565243,-0.2365190200722557,0,0,0
1927,34.831723499132174,-0.1698211900202422,0,0,0
1928,35.012009163748964,-0.2480064516900807,0,0,0
1929,34.95154358902358,-0.2285060045914562,0,0,0
1930,34.99598216696037,-0.1605332644855356,0,0,0
1931,34.94948986137666,-0.20390358620049,0,0,0
1932,34.86346130695703,-0.1972599285138912,0,0,0
1933,35.088792348388466,-0.1691506772477064,0,1,0
1934,34.832319874470365,-0.2619755125657459,0,1,0
1935,34.79346468224733,-0.1814927354277407,0,1,0
1936,34.95921516195664,-0.1826207779363717,0,0,0
1937,34.88377746161304,-0.2054349741868043,0,0,0
1938,35.09983526997495,-0.1740684183035418,0,1,0
1939,34.813987967463014,-0.1871615205792051,0,0,0
1940,34.949934076022416,-0.1483513671410838,0,0,0
1941,35.021856376677235,-0.1837169747427267,0,0,0
1942,35.01478089300973,-0.2401851173166816,0,0,0
1943,34.95513962313574,-0.1948934050277804,0,0,0
1944,34.87925224079344,-0.242435725234358,0,0,0
1945,34.86670817198851,-0.2600732850787094,0,0,0
1946,34.86889794339821,-0.2074230942180667,0,0,0
1947,34.89084829009189,-0.1652668874371503,0,0,0
1948,35.0412362719187,-0.1954586737441032,0,0,0
1949,35.10475691404275,-0.1662990867298239,0,1,0
1950,35.02099349649227,-0.1967796868987391,0,0,0
1951,34.81866076797369,-0.2342361082985901,0,0,0
1952,34.79003839600329,-0.167610347469673,0,0,0
1953,34.81751840159612,-0.2404842810987285,0,0,0
1954,34.85625713009946,-0.1529972724221544,0,1,0
1955,34.82650838501165,-0.1558981182849964,0,1,0
1956,34.97940304114563,-0.154412572361798,0,0,0
1957,35.039948202018905,-0.2628121312768376,0,1,0
1958,34.9301009417014,-0.1928804991800573,0,0,0
1959,34.95152768974657,-0.2138085323419235,0,0,0
1960,34.87579806431913,-0.1824864742919085,0,0,0
1961,35.021324868071474,-0.2311968727854665,0,1,0
1962,34.787849408723126,-0.1874595303985179,0,1,0
1963,35.04984441027887,-0.2099959707953464,0,1,0
1964,34.858994954018584,-0.2288855114791352,0,0,0
1965,34.8562751354329,-0.2320497476298551,0,0,0
1966,34.863725606084685,-0.1574714539270059,0,0,0
1967,35.03052135899112,-0.1772877906292726,0,1,0
1968,34.909433226720374,-0.2325538305251401,0,0,0
1969,34.911924724316414,-0.1854703406241277,0,1,0
1970,34.839286016998045,-0.2305849432640327,0,0,0
1971,34.800535690493675,-0.1734081870064971,0,0,0
1972,35.034244499558795,-0.2768376172715539,0,1,0
1973,35.049129117353985,-0.225928932422165,0,0,0
1974,34.90516000579318,-0.2304838084112836,0,0,0
1975,34.849400242483064,-0.2223915189952113,0,0,0
1976,34.8499751952839,-0.1544659434117033,0,0,0
1977,35.01091411150237,-0.2176931726321992,0,0,0
1978,34.856614496004894,-0.2664746245381639,0,1,0
1979,34.82128331150518,-0.2563455673295356,0,1,0
1980,34.99201454805581,-0.1631293389898727,0,1,0
1981,34.996332587987986,-0.2411914428098,0,0,0
1982,35.01618711135294,-0.2586770662933901,0,0,0
1983,34.85961136318527,-0.1571974241607058,0,0,0
1984,35.124423622983,-0.1527834959751043,0,1,0
1985,35.0190693701192,-0.2087424629668471,0,0,0
1986,35.064550690453004,-0.1599817979786591,0,1,0
1987,34.97556363214174,-0.2254766513864366,0,1,0
1988,35.12298574146537,-0.1532872923860749,0,1,0
1989,34.844730367223136,-0.2075852391310047,0,1,0
1990,35.021722770798995,-0.2598806058631932,0,1,0
1991,35.05702410550457,-0.2563986374214528,0,0,0
1992,34.97120612178997,-0.1988500535391915,0,0,0
1993,34.90461651197655,-0.1987450346300379,0,0,0
1994,35.01042780784006,-0.1653499561819049,0,0,0
1995,35.060147741078445,-0.2170458404845611,0,1,0
1996,34.83466622631375,-0.1788518728016609,0,0,0
1997,35.02137917941459,-0.1625583268307903,0,0,0
1998,34.976635387588566,-0.2256806780842215,0,0,0
1999,35.082320696767376,-0.2032266783329298,0,1,0
2000,34.8367488347468,-0.2661996939749924,1,0,0
2001,34.94110228827593,-0.2176900764313756,1,0,0
2002,34.94421425863353,-0.2114887213566934,1,0,0
2003,34.952257474432926,-0.2125707702795371,1,0,0
2004,34.92864434205939,-0.1630931728346356,1,0,0
2005,34.943289590007176,-0.2141558847596777,1,0,0
2006,34.914940421019445,-0.1719175464408437,1,0,0
2007,34.79422873129446,-0.1933421328691603,1,0,0
2008,34.77613885531317,-0.1780487795049426,1,0,0
2009,34.91386462312132,-0.172071931136109,1,0,0
2010,34.94618679922496,-0.2111758293210459,1,0,0
2011,34.91530437310493,-0.1713882296539905,1,0,0
2012,34.940014618270034,-0.2189196136351112,1,0,0
2013,34.96200911043543,-0.204910126561634,1,0,0
2014,34.955796813992066,-0.2162372374493629,1,0,0
2015,34.92767044567415,-0.2182762781962727,1,0,0
2016,34.82282636323755,-0.2461627627500988,1,0,0
2017,34.9494599215137,-0.2065913987376139,1,0,0
2018,34.95490401087962,-0.2160373666796781,1,0,0
2019,34.94741361801419,-0.2135342226515804,1,0,0
2020,34.94917931483093,-0.2157258281319603,1,0,0
2021,34.82308651763917,-0.255131896661236,1,0,0
2022,34.90768962689201,-0.1799952722047413,1,0,0
2023,34.94313854927475,-0.2277742582933404,1,0,0
2024,34.95270476109822,-0.2206465837614135,1,0,0
2025,34.95439701574094,-0.2133371617961835,1,0,0
2026,34.908686671592434,-0.1708768517826792,1,0,0
2027,34.832220984351544,-0.2546235316144523,1,0,0
2028,34.949294930552135,-0.2053329484152645,1,0,0
2029,34.94959301181036,-0.2107168482842123,1,0,0
2030,34.82222300422192,-0.2522439530673974,1,0,0
2031,34.94867230898619,-0.2130256068163417,1,0,0
2032,34.93799839591037,-0.2231747399131701,1,0,0
2033,34.951426488794,-0.2068161013631057,1,0,0
2034,34.94112615854888,-0.2155398008179515,1,0,0
2035,34.908459572878954,-0.1751734609421563,1,0,0
2036,34.944005426946696,-0.2141724201230292,1,0,0
2037,34.92890329554773,-0.2200971019841627,1,0,0
2038,34.949087829740456,-0.2239684596318731,1,0,0
2039,34.953041122454145,-0.2064949726133212,1,0,0
2040,34.94308879466944,-0.152135786637239,1,0,0
2041,34.93804408613669,-0.2190533601651444,1,0,0
2042,34.94294570594506,-0.2290244525106003,1,0,0
2043,34.83188262563831,-0.2528231824558389,1,0,0
2044,34.85169893962144,-0.2740702155219257,1,0,0
2045,34.94889112783763,-0.2094459889949544,1,0,0
2046,34.94814140723083,-0.2124756364846467,1,0,0
2047,34.841460142700136,-0.260929571411228,1,0,0
2048,34.95207452956997,-0.2129250071942492,1,0,0
2049,34.92836244915681,-0.2204431042956457,1,0,0
2050,34.79097902972626,-0.1635086229176189,1,0,0
2051,34.79545377560553,-0.1958799468407139,1,0,0
2052,34.94222987716625,-0.2290079330698142,1,0,0
2053,34.94543510980819,-0.2143846819777028,1,0,0
2054,34.77649678468568,-0.1780569622249079,1,0,0
2055,34.80107781123868,-0.2053306151044087,1,0,0
2056,34.95285417932955,-0.2072075806810532,1,0,0
2057,34.94580696716635,-0.2131386315848496,1,0,0
2058,34.94963489123948,-0.2069539111859948,1,0,0
2059,34.83568876869037,-0.2649206522160578,1,0,0
2060,34.83348930263945,-0.2532184292412908,1,0,0
2061,34.94813144702917,-0.2133715758114438,1,0,0
2062,34.83569656963356,-0.2642037880095388,1,0,0
2063,34.89700618446074,-0.2557491660355696,1,0,0
2064,34.891952319512505,-0.2595765701415696,1,0,0
2065,34.946311989929775,-0.2160180492700268,1,0,0
2066,34.96024548436885,-0.2025393093198643,1,0,0
2067,34.95580478095176,-0.2155204936133735,1,0,0
2068,34.93926699031709,-0.2217701295263362,1,0,0
2069,34.9482845197932,-0.2157051530509235,1,0,0
2070,34.93779958731408,-0.2249625149217274,1,0,0
2071,34.797740744855204,-0.1995176631869815,1,0,0
2072,34.9449460378799,-0.2100717512214328,1,0,0
2073,34.83009894907054,-0.2522446312870167,1,0,0
2074,34.93871819935695,-0.2228328794016755,1,0,0
2075,34.952877752893656,-0.2211882789304763,1,0,0
2076,34.94929692651825,-0.2051537608680407,1,0,0
2077,34.9396348400417,-0.2208824407751212,1,0,0
2078,34.9457970103266,-0.2140345738424162,1,0,0
2079,34.93963285320049,-0.2210616307954455,1,0,0
2080,34.949823534451376,-0.2221931176020104,1,0,0
2081,34.951231567445646,-0.2082454599122411,1,0,0
2082,34.94382049574169,-0.2147058530493015,1,0,0
2083,34.94295165654624,-0.2284868848502093,1,0,0
2084,34.95581673402806,-0.2144453778940288,1,0,0
2085,34.951901548390374,-0.2123833097234773,1,0,0
2086,34.831326214445035,-0.2546030831345369,1,0,0
2087,34.831145306112894,-0.2547782107437129,1,0,0
2088,34.82833091764642,-0.2502323401918343,1,0,0
2089,34.949443961669274,-0.2080248988638748,1,0,0
2090,34.909165409858744,-0.176085979209647,1,0,0
2091,34.941297159339264,-0.2162606919152952,1,0,0
2092,34.93619095183556,-0.2247461616733965,1,0,0
2093,34.93800832461829,-0.2222787877423455,1,0,0
2094,34.953037130800745,-0.2068533458456855,1,0,0
2095,34.94801228110654,-0.207991803558977,1,0,0
2096,34.782289668227726,-0.1884080593090235,1,0,0
2097,34.832592576549914,-0.253377193888447,1,0,0
2098,34.84606216176393,-0.2656955086773822,1,0,0
2099,34.77594204567557,-0.1796577629883454,1,0,0
2100,34.95351019042778,-0.2125997296926115,1,0,0
2101,34.92719852060074,-0.1643143905329018,1,0,0
2102,34.952183799942446,-0.2192006839035017,1,0,0
2103,34.954072986096655,-0.2102827187588273,1,0,0
2104,34.95296334861489,-0.2134832514789014,1,0,0
2105,34.952350822432834,-0.2202799401537659,1,0,0
2106,34.944035299030794,-0.2114845867104872,1,0,0
2107,34.94527805580654,-0.2124094732404821,1,0,0
2108,34.840225048623765,-0.2592880007089127,1,0,0
2109,34.790651458899404,-0.1930810539527251,1,0,0
2110,34.90751066282927,-0.17999114101656,1,0,0
2111,34.94928295660033,-0.2064080737228727,1,0,0
2112,34.95424596350724,-0.2108244157595939,1,0,0
2113,34.94088357431956,-0.2212697382164522,1,0,0
2114,34.949565113714975,-0.2132254732994561,1,0,0
2115,34.94832235901449,-0.212300584327593,1,0,0
2116,34.945783074439774,-0.2152888930514448,1,0,0
2117,34.836072032616386,-0.2625990216214231,1,0,0
2118,34.945596154032096,-0.2160015128982969,1,0,0
2119,34.79111219262013,-0.1676349371226536,1,0,0
2120,34.951987322883895,-0.2046782731593214,1,0,0
2121,34.85156286453838,-0.2701234573150074,1,0,0
2122,34.95337509774609,-0.2086534883255627,1,0,0
2123,34.828332873779594,-0.2500531223661765,1,0,0
2124,34.846260630947626,-0.2639074657253057,1,0,0
2125,34.812033481410694,-0.2346224561543967,1,0,0
2126,34.82253403566868,-0.2565533904023845,1,0,0
2127,34.79422477442105,-0.1937005850019415,1,0,0
2128,34.94016376786453,-0.2216115934436306,1,0,0
2129,34.95121561194883,-0.209678956542127,1,0,0
2130,34.821034854634306,-0.246301094822194,1,0,0
2131,34.93911386237387,-0.2194365269480935,1,0,0
2132,34.942185985943496,-0.2168189237087195,1,0,0
2133,34.94925303555745,-0.2090958871741098,1,0,0
2134,34.82210467154129,-0.2466840651509089,1,0,0
2135,34.809785549246016,-0.2274004152786958,1,0,0
2136,34.94018363833277,-0.2198196945988957,1,0,0
2137,34.94509511282919,-0.2127637157432328,1,0,0
2138,34.82494642805684,-0.2487208960230276,1,0,0
2139,34.94714341414271,-0.2056416755141011,1,0,0
2140,34.822828320526334,-0.2459835435748066,1,0,0
2141,34.95249796646574,-0.2231510640233828,1,0,0
2142,34.95197933700748,-0.2053950206564339,1,0,0
2143,34.9478093944771,-0.2101379220480914,1,0,0
2144,34.83656598338406,-0.266554037296966,1,0,0
2145,34.93838809230561,-0.2203159543918868,1,0,0
2146,34.833912893837244,-0.2636252556904624,1,0,0
2147,34.925223855738025,-0.1648064223846201,1,0,0
2148,34.80997040063956,-0.2268668380362665,1,0,0
2149,34.951631011170846,-0.2206217746198789,1,0,0
2150,34.94491017888079,-0.2132971471561665,1,0,0
2151,34.83569852008715,-0.2640245719606903,1,0,0
2152,34.946182814194515,-0.2115342060162931,1,0,0
2153,34.83340334908592,-0.2611039588752153,1,0,0
2154,34.95308456201747,-0.2186838006987383,1,0,0
2155,34.77647497432219,-0.1800284966003708,1,0,0
2156,34.92867052420612,-0.1607636697521445,1,0,0
2157,34.93983565967995,-0.2189154821043702,1,0,0
2158,34.94725258674415,-0.2119173947379321,1,0,0
2159,34.96114028832988,-0.2025600189445813,1,0,0
2160,34.95070067188671,-0.2076954856690852,1,0,0
2161,34.91512942275492,-0.1710257021008798,1,0,0
2162,34.798470426726546,-0.1982794591953124,1,0,0
2163,34.946135021232465,-0.2158347267193618,1,0,0
2164,34.945795019222146,-0.2142137622973848,1,0,0
2165,34.953909982708176,-0.2088450895078386,1,0,0
2166,34.95354408414172,-0.2095535590182841,1,0,0
2167,34.793508924560406,-0.1936842132376137,1,0,0
2168,34.95425394012443,-0.2101076704508629,1,0,0
2169,34.83008135420779,-0.2538575878880953,1,0,0
2170,34.94801028671915,-0.2081709914378907,1,0,0
2171,34.9427647654184,-0.229199511836922,1,0,0
2172,34.91585733128434,-0.1699670707003631,1,0,0
2173,34.93887730359137,-0.2246289117957651,1,0,0
2174,34.953915967791055,-0.2083075302941823,1,0,0
2175,34.90850770626271,-0.1708727180496713,1,0,0
2176,34.79004237681672,-0.1672518934560112,1,0,0
2177,34.95304676856695,-0.2220883472342829,1,0,0
2178,34.95440299445503,-0.2127996028986402,1,0,0
2179,34.94818906722331,-0.2243061706259372,1,0,0
2180,34.947962447774664,-0.2124715008783491,1,0,0
2181,34.90990933659712,-0.1735937482997982,1,0,0
2182,34.947208775201915,-0.2158595328363973,1,0,0
2183,34.82459438765349,-0.2481750617959126,1,0,0
2184,34.82495034087241,-0.2483624587060346,1,0,0
2185,34.83677613765778,-0.2636906729474985,1,0,0
2186,34.94906410647329,-0.2099876884934913,1,0,0
2187,34.960088516808675,-0.2005641343594617,1,0,0
2188,34.942957607937686,-0.2279493172001324,1,0,0
2189,34.7911221460559,-0.1667388034238464,1,0,0
2190,34.94669180654849,-0.2140552471707407,1,0,0
2191,34.95306068877908,-0.2208340405675436,1,0,0
2192,34.79164909091432,-0.1676472326779203,1,0,0
2193,34.95213210064307,-0.2238595430696639,1,0,0
2194,34.83064167873534,-0.2517192490347205,1,0,0
2195,34.952249503823765,-0.2132875176221794,1,0,0
2196,34.949278710054685,-0.2228974670339075,1,0,0
2197,34.80981895639355,-0.2243536356838626,1,0,0
2198,34.94438923405024,-0.2118512336511466,1,0,0
2199,34.948670316959614,-0.2132047945486375,1,0,0
2200,34.94760851340658,-0.2121048538361047,1,0,0
2201,34.78211268413023,-0.1882247396190953,1,0,0
2202,34.82972931005168,-0.2533117567923975,1,0,0
2203,34.952319008491024,-0.2231469297123062,1,0,0
2204,34.78915152693392,-0.16687294866954,1,0,0
2205,34.95472704348029,-0.2158540436511258,1,0,0
2206,34.78897654192981,-0.166510396140857,1,0,0
2207,34.95014584098155,-0.2092957592263443,1,0,0
2208,34.92719248311488,-0.1648519692922926,1,0,0
2209,34.92956132838623,-0.1611427669775003,1,0,0
2210,34.90551404225363,-0.1824544789326426,1,0,0
2211,34.94239280326168,-0.2143144060718905,1,0,0
2212,34.92908026835429,-0.2202804225301896,1,0,0
2213,34.95543292200747,-0.2167665216116127,1,0,0
2214,34.84199700197945,-0.2609418449918304,1,0,0
2215,34.94640762341463,-0.2074170106205312,1,0,0
2216,34.945272080607566,-0.2129470389802808,1,0,0
2217,34.92738151227374,-0.1639601458743063,1,0,0
2218,34.81156530478635,-0.2283374235487087,1,0,0
2219,34.84092328341163,-0.2609172983136318,1,0,0
2220,34.83133989748919,-0.2533485634675725,1,0,0
2221,34.93854718509049,-0.2221119880376205,1,0,0
2222,34.9389090739164,-0.2217618683795418,1,0,0
2223,34.94909577758645,-0.2232517089699853,1,0,0
2224,34.94276067555725,-0.2134267269478119,1,0,0
2225,34.83343849152105,-0.2578780601275633,1,0,0
2226,34.914759448850845,-0.1720926070939573,1,0,0
2227,34.82254184505574,-0.2558365132716446,1,0,0
2228,34.83079326134781,-0.2542323802286303,1,0,0
2229,34.951388589845735,-0.2102206549539109,1,0,0
2230,34.854554467144354,-0.2913440662696646,1,0,0
2231,34.95035073208499,-0.2069704614192396,1,0,0
2232,34.84288005074139,-0.2620375875726949,1,0,0
2233,34.82531216383839,-0.2480121999503182,1,0,0
2234,34.94092730697097,-0.2173275648950802,1,0,0
2235,34.9427726992793,-0.2284827547752269,1,0,0
2236,34.83358815736313,-0.2605703978280242,1,0,0
2237,34.961689167022364,-0.2014973387496582,1,0,0
2238,34.7915423153778,-0.1934599686018398,1,0,0
2239,34.95054731904355,-0.2214929038685926,1,0,0
2240,34.96255398494138,-0.2042058151302244,1,0,0
2241,34.951261163597394,-0.221688628010931,1,0,0
2242,34.8057934135304,-0.2160152992457091,1,0,0
2243,34.82974104045026,-0.2522364518696008,1,0,0
2244,34.79061113549455,-0.164396558483336,1,0,0
2245,34.9486882483613,-0.2115921049995125,1,0,0
2246,34.954228021259695,-0.2124370927718527,1,0,0
2247,34.946886698972605,-0.2126258765466657,1,0,0
2248,34.94329755356921,-0.2134391284420641,1,0,0
2249,34.790062286094404,-0.1654596234564053,1,0,0
2250,35.01178261081098,-0.2523024343312498,0,0,0
2251,34.83393893566808,-0.2284906516131446,0,0,0
2252,35.02098143299197,-0.1978547041418593,0,0,0
2253,34.95725714238748,-0.1976308969971847,0,0,0
2254,34.813783574478094,-0.2219345379330263,0,1,0
2255,34.87679624285519,-0.1572349773352306,0,0,0
2256,34.98937571850026,-0.1748967921101509,0,0,0
2257,35.05615318730239,-0.2542279168161492,0,1,0
2258,34.84297549105672,-0.2206309204718641,0,1,0
2259,35.0840031769554,-0.1810450569335164,0,0,0
2260,34.807163885646055,-0.1568881002057696,0,1,0
2261,34.920458522905626,-0.222949463422672,0,1,0
2262,34.94916904404676,-0.1685870850330577,0,1,0
2263,35.02557913416251,-0.1710793408472412,0,1,0
2264,34.96216169554847,-0.2233743966672458,0,0,0
2265,34.88690529177031,-0.1977992480084757,0,0,0
2266,34.88212513258578,-0.2091612080533576,0,0,0
2267,35.05206741340984,-0.2675735910026128,0,1,0
2268,34.87765102731449,-0.1929257162459323,0,1,0
2269,34.87300678677104,-0.2569910623373541,0,0,0
2270,35.027258423360145,-0.2610841802869744,0,1,0
2271,34.86280855223652,-0.1434684191840854,0,0,0
2272,35.06417672557792,-0.1771768326953043,0,0,0
2273,34.81943550928178,-0.2288758722208876,0,0,0
2274,35.032518183762,-0.2710628176371297,0,0,0
2275,34.804463264376295,-0.19052872918771,0,0,0
2276,34.92150253375564,-0.225662130216615,0,0,0
2277,34.96458922354071,-0.1504838458143231,0,0,0
2278,35.004200664898256,-0.2419113216977383,0,1,0
2279,34.98604254112171,-0.2328881905718015,0,0,0
2280,34.818384017430766,-0.1460311382999936,0,0,0
2281,34.94383702735357,-0.197141203281357,0,0,0
2282,35.035346827648915,-0.2419167917902374,0,1,0
2283,35.00282951171106,-0.1565705010582211,0,0,0
2284,34.81650734972101,-0.1859643920248569,0,0,0
2285,34.813055294006006,-0.1744121994101888,0,0,0
2286,34.95607745824359,-0.2071028942867059,0,0,0
2287,34.90620212401957,-0.2333756920621899,0,0,0
2288,34.808588241340985,-0.2060402076512876,0,0,0
2289,35.01428148281847,-0.1887380422984652,0,0,0
2290,34.89366047698577,-0.1859452484294474,0,1,0
2291,35.024722781935715,-0.1676542919584577,0,1,0
2292,34.9792673927706,-0.1983199606827922,0,0,0
2293,34.84847072165183,-0.2092843732126834,0,1,0
2294,34.97620702285861,-0.1998620682666521,0,0,0
2295,34.99974084106104,-0.2244235778110913,0,0,0
2296,34.857848479649874,-0.1707803010703165,0,0,0
2297,34.80581132576655,-0.1658205131945343,0,0,0
2298,34.915658315367814,-0.2038392197396434,0,0,0
2299,34.90630408942236,-0.2403685468521456,0,0,0
2300,34.91438966143494,-0.2052438965240506,0,0,0
2301,34.895055504990886,-0.2377797316961511,0,0,0
2302,34.98064404639261,-0.2354516456754774,0,0,0
2303,34.95957563746028,-0.1984014884297182,0,0,0
2304,35.004911521282395,-0.2102058625543728,0,0,0
2305,34.84348725936248,-0.255598153799708,0,1,0
2306,34.89946303243266,-0.2276640573234928,0,0,0
2307,34.88620550601607,-0.2124815548731354,0,0,0
2308,35.052832508950566,-0.2149041869359474,0,1,0
2309,35.055604402032394,-0.2552904082157964,0,1,0
2310,34.860202457716646,-0.1523711318927047,0,0,0
2311,35.01777741172759,-0.2443765829738023,0,0,0
2312,34.84496495957255,-0.1703047193015723,0,0,0
2313,34.995412881899846,-0.1633875886010208,0,1,0
2314,35.033382089105864,-0.161762868871892,0,1,0
2315,35.01204768233865,-0.1804420432882356,0,0,0
2316,35.05260194959844,-0.2516364953570398,0,1,0
2317,34.98957056913914,-0.1894184729424212,0,0,0
2318,34.97289694744296,-0.1917201057478625,0,0,0
2319,34.80336373794883,-0.1928340577419618,0,0,0
2320,34.8840943525577,-0.1769415694991486,0,0,0
2321,34.99174131690484,-0.2355292468222333,0,0,0
2322,34.921156035826066,-0.1763629863339146,0,0,0
2323,35.08371407159867,-0.2066640337377484,0,1,0
2324,34.82960486134073,-0.2156638126633759,0,0,0
2325,34.86948497623263,-0.2845152176366256,0,0,0
2326,34.88296157338811,-0.1502071802772426,0,0,0
2327,34.99200443416393,-0.1640252224514539,0,1,0
2328,34.8466671415977,-0.1461438834288061,0,1,0
2329,34.96382804851391,-0.186312278713131,0,0,0
2330,34.99312819602284,-0.2074233709356664,0,1,0
2331,34.97803699669502,-0.1644175462126411,0,0,0
2332,34.801943016955214,-0.2080394403953702,0,1,0
2333,34.882445179843295,-0.1964418236848634,0,1,0
2334,34.823528132889216,-0.2148076178335553,0,0,0
2335,34.979311397286544,-0.1784268323200972,0,0,0
2336,35.06000942654066,-0.1657894725624319,0,1,0
2337,35.012502751684934,-0.2197014462027486,0,0,0
2338,34.99853924930797,-0.1718837454386834,0,0,0
2339,34.873300226972944,-0.1978446607223782,0,0,0
2340,35.03122028872703,-0.1629669488306604,0,1,0
2341,34.83238547282967,-0.23956931785577,0,1,0
2342,34.79610384659888,-0.1534075744210175,0,0,0
2343,34.812242986041205,-0.1509095589355019,0,0,0
2344,34.86903044238071,-0.1633298116549547,0,0,0
2345,35.03849672042652,-0.2323125093658494,0,1,0
2346,35.00707012503839,-0.2253104034875459,0,1,0
2347,34.88697693001322,-0.2562359396147994,0,0,0
2348,35.01355724341183,-0.2699068541674956,0,0,0
2349,35.065862382364735,-0.2023049599183307,0,1,0
2350,35.00147342933351,-0.2619208465614998,0,0,0
2351,34.91068987819082,-0.2322242691791601,0,0,0
2352,35.01382345954736,-0.2136386941149063,0,0,0
2353,34.901899969733634,-0.1535125486076089,0,0,0
2354,34.84378542674438,-0.1959117098699641,0,0,0
2355,34.86957316955116,-0.2273356841317888,0,0,0
2356,35.02813454736528,-0.2790258667728461,0,1,0
2357,34.98873809706861,-0.1838431976919888,0,0,0
2358,34.863200743402366,-0.1563838314612025,0,1,0
2359,34.859427852449826,-0.2547081756146532,0,1,0
2360,35.126477096399846,-0.1610745206477093,0,1,0
2361,34.85387360419056,-0.2881019066110871,0,0,0
2362,34.80837270839728,-0.1931279912026555,0,0,0
2363,35.05669244495395,-0.1583644563082801,0,1,0
2364,34.86930152994546,-0.1871767600318734,0,1,0
2365,35.058539136660826,-0.1533898039712278,0,1,0
2366,34.984672889902605,-0.1633171295385524,0,1,0
2367,35.04102122319999,-0.2146292754248064,0,1,0
2368,34.92159828956318,-0.1688450959063909,0,0,0
2369,34.92318853524606,-0.2188898730851536,0,1,0
2370,35.04362502431199,-0.2702450475350025,0,1,0
2371,35.070658051628186,-0.2056425104122199,0,1,0
2372,34.939315876508054,-0.1692550445451102,0,1,0
2373,34.88927583225758,-0.1458717376937927,0,0,0
2374,34.91818563252361,-0.2180575731543846,0,0,0
2375,34.90430425468273,-0.2107472260744254,0,1,0
2376,34.82206290999069,-0.2341346211889102,0,1,0
2377,34.94871053239164,-0.1775381697257245,0,1,0
2378,34.995367792527226,-0.183280271130017,0,0,0
2379,34.874531091924425,-0.1998447439116128,0,0,0
2380,34.89102000550325,-0.2466493656895331,0,0,0
2381,34.878530517149485,-0.2429569129104808,0,0,0
2382,34.93286137859645,-0.154228873821072,0,1,0
2383,34.866293871887635,-0.167927376675311,0,0,0
2384,34.844199194432065,-0.174768602538918,0,0,0
2385,34.97052833575208,-0.1954290077832425,0,0,0
2386,35.0905191661526,-0.1589767264714094,0,1,0
2387,34.99782781446618,-0.2354909743575218,0,0,0
2388,35.07588702870362,-0.1864106084935946,0,0,0
2389,35.00116493155617,-0.1930929134446383,0,1,0
2390,34.893390931421955,-0.1301929850807321,0,0,0
2391,34.863381896621725,-0.204428286131071,0,0,0
2392,34.82421122210589,-0.2015577237956673,0,1,0
2393,34.88446355042148,-0.1920070485123557,0,0,0
2394,35.02741513373445,-0.2469298962172071,0,1,0
2395,35.10051046542166,-0.1776681734417273,0,0,0
2396,35.02540975213505,-0.2180297883555319,0,1,0
2397,34.91332983447338,-0.2039647593662234,0,0,0
2398,35.04623580001634,-0.1807006959991226,0,1,0
2399,34.892160672133905,-0.2405811587615437,0,0,0
2400,34.81877478310812,-0.1591265219305028,0,0,0
2401,34.855115340802506,-0.2562227368818986,0,0,0
2402,35.07801582789763,-0.1723033505833753,0,1,0
2403,35.034876182793795,-0.2682500715882552,0,1,0
2404,35.018745475516255,-0.1897379537184161,0,0,0
2405,34.82330413401577,-0.1703449369064592,0,0,0
2406,35.00962644281689,-0.1888090268798022,0,0,0
2407,34.88053107272489,-0.2238230672268604,0,0,0
2408,34.86409017814248,-0.2376065852514227,0,0,0
2409,34.827646173457914,-0.2147226426154643,0,0,0
2410,35.00870372601887,-0.2072471642458997,0,0,0
2411,34.99694297610621,-0.2345743706005023,0,0,0
2412,34.82291833331775,-0.2214264320501383,0,1,0
2413,34.83934122092852,-0.1769873638508164,0,0,0
2414,34.830343589479355,-0.2626474165673415,0,0,1
2415,35.05641183424346,-0.1673182979889262,0,1,0
2416,34.86834103288859,-0.129076427263446,0,0,0
2417,34.90027571904575,-0.1387768257867611,0,0,0
2418,35.054165948073134,-0.2237164271200235,0,1,0
2419,34.83175855212495,-0.1506408950577029,0,0,0
2420,34.9016638966915,-0.1906109325128032,0,0,0
2421,35.03164453139196,-0.2368128709617241,0,1,0
2422,35.07728372109364,-0.1737198514957997,0,1,0
2423,34.82888077460637,-0.265482203657391,0,0,1
2424,34.844961140728955,-0.2681799541225726,0,1,0
2425,34.95069360266496,-0.1922812489187777,0,0,0
2426,35.03196459565493,-0.2402253530520698,0,0,0
2427,35.1202168374569,-0.1763380626524636,0,0,0
2428,34.825001239161466,-0.243702773992276,0,1,0
2429,34.87709531205413,-0.2269706475167335,0,1,0
2430,34.89253933141328,-0.1581359940428174,0,0,0
2431,35.03843517586928,-0.2057877328516175,0,1,0
2432,34.95061757074799,-0.1990903614531125,0,0,0
2433,35.015416576482046,-0.1674375148160619,0,0,0
2434,35.0377591943509,-0.2665247966810151,0,1,0
2435,35.02325581233445,-0.1866170018853391,0,0,0
2436,34.86597500460649,-0.1804678286124025,0,0,0
2437,35.03177952490082,-0.2086795030816262,0,1,0
2438,35.039882148352085,-0.172667234896323,0,0,0
2439,35.00279569292287,-0.1913385846931134,0,0,0
2440,34.87870458176066,-0.1467031595712901,0,1,0
2441,34.93094291592838,-0.181607938036709,0,0,0
2442,34.86946870670088,-0.236833683594587,0,0,0
2443,35.06842429012077,-0.1973469912149537,0,1,0
2444,35.017586536620435,-0.2454474573497125,0,0,0
2445,35.05604200780439,-0.2642609289418487,0,1,0
2446,34.81950484306995,-0.2062900691454935,0,0,0
2447,34.81890380785482,-0.1636111268688547,0,0,0
2448,34.8529681301504,-0.1911033506500035,0,0,0
2449,35.016884758039375,-0.1642457874010627,0,1,0
2450,34.808744501120806,-0.191881629055602,0,0,0
2451,35.0069247425311,-0.2383900458927001,0,0,0
2452,35.0783534464675,-0.1741032714382155,0,1,0
2453,34.88767102414716,-0.2419120101957184,0,0,0
2454,34.796481768558415,-0.1516235277768196,0,0,0
2455,35.07777994338484,-0.1615456719415495,0,1,0
2456,34.90316281642217,-0.1526455071166026,0,0,0
2457,34.87763802345385,-0.2590689867424654,0,0,0
2458,35.06647185871953,-0.1958677911683165,0,0,0
2459,35.00968939473604,-0.2151556845878847,0,0,0
2460,34.77915745775035,-0.1802690963308101,0,1,0
2461,34.9438345417153,-0.2295826700209071,0,0,0
2462,34.97039348153774,-0.1914828520844151,0,0,0
2463,34.9356680190884,-0.2073481176031874,0,0,0
2464,34.99482334704353,-0.2320161655398783,0,0,0
2465,34.8603911463027,-0.2321441239969394,0,0,0
2466,35.1133860231825,-0.1630967381438025,0,1,0
2467,34.97754793721646,-0.1760559543004095,0,0,0
2468,34.96938369538038,-0.2339366590513377,0,0,0
2469,34.79237701151172,-0.1827227470407426,0,1,0
2470,34.88044615761689,-0.2315288733411702,0,0,0
2471,35.09171280979964,-0.179971003202159,0,1,0
2472,34.85815482921134,-0.2729630536980155,0,1,0
2473,35.057717066349895,-0.2263079898080926,0,1,0
2474,35.018797549579816,-0.2331096026121837,0,1,0
2475,34.87069430342621,-0.2230593592160649,0,0,0
2476,35.11735391028019,-0.1605019431281636,0,1,0
2477,34.84841732241345,-0.2141231161085464,0,0,0
2478,34.880057238581806,-0.2670114494014077,0,0,0
2479,34.88552961065451,-0.2576367211215881,0,0,0
2480,34.892688152063045,-0.1608281485426067,0,0,0
2481,34.8379566671564,-0.2375456590899126,0,1,0
2482,35.04195830798735,-0.2590953439602742,0,0,0
2483,35.10909288321122,-0.1628168410080849,0,1,0
2484,35.046930697007504,-0.1509679959600998,0,1,0
2485,34.89415518715407,-0.2058530892122023,0,1,0
2486,34.982583956163666,-0.1580710333356003,0,1,0
2487,34.99954194699194,-0.2262111796423217,0,0,0
2488,35.047282520866666,-0.1515138466201742,0,1,0
2489,34.82128654505278,-0.2070479268258561,0,0,0
2490,34.83579028967433,-0.255601418921896,0,1,0
2491,34.83601617938774,-0.2513043271161437,0,1,0
2492,35.06766811135811,-0.2009134424046515,0,1,0
2493,34.98729860224639,-0.2004776630717031,0,1,0
2494,34.90788021611637,-0.1629714822452683,0,0,0
2495,34.86991225393134,-0.2128239913466637,0,0,0
2496,35.092554880895825,-0.1846498797397946,0,0,0
2497,34.932611821485786,-0.1604964321602298,0,0,0
2498,35.00150848521544,-0.2264359852543483,0,0,0
2499,34.85933525455134,-0.1980613839493359,0,0,0
2500,34.98293275552813,-0.2389098746493778,0,0,0
2501,34.87415995196527,-0.152872127206897,0,0,0
2502,34.89635717823011,-0.2496398970757641,0,0,0
2503,35.09290854487406,-0.1692470500026347,0,1,0
2504,34.82677750918088,-0.1478374264570666,0,1,0
2505,35.038528471102225,-0.2617039305829679,0,0,0
2506,34.87427802084342,-0.2717188066001835,0,1,0
2507,35.11272734981539,-0.1580638489123569,0,1,0
2508,34.827402268696304,-0.188186096406597,0,0,0
2509,34.99727333089115,-0.2209611679467668,0,0,0
2510,34.925362070184164,-0.2004783291989654,0,0,0
2511,35.11881630148533,-0.1578483775584405,0,1,0
2512,34.812548324470896,-0.187845602706948,0,0,0
2513,34.85436057126267,-0.2108535862970384,0,0,0
2514,34.838875787734864,-0.1866567494595723,0,0,0
2515,34.82382787262266,-0.1554780045293507,0,1,0
2516,35.06191712106068,-0.1712102458109624,0,1,0
2517,34.95441694786383,-0.211545298844805,0,0,0
2518,34.80819572665881,-0.1929446710923895,0,0,0
2519,34.84563803622906,-0.2389763206344353,0,1,0
2520,34.91939667317481,-0.2218495464349189,0,1,0
2521,35.0082611217791,-0.1988135777781327,0,1,0
2522,34.95072164640596,-0.1897726289345717,0,0,0
2523,34.828955896912554,-0.242179814511754,0,1,0
2524,34.981230590895656,-0.2309845741725797,0,0,0
2525,34.90847721094749,-0.2380883700742183,0,0,0
2526,35.033366880131695,-0.2268169419279135,0,1,0
2527,34.99482298441685,-0.1999353309161297,0,0,0
2528,34.88174778031837,-0.243389253807279,0,0,0
2529,35.097047139947065,-0.1673727984515947,0,1,0
2530,34.82033422760159,-0.2285378944434541,0,0,0
2531,34.85397842572449,-0.1807296575353873,0,0,0
2532,34.93443757006931,-0.1732645839152692,0,1,0
2533,35.034539727315455,-0.2340127003206023,0,1,0
2534,34.87255655548034,-0.2003370892347529,0,0,0
2535,35.01952612975004,-0.2159217362107723,0,1,0
2536,34.858843598595065,-0.2263724647056898,0,0,0
2537,35.07621662344682,-0.1889271493064731,0,0,0
2538,34.8172093070197,-0.1872353420017582,0,0,0
2539,34.98638479668523,-0.1543956574761259,0,0,0
2540,34.88264871417022,-0.2591838811460318,1,0,0
2541,34.8924300097604,-0.2486534662285353,1,0,0
2542,34.88854240816019,-0.2603945638352377,1,0,0
2543,34.891318940048166,-0.2520336503406958,1,0,0
2544,34.89315566158153,-0.2477738968574219,1,0,0
2545,34.88746281054367,-0.2609075405659034,1,0,0
2546,34.88208638578918,-0.2615012276394822,1,0,0
2547,34.888691969878614,-0.2630867125342214,1,0,0
2548,34.87483749431401,-0.2532687498124317,1,0,0
2549,34.87821212305819,-0.2556763909055531,1,0,0
2550,34.88843210969004,-0.2541183556621972,1,0,0
2551,34.893147794781754,-0.2484907037152621,1,0,0
2552,34.89792452325542,-0.2536193068410943,1,0,0
2553,34.87715212761671,-0.2543973300509862,1,0,0
2554,34.875018409927826,-0.2530936467789956,1,0,0
2555,34.8945676332583,-0.2495987932392155,1,0,0
2556,34.89704350795685,-0.2523443513890354,1,0,0
2557,34.876615265934205,-0.254385019443944,1,0,0
2558,34.89112034518131,-0.253821564192184,1,0,0
2559,34.88246780124011,-0.2593589814635027,1,0,0
2560,34.87820232004002,-0.2565724182186309,1,0,0
2561,34.87447566349214,-0.2536189563106958,1,0,0
2562,34.88915577873678,-0.2534179736959038,1,0,0
2563,34.882104016392574,-0.2598883870358086,1,0,0
2564,34.878003767208526,-0.2583603699966535,1,0,0
2565,34.881213169354375,-0.2595094593317043,1,0,0
2566,34.87927016037837,-0.2571346552106119,1,0,0
2567,34.889507796359304,-0.2539637967750511,1,0,0
2568,34.8815710757221,-0.2595176666480778,1,0,0
2569,34.89973568272579,-0.2516892100473458,1,0,0
2570,34.88372831365444,-0.2586708945502763,1,0,0
2571,34.8913071544389,-0.2531088634697127,1,0,0
2572,34.89847121022304,-0.2527356355037753,1,0,0
2573,34.882833547178485,-0.2586503723290539,1,0,0
2574,34.89702189576656,-0.2543155598189683,1,0,0
2575,34.87625735814073,-0.2543768126409931,1,0,0
2576,34.88283746747109,-0.2582919636902176,1,0,0
2577,34.890768328451,-0.2532757412637032,1,0,0
2578,34.89756661536421,-0.2536110866387157,1,0,0
2579,34.89386558007,-0.2483279424187015,1,0,0
2580,35.056319448451426,-0.2232289326161841,0,1,0
2581,35.02081488074401,-0.2127257803318971,0,0,0
2582,34.90560602099307,-0.2387392961614486,0,0,0
2583,35.00877460441101,-0.2169266429031666,0,0,0
2584,34.95501852958339,-0.1737411648926844,0,1,0
2585,35.026501050615025,-0.2648301256000209,0,1,0
2586,34.90677457434437,-0.230162476482813,0,0,0
2587,35.08915231328592,-0.1689799041021687,0,1,0
2588,35.088328755417045,-0.1626886205081219,0,1,0
2589,35.03200244316823,-0.2368211814333101,0,1,0
2590,34.81910511355862,-0.2263586074290935,0,1,0
2591,34.813525981512406,-0.2290993016452169,0,0,0
2592,34.816841777356444,-0.236883513656648,0,0,0
2593,34.84889574228661,-0.1870661205203555,0,1,0
2594,34.89090066694826,-0.1446545319339893,0,0,0
2595,34.906358486970824,-0.2192190212440489,0,0,0
2596,34.82548164608811,-0.1677059591207399,0,0,0
2597,34.83023268355876,-0.1590311751506243,0,1,0
2598,34.935196648760346,-0.217553743339408,0,1,0
2599,35.056094989853136,-0.1794970384580422,0,0,0
2600,35.059024770198135,-0.2374492424186597,0,1,0
2601,34.8933381053953,-0.2149758842640324,0,0,0
2602,34.88930131997259,-0.2401569748915716,0,0,0
2603,34.85930159331988,-0.152888144947068,0,0,0
2604,35.02890604105439,-0.1935586764560913,0,0,0
2605,34.886531895655,-0.1830922265312871,0,1,0
2606,35.00394814368817,-0.2324068097058446,0,0,0
2607,35.04987789582737,-0.255157382127414,0,1,0
2608,35.074665733541366,-0.1994639087491925,0,1,0
2609,34.97760667788184,-0.2027621357929271,0,0,0
2610,35.09709808708306,-0.1628940425633921,0,1,0
2611,34.83119863253264,-0.2010008098462791,0,0,0
2612,34.88146503989861,-0.187994499668584,0,0,0
2613,35.00201415528955,-0.2131853761344578,0,0,0
2614,34.79552304066313,-0.1896070455338394,0,1,0
2615,34.99903173061504,-0.175838078186059,0,0,0
2616,34.89321600872129,-0.1298304435368807,0,0,0
2617,34.99550933729775,-0.2347203874298156,0,0,0
2618,35.04633298410401,-0.1721008674019506,0,1,0
2619,35.04984418672325,-0.2420743644719346,0,1,0
2620,34.88834190008807,-0.2623616907573577,1,0,0
2621,34.88780700078751,-0.2621701726540084,1,0,0
2622,34.88904987523287,-0.2630949226658714,1,0,0
2623,34.88800162923483,-0.2607406532781359,1,0,0
2624,34.88854240816019,-0.2603945638352377,1,0,0
2625,34.88851693485773,-0.2627242017057915,1,0,0
2626,34.88798595359225,-0.2621742776474226,1,0,0
2627,34.888691969878614,-0.2630867125342214,1,0,0
2628,34.88870960231308,-0.2614738866765269,1,0,0
2629,34.88799183130234,-0.2616366685005147,1,0,0
2630,34.88870764280386,-0.2616530895451072,1,0,0
2631,34.888544368257186,-0.2602153609299854,1,0,0
2632,34.8888767993205,-0.262553209077485,1,0,0
2633,34.88852673053267,-0.2618281871177226,1,0,0
2634,34.88780895991235,-0.2619909695593848,1,0,0
2635,34.88836149512935,-0.2605696611864262,1,0,0
2636,34.88817862244796,-0.2609239616791636,1,0,0
2637,34.888865046579134,-0.2636284260790612,1,0,0
2638,34.888530649414825,-0.2614697812903605,1,0,0
2639,34.88851889381781,-0.2625449987859256,1,0,0
2640,34.88816294730977,-0.2623575857011717,1,0,0
2641,34.88816098831104,-0.2625367887089782,1,0,0
2642,34.88871548136542,-0.2609362780775197,1,0,0
2643,34.888874840311615,-0.2627324119082801,1,0,0
2644,34.887812878424384,-0.2616325633735017,1,0,0
2645,34.88886896380975,-0.2632700204073774,1,0,0
2646,34.887989871978185,-0.2618158715483652,1,0,0
2647,34.8883536560634,-0.2612864730013201,1,0,0
2648,34.8881688248307,-0.261819976684495,1,0,0
2649,34.88835953523169,-0.2607488641384629,1,0,0
2650,34.88869588758519,-0.262728306780208,1,0,0
2651,34.8881766627496,-0.2611031646779863,1,0,0
2652,34.88781875684832,-0.2610949541031087,1,0,0
2653,34.888884636230536,-0.2618363977655685,1,0,0
2654,34.88887092255626,-0.2630908175732236,1,0,0
2655,34.88817274361524,-0.2614615706789901,1,0,0
2656,34.88834777768219,-0.2618240818742789,1,0,0
2657,34.88905379303702,-0.2627365170900014,1,0,0
2658,34.88887288139021,-0.2629116147401881,1,0,0
2659,34.88836345511449,-0.2603904582355115,1,0,0
2660,34.90831910059154,-0.2199811487766929,0,0,0
2661,34.85115908272971,-0.208987543410278,0,0,0
2662,34.85495947706946,-0.2377557870716948,0,0,0
2663,34.85093066359731,-0.2134637385284093,0,0,0
2664,34.99797005189036,-0.1747380660277879,0,1,0
2665,35.01737449314528,-0.2646187152428648,0,0,0
2666,35.05602446026088,-0.2336160941817321,0,1,0
2667,35.12029222433583,-0.1697097198701942,0,1,0
2668,35.10998363095002,-0.1631961221671522,0,1,0
2669,34.90816274392083,-0.2341377811968092,0,0,0
2670,34.95958673470711,-0.2295879570095511,0,0,0
2671,34.968323852303946,-0.2326575587097611,0,0,0
2672,35.01297742187016,-0.2413978300956881,0,1,0
2673,34.91636480813236,-0.188619963672052,0,1,0
2674,34.896627675864586,-0.1447868708644092,0,0,0
2675,35.0151651456117,-0.2217346376419215,0,1,0
2676,34.86360137944015,-0.1685823959206085,0,0,0
2677,34.855288080675635,-0.1596074621329395,0,0,0
2678,35.0411400690751,-0.2200083751106407,0,1,0
2679,35.10459412075129,-0.1806309542929174,0,0,0
2680,34.98028216252117,-0.2358017257462017,0,0,0
2681,34.99731325722976,-0.2173776564792499,0,0,0
2682,34.84259185544651,-0.2392650950757261,0,0,0
2683,34.87433489967737,-0.1532346669008485,0,0,0
2684,35.10013277378787,-0.1952206352348969,0,1,0
2685,34.94684259874148,-0.1844850627007478,0,0,0
2686,34.87438134345165,-0.2295970934712931,0,0,0
2687,35.00460068849197,-0.2542867526279313,0,0,0
2688,34.83557102815791,-0.1941098696928444,0,0,0
2689,35.06386562090861,-0.2047672694189087,0,0,0
2690,35.11893192200668,-0.1634060641700331,0,1,0
2691,34.919605413195264,-0.2030340696527535,0,0,0
2692,34.94929194925255,-0.1895603070432154,0,0,0
2693,34.835042775777154,-0.2095142317959552,0,1,0
2694,34.868897793978995,-0.1912902980100064,0,0,0
2695,35.04377279532372,-0.1768798327752827,0,1,0
2696,34.894468806562934,-0.1298594183832717,0,0,0
2697,34.86987980692459,-0.2320032933428438,0,0,0
2698,35.08355763575465,-0.1729705851184225,0,1,0
2699,34.99955577058745,-0.2410868557996846,0,0,0
2700,34.842658164012285,-0.2659762112895131,1,0,0
2701,34.80281415306968,-0.2102105886357974,1,0,0
2702,34.848553836978134,-0.2670072829511411,1,0,0
2703,34.94792262063829,-0.216055259253339,1,0,0
2704,34.94926101256948,-0.2083791368950049,1,0,0
2705,34.84443208422582,-0.2674508275472522,1,0,0
2706,34.84352952390874,-0.2681472325536192,1,0,0
2707,34.94777352836279,-0.2133633051000257,1,0,0
2708,34.83148758199344,-0.2562201262618983,1,0,0
2709,34.83840817887512,-0.2617561070722436,1,0,0
2710,34.88855024907288,-0.2596777522209686,1,0,0
2711,34.94673962236867,-0.2097547299653248,1,0,0
2712,34.83023490562923,-0.2561915030629809,1,0,0
2713,34.838061986143934,-0.2606726344996019,1,0,0
2714,34.82701569069412,-0.2559386944576971,1,0,0
2715,34.80316418724118,-0.210935667732183,1,0,0
2716,34.80507560698444,-0.2161781584974351,1,0,0
2717,34.83001104529334,-0.2603094151962075,1,0,0
2718,34.830584999727016,-0.2569165500067871,1,0,0
2719,34.8439088801128,-0.2661840583442667,1,0,0
2720,34.838581276195754,-0.2622978430547781,1,0,0
2721,34.88856201306556,-0.2586025348332985,1,0,0
2722,34.82916313637354,-0.2559877533453693,1,0,0
2723,34.84479974057295,-0.2665629394973199,1,0,0
2724,34.886165094906474,-0.2650004862067589,1,0,0
2725,34.88345928565228,-0.2669101817400103,1,0,0
2726,34.84430191174661,-0.2629663890367486,1,0,0
2727,34.888379138143826,-0.2589568346686823,1,0,0
2728,34.8444437865362,-0.266375544203687,1,0,0
2729,34.945419185231884,-0.2158181903838913,1,0,0
2730,34.845356108696976,-0.264783075400019,1,0,0
2731,34.82809722736444,-0.2552463513189796,1,0,0
2732,34.828830630025706,-0.253649745945438,1,0,0
2733,34.88472564710949,-0.2656844732427215,1,0,0
2734,34.830923379072324,-0.2587168997348121,1,0,0
2735,34.83931465808818,-0.2607012667785382,1,0,0
2736,34.88580914751341,-0.2648130751691191,1,0,0
2737,34.829524951095685,-0.2556374954773495,1,0,0
2738,34.82790850653418,-0.2561383526725704,1,0,0
2739,34.946743609304065,-0.209396353561563,1,0,0
2740,35.00048459923527,-0.2219317251176275,0,0,0
2741,34.92614530283609,-0.2105338137733006,0,0,0
2742,34.82776008106193,-0.2369538525693981,0,1,0
2743,34.93343290704173,-0.2151829516176556,0,1,0
2744,34.911351085707366,-0.1727308332366786,0,1,0
2745,35.03938757779094,-0.2649496595356077,0,1,0
2746,34.839486619342004,-0.2286176762670036,0,0,0
2747,35.0612337446303,-0.1683269743936152,0,1,0
2748,35.0725797451047,-0.162320024421302,0,1,0
2749,34.95988313592824,-0.2351509616470286,0,0,0
2750,35.006117529953954,-0.2304856797085109,0,1,0
2751,34.9951693237191,-0.2330995127807723,0,0,0
2752,34.985420275583785,-0.2405804442384582,0,0,0
2753,35.103740346530046,-0.1927962945103568,0,0,0
2754,34.89573283079375,-0.1447661892589736,0,1,0
2755,34.85052334125169,-0.2179358322124116,0,0,0
2756,34.78843566208003,-0.1668565570193838,0,0,0
2757,34.810367318204285,-0.158575014192011,0,0,0
2758,34.87649810931041,-0.2162018599421817,0,0,0
2759,35.00544821209581,-0.1783171369501403,0,0,0
2760,34.98672657031686,-0.2357716122258392,0,0,0
2761,34.83302877657899,-0.2135910961861142,0,0,0
2762,35.0553738558352,-0.2438157824716532,0,1,0
2763,34.85214287336331,-0.1527232684560049,0,0,0
2764,34.9485520627346,-0.1916939930733316,0,0,0
2765,34.820852150875744,-0.1815823638379908,0,0,0
2766,34.908564145614,-0.2302036653535386,0,0,0
2767,34.84211237595416,-0.2503681928982655,0,0,0
2768,34.985006184076475,-0.1973776739774046,0,0,0
2769,34.87774643373896,-0.2004564599264322,0,0,0
2770,35.08134908142287,-0.1625252138823345,0,1,0
2771,35.014993394876235,-0.2050634148844898,0,0,0
2772,34.80558462427289,-0.1862519540658604,0,0,0
2773,34.90609186598131,-0.2109676534002114,0,0,0
2774,35.03801899210116,-0.1950253212917999,0,0,0
2775,34.95321681124073,-0.1747748134550638,0,1,0
2776,34.86422065236161,-0.1293398317167559,0,0,0
2777,34.88724060232143,-0.2322227101287114,0,1,0
2778,35.01036104108158,-0.1712626352878391,0,1,0
2779,34.905427065033564,-0.2387351800331027,0,0,0
2780,34.88834190008807,-0.2623616907573577,1,0,0
2781,34.88780700078751,-0.2621701726540084,1,0,0
2782,34.88904987523287,-0.2630949226658714,1,0,0
2783,34.88800162923483,-0.2607406532781359,1,0,0
2784,34.88854240816019,-0.2603945638352377,1,0,0
2785,34.88851693485773,-0.2627242017057915,1,0,0
2786,34.88798595359225,-0.2621742776474226,1,0,0
2787,34.888691969878614,-0.2630867125342214,1,0,0
2788,34.88870960231308,-0.2614738866765269,1,0,0
2789,34.88799183130234,-0.2616366685005147,1,0,0
2790,34.88870764280386,-0.2616530895451072,1,0,0
2791,34.888544368257186,-0.2602153609299854,1,0,0
2792,34.8888767993205,-0.262553209077485,1,0,0
2793,34.88852673053267,-0.2618281871177226,1,0,0
2794,34.88780895991235,-0.2619909695593848,1,0,0
2795,34.88836149512935,-0.2605696611864262,1,0,0
2796,34.88817862244796,-0.2609239616791636,1,0,0
2797,34.888865046579134,-0.2636284260790612,1,0,0
2798,34.888530649414825,-0.2614697812903605,1,0,0
2799,34.88851889381781,-0.2625449987859256,1,0,0
2800,34.88816294730977,-0.2623575857011717,1,0,0
2801,34.88816098831104,-0.2625367887089782,1,0,0
2802,34.88871548136542,-0.2609362780775197,1,0,0
2803,34.888874840311615,-0.2627324119082801,1,0,0
2804,34.887812878424384,-0.2616325633735017,1,0,0
2805,34.88886896380975,-0.2632700204073774,1,0,0
2806,34.887989871978185,-0.2618158715483652,1,0,0
2807,34.8883536560634,-0.2612864730013201,1,0,0
2808,34.8881688248307,-0.261819976684495,1,0,0
2809,34.88835953523169,-0.2607488641384629,1,0,0
2810,34.88869588758519,-0.262728306780208,1,0,0
2811,34.8881766627496,-0.2611031646779863,1,0,0
2812,34.88781875684832,-0.2610949541031087,1,0,0
2813,34.888884636230536,-0.2618363977655685,1,0,0
2814,34.88887092255626,-0.2630908175732236,1,0,0
2815,34.88817274361524,-0.2614615706789901,1,0,0
2816,34.88834777768219,-0.2618240818742789,1,0,0
2817,34.88905379303702,-0.2627365170900014,1,0,0
2818,34.88887288139021,-0.2629116147401881,1,0,0
2819,34.88836345511449,-0.2603904582355115,1,0,0
2820,34.90831910059154,-0.2199811487766929,0,0,0
2821,34.85115908272971,-0.208987543410278,0,0,0
2822,34.85495947706946,-0.2377557870716948,0,0,0
2823,34.85093066359731,-0.2134637385284093,0,0,0
2824,34.99797005189036,-0.1747380660277879,0,1,0
2825,35.01737449314528,-0.2646187152428648,0,0,0
2826,35.05602446026088,-0.2336160941817321,0,1,0
2827,35.12029222433583,-0.1697097198701942,0,1,0
2828,35.10998363095002,-0.1631961221671522,0,1,0
2829,34.90816274392083,-0.2341377811968092,0,0,0
2830,34.95958673470711,-0.2295879570095511,0,0,0
2831,34.968323852303946,-0.2326575587097611,0,0,0
2832,35.01297742187016,-0.2413978300956881,0,1,0
2833,34.91636480813236,-0.188619963672052,0,1,0
2834,34.896627675864586,-0.1447868708644092,0,0,0
2835,35.0151651456117,-0.2217346376419215,0,1,0
2836,34.86360137944015,-0.1685823959206085,0,0,0
2837,34.855288080675635,-0.1596074621329395,0,0,0
2838,35.0411400690751,-0.2200083751106407,0,1,0
2839,35.10459412075129,-0.1806309542929174,0,0,0
2840,34.98028216252117,-0.2358017257462017,0,0,0
2841,34.99731325722976,-0.2173776564792499,0,0,0
2842,34.84259185544651,-0.2392650950757261,0,0,0
2843,34.87433489967737,-0.1532346669008485,0,0,0
2844,35.10013277378787,-0.1952206352348969,0,1,0
2845,34.94684259874148,-0.1844850627007478,0,0,0
2846,34.87438134345165,-0.2295970934712931,0,0,0
2847,35.00460068849197,-0.2542867526279313,0,0,0
2848,34.83557102815791,-0.1941098696928444,0,0,0
2849,35.06386562090861,-0.2047672694189087,0,0,0
2850,35.11893192200668,-0.1634060641700331,0,1,0
2851,34.919605413195264,-0.2030340696527535,0,0,0
2852,34.94929194925255,-0.1895603070432154,0,0,0
2853,34.835042775777154,-0.2095142317959552,0,1,0
2854,34.868897793978995,-0.1912902980100064,0,0,0
2855,35.04377279532372,-0.1768798327752827,0,1,0
2856,34.894468806562934,-0.1298594183832717,0,0,0
2857,34.86987980692459,-0.2320032933428438,0,0,0
2858,35.08355763575465,-0.1729705851184225,0,1,0
2859,34.99955577058745,-0.2410868557996846,0,0,0
2860,34.98293275552813,-0.2389098746493778,0,0,0
2861,34.87415995196527,-0.152872127206897,0,0,0
2862,34.89635717823011,-0.2496398970757641,0,0,0
2863,35.09290854487406,-0.1692470500026347,0,1,0
2864,34.82677750918088,-0.1478374264570666,0,1,0
2865,35.038528471102225,-0.2617039305829679,0,0,0
2866,34.87427802084342,-0.2717188066001835,0,1,0
2867,35.11272734981539,-0.1580638489123569,0,1,0
2868,34.827402268696304,-0.188186096406597,0,0,0
2869,34.99727333089115,-0.2209611679467668,0,0,0
2870,34.925362070184164,-0.2004783291989654,0,0,0
2871,35.11881630148533,-0.1578483775584405,0,1,0
2872,34.812548324470896,-0.187845602706948,0,0,0
2873,34.85436057126267,-0.2108535862970384,0,0,0
2874,34.838875787734864,-0.1866567494595723,0,0,0
2875,34.82382787262266,-0.1554780045293507,0,1,0
2876,35.06191712106068,-0.1712102458109624,0,1,0
2877,34.95441694786383,-0.211545298844805,0,0,0
2878,34.80819572665881,-0.1929446710923895,0,0,0
2879,34.84563803622906,-0.2389763206344353,0,1,0
2880,34.91939667317481,-0.2218495464349189,0,1,0
2881,35.0082611217791,-0.1988135777781327,0,1,0
2882,34.95072164640596,-0.1897726289345717,0,0,0
2883,34.828955896912554,-0.242179814511754,0,1,0
2884,34.981230590895656,-0.2309845741725797,0,0,0
2885,34.90847721094749,-0.2380883700742183,0,0,0
2886,35.033366880131695,-0.2268169419279135,0,1,0
2887,34.99482298441685,-0.1999353309161297,0,0,0
2888,34.88174778031837,-0.243389253807279,0,0,0
2889,35.097047139947065,-0.1673727984515947,0,1,0
2890,34.82033422760159,-0.2285378944434541,0,0,0
2891,34.85397842572449,-0.1807296575353873,0,0,0
2892,34.93443757006931,-0.1732645839152692,0,1,0
2893,35.034539727315455,-0.2340127003206023,0,1,0
2894,34.87255655548034,-0.2003370892347529,0,0,0
2895,35.01952612975004,-0.2159217362107723,0,1,0
2896,34.858843598595065,-0.2263724647056898,0,0,0
2897,35.07621662344682,-0.1889271493064731,0,0,0
2898,34.8172093070197,-0.1872353420017582,0,0,0
2899,34.98638479668523,-0.1543956574761259,0,0,0
2900,34.98293275552813,-0.2389098746493778,0,0,0
2901,34.87415995196527,-0.152872127206897,0,0,0
2902,34.89635717823011,-0.2496398970757641,0,0,0
2903,35.09290854487406,-0.1692470500026347,0,1,0
2904,34.82677750918088,-0.1478374264570666,0,1,0
2905,35.038528471102225,-0.2617039305829679,0,0,0
2906,34.87427802084342,-0.2717188066001835,0,1,0
2907,35.11272734981539,-0.1580638489123569,0,1,0
2908,34.827402268696304,-0.188186096406597,0,0,0
2909,34.99727333089115,-0.2209611679467668,0,0,0
2910,34.925362070184164,-0.2004783291989654,0,0,0
2911,35.11881630148533,-0.1578483775584405,0,1,0
2912,34.812548324470896,-0.187845602706948,0,0,0
2913,34.85436057126267,-0.2108535862970384,0,0,0
2914,34.838875787734864,-0.1866567494595723,0,0,0
2915,34.82382787262266,-0.1554780045293507,0,1,0
2916,35.06191712106068,-0.1712102458109624,0,1,0
2917,34.95441694786383,-0.211545298844805,0,0,0
2918,34.80819572665881,-0.1929446710923895,0,0,0
2919,34.84563803622906,-0.2389763206344353,0,1,0
2920,34.91939667317481,-0.2218495464349189,0,1,0
2921,35.0082611217791,-0.1988135777781327,0,1,0
2922,34.95072164640596,-0.1897726289345717,0,0,0
2923,34.828955896912554,-0.242179814511754,0,1,0
2924,34.981230590895656,-0.2309845741725797,0,0,0
2925,34.90847721094749,-0.2380883700742183,0,0,0
2926,35.033366880131695,-0.2268169419279135,0,1,0
2927,34.99482298441685,-0.1999353309161297,0,0,0
2928,34.88174778031837,-0.243389253807279,0,0,0
2929,35.097047139947065,-0.1673727984515947,0,1,0
2930,34.82033422760159,-0.2285378944434541,0,0,0
2931,34.85397842572449,-0.1807296575353873,0,0,0
2932,34.93443757006931,-0.1732645839152692,0,1,0
2933,35.034539727315455,-0.2340127003206023,0,1,0
2934,34.87255655548034,-0.2003370892347529,0,0,0
2935,35.01952612975004,-0.2159217362107723,0,1,0
2936,34.858843598595065,-0.2263724647056898,0,0,0
2937,35.07621662344682,-0.1889271493064731,0,0,0
2938,34.8172093070197,-0.1872353420017582,0,0,0
2939,34.98638479668523,-0.1543956574761259,0,0,0
2940,34.86879106696023,-0.2660363354511252,1,0,0
2941,34.83275784628318,-0.2546358013466784,1,0,0
2942,34.83782254906311,-0.2662242252610792,1,0,0
2943,34.8314895356934,-0.256040909197576,1,0,0
2944,34.831507122912164,-0.2544279556688552,1,0,0
2945,34.86985305521491,-0.2671361711416682,1,0,0
2946,34.83763774791172,-0.2667577833051978,1,0,0
2947,34.86894657250009,-0.2681909273072351,1,0,0
2948,34.83913570495634,-0.2606971762919683,1,0,0
2949,34.86862970753602,-0.2644193663582544,1,0,0
2950,34.88869588758519,-0.262728306780208,1,0,0
2951,34.83186307639201,-0.2546153520614196,1,0,0
2952,34.83824093928189,-0.2606767246641593,1,0,0
2953,34.865052611070645,-0.2641581971596062,1,0,0
2954,34.88781483781158,-0.2614533602822481,1,0,0
2955,34.8331118450859,-0.2550024147501923,1,0,0
2956,34.88855024907288,-0.2596777522209686,1,0,0
2957,34.86845466543285,-0.2640568519927961,1,0,0
2958,34.83859298831752,-0.2612225511110752,1,0,0
2959,34.869685828589326,-0.2660568271803797,1,0,0
2960,34.86880474988992,-0.2647818806039435,1,0,0
2961,34.88798399453045,-0.2623534806986435,1,0,0
2962,34.88835169651555,-0.2614656759578453,1,0,0
2963,34.86932206091855,-0.2665862534502147,1,0,0
2964,34.86897783767861,-0.2653236025196065,1,0,0
2965,34.8687891126053,-0.2662155432909089,1,0,0
2966,34.867369220409856,-0.2651075105129946,1,0,0
2967,34.839127895187985,-0.2614140370374642,1,0,0
2968,34.8700437332338,-0.2660650242475892,1,0,0
2969,34.832567166352746,-0.2557070121347627,1,0,0
2970,34.867363356882315,-0.2656451350861436,1,0,0
2971,34.83073271317933,-0.259788114894608,1,0,0
2972,34.831098427893046,-0.2590794225366734,1,0,0
2973,34.83729934174269,-0.2649574497672666,1,0,0
2974,34.839481896796265,-0.2617806479112246,1,0,0
2975,34.86559142372358,-0.2639912813624878,1,0,0
2976,34.836739087845515,-0.26709577296623,1,0,0
2977,34.8883536560634,-0.2612864730013201,1,0,0
2978,34.838061986143934,-0.2606726344996019,1,0,0
2979,34.831684122410714,-0.2546112623654338,1,0,0
2980,34.82492431363904,-0.218066328483395,0,1,0
2981,35.04407957125675,-0.2132667532156416,0,1,0
2982,35.00295790921468,-0.2409864331548137,0,1,0
2983,35.033470892255124,-0.2175002836219845,0,1,0
2984,34.96521952169001,-0.1739776476626806,0,1,0
2985,34.84862217348924,-0.2607348332024313,0,1,0
2986,34.96368288979633,-0.2314749147967778,0,0,0
2987,35.09666884652612,-0.1691559170744176,0,1,0
2988,35.093518768348744,-0.1628101811842742,0,1,0
2989,34.81295769530289,-0.2319545758383465,0,0,0
2990,34.847559404367594,-0.2270100290449163,0,1,0
2991,34.84269604418732,-0.2297667413586707,0,0,0
2992,34.84780122716873,-0.237591793901954,0,1,0
2993,34.86500242943282,-0.1874363683864065,0,0,0
2994,34.89215345024247,-0.1446834763466828,0,0,0
2995,34.932307478494366,-0.2198171574405225,0,0,0
2996,34.83460891055849,-0.1679155872278779,0,0,0
2997,34.83613860046803,-0.1591669188865091,0,0,0
2998,34.960429827814615,-0.218136667000335,0,1,0
2999,35.0677276298972,-0.1797686501245775,0,0,0
3000,34.83980125366059,-0.2325686011341978,0,0,0
3001,34.918034472927594,-0.2155447124648282,0,0,0
3002,34.98844267853442,-0.2424426126450101,0,0,0
3003,34.86288095265876,-0.1529706156036585,0,1,0
3004,35.04590741217313,-0.1939546002296658,0,0,0
3005,34.90102795098024,-0.1834264442729097,0,0,0
3006,35.032939093746364,-0.2330794582918944,0,1,0
3007,35.05238324242301,-0.255215574281987,0,1,0
3008,35.09345662330355,-0.1999028561432584,0,1,0
3009,34.998187153399535,-0.2032394032866544,0,0,0
3010,35.10228809848069,-0.1630156798857798,0,1,0
3011,34.85231606490356,-0.201485292555286,0,0,0
3012,34.89757170755877,-0.1883656264280651,0,0,0
3013,35.02563676229929,-0.2137339035954251,0,1,0
3014,34.81306141236119,-0.1900085598789884,0,0,0
3015,35.009590627905695,-0.1760836285141686,0,0,0
3016,34.893573950967145,-0.1298387217939828,0,0,0
3017,35.025037107943234,-0.2354049853180632,0,0,0
3018,35.05528122191288,-0.1723097212025899,0,1,0
3019,34.83420054781201,-0.2372804437778399,0,1,0
3020,34.98293275552813,-0.2389098746493778,0,0,0
3021,34.87415995196527,-0.152872127206897,0,0,0
3022,34.89635717823011,-0.2496398970757641,0,0,0
3023,35.09290854487406,-0.1692470500026347,0,1,0
3024,34.82677750918088,-0.1478374264570666,0,1,0
3025,35.038528471102225,-0.2617039305829679,0,0,0
3026,34.87427802084342,-0.2717188066001835,0,1,0
3027,35.11272734981539,-0.1580638489123569,0,1,0
3028,34.827402268696304,-0.188186096406597,0,0,0
3029,34.99727333089115,-0.2209611679467668,0,0,0
3030,34.925362070184164,-0.2004783291989654,0,0,0
3031,35.11881630148533,-0.1578483775584405,0,1,0
3032,34.812548324470896,-0.187845602706948,0,0,0
3033,34.85436057126267,-0.2108535862970384,0,0,0
3034,34.838875787734864,-0.1866567494595723,0,0,0
3035,34.82382787262266,-0.1554780045293507,0,1,0
3036,35.06191712106068,-0.1712102458109624,0,1,0
3037,34.95441694786383,-0.211545298844805,0,0,0
3038,34.80819572665881,-0.1929446710923895,0,0,0
3039,34.84563803622906,-0.2389763206344353,0,1,0
3040,34.91939667317481,-0.2218495464349189,0,1,0
3041,35.0082611217791,-0.1988135777781327,0,1,0
3042,34.95072164640596,-0.1897726289345717,0,0,0
3043,34.828955896912554,-0.242179814511754,0,1,0
3044,34.981230590895656,-0.2309845741725797,0,0,0
3045,34.90847721094749,-0.2380883700742183,0,0,0
3046,35.033366880131695,-0.2268169419279135,0,1,0
3047,34.99482298441685,-0.1999353309161297,0,0,0
3048,34.88174778031837,-0.243389253807279,0,0,0
3049,35.097047139947065,-0.1673727984515947,0,1,0
3050,34.82033422760159,-0.2285378944434541,0,0,0
3051,34.85397842572449,-0.1807296575353873,0,0,0
3052,34.93443757006931,-0.1732645839152692,0,1,0
3053,35.034539727315455,-0.2340127003206023,0,1,0
3054,34.87255655548034,-0.2003370892347529,0,0,0
3055,35.01952612975004,-0.2159217362107723,0,1,0
3056,34.858843598595065,-0.2263724647056898,0,0,0
3057,35.07621662344682,-0.1889271493064731,0,0,0
3058,34.8172093070197,-0.1872353420017582,0,0,0
3059,34.98638479668523,-0.1543956574761259,0,0,0
3060,34.98293275552813,-0.2389098746493778,0,0,0
3061,34.87415995196527,-0.152872127206897,0,0,0
3062,34.89635717823011,-0.2496398970757641,0,0,0
3063,35.09290854487406,-0.1692470500026347,0,1,0
3064,34.82677750918088,-0.1478374264570666,0,1,0
3065,35.038528471102225,-0.2617039305829679,0,0,0
3066,34.87427802084342,-0.2717188066001835,0,1,0
3067,35.11272734981539,-0.1580638489123569,0,1,0
3068,34.827402268696304,-0.188186096406597,0,0,0
3069,34.99727333089115,-0.2209611679467668,0,0,0
3070,34.925362070184164,-0.2004783291989654,0,0,0
3071,35.11881630148533,-0.1578483775584405,0,1,0
3072,34.812548324470896,-0.187845602706948,0,0,0
3073,34.85436057126267,-0.2108535862970384,0,0,0
3074,34.838875787734864,-0.1866567494595723,0,0,0
3075,34.82382787262266,-0.1554780045293507,0,1,0
3076,35.06191712106068,-0.1712102458109624,0,1,0
3077,34.95441694786383,-0.211545298844805,0,0,0
3078,34.80819572665881,-0.1929446710923895,0,0,0
3079,34.84563803622906,-0.2389763206344353,0,1,0
3080,34.91939667317481,-0.2218495464349189,0,1,0
3081,35.0082611217791,-0.1988135777781327,0,1,0
3082,34.95072164640596,-0.1897726289345717,0,0,0
3083,34.828955896912554,-0.242179814511754,0,1,0
3084,34.981230590895656,-0.2309845741725797,0,0,0
3085,34.90847721094749,-0.2380883700742183,0,0,0
3086,35.033366880131695,-0.2268169419279135,0,1,0
3087,34.99482298441685,-0.1999353309161297,0,0,0
3088,34.88174778031837,-0.243389253807279,0,0,0
3089,35.097047139947065,-0.1673727984515947,0,1,0
3090,34.82033422760159,-0.2285378944434541,0,0,0
3091,34.85397842572449,-0.1807296575353873,0,0,0
3092,34.93443757006931,-0.1732645839152692,0,1,0
3093,35.034539727315455,-0.2340127003206023,0,1,0
3094,34.87255655548034,-0.2003370892347529,0,0,0
3095,35.01952612975004,-0.2159217362107723,0,1,0
3096,34.858843598595065,-0.2263724647056898,0,0,0
3097,35.07621662344682,-0.1889271493064731,0,0,0
3098,34.8172093070197,-0.1872353420017582,0,0,0
3099,34.98638479668523,-0.1543956574761259,0,0,0
3100,34.98293275552813,-0.2389098746493778,0,0,0
3101,34.87415995196527,-0.152872127206897,0,0,0
3102,34.89635717823011,-0.2496398970757641,0,0,0
3103,35.09290854487406,-0.1692470500026347,0,1,0
3104,34.82677750918088,-0.1478374264570666,0,1,0
3105,35.038528471102225,-0.2617039305829679,0,0,0
3106,34.87427802084342,-0.2717188066001835,0,1,0
3107,35.11272734981539,-0.1580638489123569,0,1,0
3108,34.827402268696304,-0.188186096406597,0,0,0
3109,34.99727333089115,-0.2209611679467668,0,0,0
3110,34.925362070184164,-0.2004783291989654,0,0,0
3111,35.11881630148533,-0.1578483775584405,0,1,0
3112,34.812548324470896,-0.187845602706948,0,0,0
3113,34.85436057126267,-0.2108535862970384,0,0,0
3114,34.838875787734864,-0.1866567494595723,0,0,0
3115,34.82382787262266,-0.1554780045293507,0,1,0
3116,35.06191712106068,-0.1712102458109624,0,1,0
3117,34.95441694786383,-0.211545298844805,0,0,0
3118,34.80819572665881,-0.1929446710923895,0,0,0
3119,34.84563803622906,-0.2389763206344353,0,1,0
3120,34.91939667317481,-0.2218495464349189,0,1,0
3121,35.0082611217791,-0.1988135777781327,0,1,0
3122,34.95072164640596,-0.1897726289345717,0,0,0
3123,34.828955896912554,-0.242179814511754,0,1,0
3124,34.981230590895656,-0.2309845741725797,0,0,0
3125,34.90847721094749,-0.2380883700742183,0,0,0
3126,35.033366880131695,-0.2268169419279135,0,1,0
3127,34.99482298441685,-0.1999353309161297,0,0,0
3128,34.88174778031837,-0.243389253807279,0,0,0
3129,35.097047139947065,-0.1673727984515947,0,1,0
3130,34.82033422760159,-0.2285378944434541,0,0,0
3131,34.85397842572449,-0.1807296575353873,0,0,0
3132,34.93443757006931,-0.1732645839152692,0,1,0
3133,35.034539727315455,-0.2340127003206023,0,1,0
3134,34.87255655548034,-0.2003370892347529,0,0,0
3135,35.01952612975004,-0.2159217362107723,0,1,0
3136,34.858843598595065,-0.2263724647056898,0,0,0
3137,35.07621662344682,-0.1889271493064731,0,0,0
3138,34.8172093070197,-0.1872353420017582,0,0,0
3139,34.98638479668523,-0.1543956574761259,0,0,0
3140,34.98293275552813,-0.2389098746493778,0,0,0
3141,34.87415995196527,-0.152872127206897,0,0,0
3142,34.89635717823011,-0.2496398970757641,0,0,0
3143,35.09290854487406,-0.1692470500026347,0,1,0
3144,34.82677750918088,-0.1478374264570666,0,1,0
3145,35.038528471102225,-0.2617039305829679,0,0,0
3146,34.87427802084342,-0.2717188066001835,0,1,0
3147,35.11272734981539,-0.1580638489123569,0,1,0
3148,34.827402268696304,-0.188186096406597,0,0,0
3149,34.99727333089115,-0.2209611679467668,0,0,0
3150,34.925362070184164,-0.2004783291989654,0,0,0
3151,35.11881630148533,-0.1578483775584405,0,1,0
3152,34.812548324470896,-0.187845602706948,0,0,0
3153,34.85436057126267,-0.2108535862970384,0,0,0
3154,34.838875787734864,-0.1866567494595723,0,0,0
3155,34.82382787262266,-0.1554780045293507,0,1,0
3156,35.06191712106068,-0.1712102458109624,0,1,0
3157,34.95441694786383,-0.211545298844805,0,0,0
3158,34.80819572665881,-0.1929446710923895,0,0,0
3159,34.84563803622906,-0.2389763206344353,0,1,0
3160,34.91939667317481,-0.2218495464349189,0,1,0
3161,35.0082611217791,-0.1988135777781327,0,1,0
3162,34.95072164640596,-0.1897726289345717,0,0,0
3163,34.828955896912554,-0.242179814511754,0,1,0
3164,34.981230590895656,-0.2309845741725797,0,0,0
3165,34.90847721094749,-0.2380883700742183,0,0,0
3166,35.033366880131695,-0.2268169419279135,0,1,0
3167,34.99482298441685,-0.1999353309161297,0,0,0
3168,34.88174778031837,-0.243389253807279,0,0,0
3169,35.097047139947065,-0.1673727984515947,0,1,0
3170,34.82033422760159,-0.2285378944434541,0,0,0
3171,34.85397842572449,-0.1807296575353873,0,0,0
3172,34.93443757006931,-0.1732645839152692,0,1,0
3173,35.034539727315455,-0.2340127003206023,0,1,0
3174,34.87255655548034,-0.2003370892347529,0,0,0
3175,35.01952612975004,-0.2159217362107723,0,1,0
3176,34.858843598595065,-0.2263724647056898,0,0,0
3177,35.07621662344682,-0.1889271493064731,0,0,0
3178,34.8172093070197,-0.1872353420017582,0,0,0
3179,34.98638479668523,-0.1543956574761259,0,0,0
3180,34.98293275552813,-0.2389098746493778,0,0,0
3181,34.87415995196527,-0.152872127206897,0,0,0
3182,34.89635717823011,-0.2496398970757641,0,0,0
3183,35.09290854487406,-0.1692470500026347,0,1,0
3184,34.82677750918088,-0.1478374264570666,0,1,0
3185,35.038528471102225,-0.2617039305829679,0,0,0
3186,34.87427802084342,-0.2717188066001835,0,1,0
3187,35.11272734981539,-0.1580638489123569,0,1,0
3188,34.827402268696304,-0.188186096406597,0,0,0
3189,34.99727333089115,-0.2209611679467668,0,0,0
3190,34.925362070184164,-0.2004783291989654,0,0,0
3191,35.11881630148533,-0.1578483775584405,0,1,0
3192,34.812548324470896,-0.187845602706948,0,0,0
3193,34.85436057126267,-0.2108535862970384,0,0,0
3194,34.838875787734864,-0.1866567494595723,0,0,0
3195,34.82382787262266,-0.1554780045293507,0,1,0
3196,35.06191712106068,-0.1712102458109624,0,1,0
3197,34.95441694786383,-0.211545298844805,0,0,0
3198,34.80819572665881,-0.1929446710923895,0,0,0
3199,34.84563803622906,-0.2389763206344353,0,1,0
3200,34.91939667317481,-0.2218495464349189,0,1,0
3201,35.0082611217791,-0.1988135777781327,0,1,0
3202,34.95072164640596,-0.1897726289345717,0,0,0
3203,34.828955896912554,-0.242179814511754,0,1,0
3204,34.981230590895656,-0.2309845741725797,0,0,0
3205,34.90847721094749,-0.2380883700742183,0,0,0
3206,35.033366880131695,-0.2268169419279135,0,1,0
3207,34.99482298441685,-0.1999353309161297,0,0,0
3208,34.88174778031837,-0.243389253807279,0,0,0
3209,35.097047139947065,-0.1673727984515947,0,1,0
3210,34.82033422760159,-0.2285378944434541,0,0,0
3211,34.85397842572449,-0.1807296575353873,0,0,0
3212,34.93443757006931,-0.1732645839152692,0,1,0
3213,35.034539727315455,-0.2340127003206023,0,1,0
3214,34.87255655548034,-0.2003370892347529,0,0,0
3215,35.01952612975004,-0.2159217362107723,0,1,0
3216,34.858843598595065,-0.2263724647056898,0,0,0
3217,35.07621662344682,-0.1889271493064731,0,0,0
3218,34.8172093070197,-0.1872353420017582,0,0,0
3219,34.98638479668523,-0.1543956574761259,0,0,0
3220,34.98293275552813,-0.2389098746493778,0,0,0
3221,34.87415995196527,-0.152872127206897,0,0,0
3222,34.89635717823011,-0.2496398970757641,0,0,0
3223,35.09290854487406,-0.1692470500026347,0,1,0
3224,34.82677750918088,-0.1478374264570666,0,1,0
3225,35.038528471102225,-0.2617039305829679,0,0,0
3226,34.87427802084342,-0.2717188066001835,0,1,0
3227,35.11272734981539,-0.1580638489123569,0,1,0
3228,34.827402268696304,-0.188186096406597,0,0,0
3229,34.99727333089115,-0.2209611679467668,0,0,0
3230,34.925362070184164,-0.2004783291989654,0,0,0
3231,35.11881630148533,-0.1578483775584405,0,1,0
3232,34.812548324470896,-0.187845602706948,0,0,0
3233,34.85436057126267,-0.2108535862970384,0,0,0
3234,34.838875787734864,-0.1866567494595723,0,0,0
3235,34.82382787262266,-0.1554780045293507,0,1,0
3236,35.06191712106068,-0.1712102458109624,0,1,0
3237,34.95441694786383,-0.211545298844805,0,0,0
3238,34.80819572665881,-0.1929446710923895,0,0,0
3239,34.84563803622906,-0.2389763206344353,0,1,0
3240,34.91939667317481,-0.2218495464349189,0,1,0
3241,35.0082611217791,-0.1988135777781327,0,1,0
3242,34.95072164640596,-0.1897726289345717,0,0,0
3243,34.828955896912554,-0.242179814511754,0,1,0
3244,34.981230590895656,-0.2309845741725797,0,0,0
3245,34.90847721094749,-0.2380883700742183,0,0,0
3246,35.033366880131695,-0.2268169419279135,0,1,0
3247,34.99482298441685,-0.1999353309161297,0,0,0
3248,34.88174778031837,-0.243389253807279,0,0,0
3249,35.097047139947065,-0.1673727984515947,0,1,0
3250,34.82033422760159,-0.2285378944434541,0,0,0
3251,34.85397842572449,-0.1807296575353873,0,0,0
3252,34.93443757006931,-0.1732645839152692,0,1,0
3253,35.034539727315455,-0.2340127003206023,0,1,0
3254,34.87255655548034,-0.2003370892347529,0,0,0
3255,35.01952612975004,-0.2159217362107723,0,1,0
3256,34.858843598595065,-0.2263724647056898,0,0,0
3257,35.07621662344682,-0.1889271493064731,0,0,0
3258,34.8172093070197,-0.1872353420017582,0,0,0
3259,34.98638479668523,-0.1543956574761259,0,0,0
3260,34.82087663016219,-0.2608178877157265,1,0,0
3261,34.820359272927064,-0.2590134350216308,1,0,0
3262,34.82087273060807,-0.2611763271388851,1,0,0
3263,34.82035732230958,-0.2591926548544681,1,0,0
3264,34.82105168372192,-0.2611804119294843,1,0,0
3265,34.82087858006978,-0.2606386680058112,1,0,0
3266,34.82070352690906,-0.2602761436308298,1,0,0
3267,34.82071717974614,-0.2590216053979702,1,0,0
3268,34.82231995735852,-0.259775252136706,1,0,0
3269,34.82195814986174,-0.2601255200267501,1,0,0
3270,34.821244287139,-0.2599299594325493,1,0,0
3271,34.82000136610392,-0.259005264859995,1,0,0
3272,34.82053042429152,-0.259734399343742,1,0,0
3273,34.82123648644299,-0.2606468379065708,1,0,0
3274,34.82142129009282,-0.2601132642132209,1,0,0
3275,34.82089613315414,-0.259025690666653,1,0,0
3276,34.82053432514029,-0.2593759597611253,1,0,0
3277,34.82160024335013,-0.2601173494307225,1,0,0
3278,34.82123843648645,-0.2604676182863993,1,0,0
3279,34.8208805300644,-0.2604594482970133,1,0,0
3280,34.82141933985086,-0.2602924837868462,1,0,0
3281,34.821067284222345,-0.2597466546180432,1,0,0
3282,34.82035342133564,-0.2595510945234811,1,0,0
3283,34.82087078096155,-0.2613555468521312,1,0,0
3284,34.82088638057039,-0.2599217891772868,1,0,0
3285,34.82069962688165,-0.2606345831359407,1,0,0
3286,34.82196010026399,-0.2599463005871749,1,0,0
3287,34.82070937760282,-0.2597384843815072,1,0,0
3288,34.82016861726293,-0.260084669193552,1,0,0
3289,34.820715229079774,-0.2592008251421823,1,0,0
3290,34.82105753325689,-0.2606427529293556,1,0,0
3291,34.82089028134282,-0.2595633497696963,1,0,0
3292,34.82086883140205,-0.2615347665664938,1,0,0
3293,34.820884430314706,-0.2601010088827478,1,0,0
3294,34.82178114698427,-0.2599422152180079,1,0,0
3295,34.82214100405642,-0.2597711666158713,1,0,0
3296,34.82124038661694,-0.2602883986673386,1,0,0
3297,34.820351470979205,-0.2597303143596567,1,0,0
3298,34.82123453648654,-0.2608260575278559,1,0,0
3299,34.820180319516005,-0.259009349913973,1,0,0
3300,34.90688743233617,-0.2199481777713685,0,0,0
3301,34.849906361335705,-0.2089587973061989,0,0,0
3302,34.8533488709857,-0.2377188811116219,0,1,0
3303,34.84949898693824,-0.2134308953672503,0,0,0
3304,34.99743315824066,-0.1747255855940676,0,1,0
3305,35.01952191867404,-0.2646684463095185,0,1,0
3306,35.05459281013136,-0.2335827884380294,0,1,0
3307,35.11993429450917,-0.1697013219100669,0,1,0
3308,35.10980466510133,-0.1631919247023964,0,1,0
3309,34.906552134631994,-0.2341007207698666,0,0,0
3310,34.9581550781049,-0.2295548793566,0,0,0
3311,34.96671324262063,-0.2326203293414116,0,0,0
3312,35.01136682402558,-0.2413604972317686,0,0,0
3313,34.915648956761366,-0.188603437066391,0,1,0
3314,34.89644870685257,-0.1447827344352533,0,0,0
3315,35.01373348156471,-0.2217014083753747,0,0,0
3316,34.86306448212088,-0.1685700347400204,0,0,0
3317,34.8549301465777,-0.1595992220098782,0,0,0
3318,35.03988736186356,-0.2199792406516129,0,1,0
3319,35.10405723043428,-0.1806183800583174,0,0,0
3320,34.97867155700205,-0.2357644704334555,0,1,0
3321,34.99606054666261,-0.2173486114033898,0,0,0
3322,34.84080229487067,-0.2392241302426851,0,0,0
3323,34.8741559317888,-0.1532305393978589,0,0,0
3324,35.09923796663435,-0.1951997034602429,0,1,0
3325,34.946126745403795,-0.1844684946215991,0,0,0
3326,34.87277072775165,-0.2295601160585098,0,0,0
3327,35.00281115270385,-0.2542453294264141,0,0,0
3328,34.83467621666493,-0.1940893422120618,0,0,0
3329,35.06279185964377,-0.2047422324014377,0,0,0
3330,35.1185739904163,-0.163397663901156,0,1,0
3331,34.9185316481633,-0.2030092953536291,0,1,0
3332,34.9483971361327,-0.1895395995703327,0,0,0
3333,34.833790054592775,-0.209485521162476,0,0,0
3334,34.86782401837327,-0.1912655997239312,0,0,0
3335,35.04323590294331,-0.1768673117477713,0,1,0
3336,34.89428983544593,-0.1298552789572371,0,0,0
3337,34.86826919409151,-0.2319663336308754,0,0,0
3338,35.08302074207064,-0.172958024535305,0,1,0
3339,34.997766216640535,-0.2410454153825266,0,0,0
3340,34.845517500589494,-0.2664000893313054,1,0,0
3341,34.80541974363662,-0.2174409040649924,1,0,0
3342,34.842465559874135,-0.2672266217106271,1,0,0
3343,34.82470686989596,-0.2542725873612744,1,0,0
3344,34.80526441307628,-0.2152861323395306,1,0,0
3345,34.84228270797698,-0.2675809607089752,1,0,0
3346,34.8438874281199,-0.2681554126240065,1,0,0
3347,34.805240784486,-0.2174368133930475,1,0,0
3348,34.82790850653418,-0.2561383526725704,1,0,0
3349,34.840728711110216,-0.2623469257111578,1,0,0
3350,34.831296908006024,-0.257291339747905,1,0,0
3351,34.80506970004139,-0.2167158288953105,1,0,0
3352,34.827013737605455,-0.2561179126305521,1,0,0
3353,34.83823117789972,-0.2615728017081059,1,0,0
3354,34.82576301397977,-0.25591008034335,1,0,0
3355,34.82972735529003,-0.2534909742834345,1,0,0
3356,34.82559968643756,-0.2544722446475722,1,0,0
3357,34.838054176961606,-0.2613894963100062,1,0,0
3358,34.82593415655375,-0.2566310416749834,1,0,0
3359,34.84479974057295,-0.2665629394973199,1,0,0
3360,34.84036690146968,-0.2626971745011396,1,0,0
3361,34.825753250262885,-0.2568061727703693,1,0,0
3362,34.8279104597451,-0.2559591347213955,1,0,0
3363,34.84425898271609,-0.2669090953367873,1,0,0
3364,34.84480949470349,-0.2656668705133196,1,0,0
3365,34.84408393128939,-0.2665465769002516,1,0,0
3366,34.83767870575437,-0.2629942564341113,1,0,0
3367,34.82503548307966,-0.2569690425816149,1,0,0
3368,34.843724076223175,-0.2667176099900847,1,0,0
3369,34.826498364192524,-0.2541342479465313,1,0,0
3370,34.84441648602696,-0.2688845387343533,1,0,0
3371,34.8297058586592,-0.2554623667585642,1,0,0
3372,34.82505891743805,-0.2548184186624407,1,0,0
3373,34.842658164012285,-0.2659762112895131,1,0,0
3374,34.83057718768041,-0.2576334191800356,1,0,0
3375,34.83858908392839,-0.2615809817545204,1,0,0
3376,34.84301997024474,-0.2656259634106701,1,0,0
3377,34.8248701977497,-0.2557104245971269,1,0,0
3378,34.82540315346933,-0.2560811239371187,1,0,0
3379,34.80561051581309,-0.2163696547749161,1,0,0
3380,35.002274179321255,-0.2219732211064527,0,0,0
3381,34.95012590424382,-0.2110876327794068,0,1,0
3382,34.840108070771805,-0.2372363822871397,0,0,0
3383,34.94470732963422,-0.2154432774428472,0,0,0
3384,34.92334174258286,-0.1730079405492404,0,1,0
3385,34.8262530276825,-0.2602235839250603,0,0,1
3386,34.847181791824845,-0.2287939573076817,0,0,0
3387,35.066423736937885,-0.1684482530511176,0,1,0
3388,35.07240077903043,-0.162315838229878,0,1,0
3389,34.96990468750727,-0.2353825297931945,0,0,0
3390,35.012738931733104,-0.2306392272289006,0,1,0
3391,35.003580277826366,-0.2332943844339268,0,0,0
3392,34.99794715776872,-0.2408703836932623,0,0,0
3393,34.79932288511075,-0.1859293201335515,0,0,0
3394,34.886605409541,-0.1445553140502138,0,1,0
3395,34.85195501291998,-0.2179686690732318,0,0,0
3396,34.79756293770252,-0.167065615260349,0,1,0
3397,34.81197802398994,-0.1586119754264013,0,1,0
3398,34.8729189264458,-0.2161196152578541,0,0,0
3399,35.020481186858454,-0.1786669045739684,0,1,0
3400,34.99674811314595,-0.2360036316447784,0,0,0
3401,34.82998646309112,-0.2135214023483325,0,0,0
3402,34.82290864430574,-0.2386355583514726,0,1,0
3403,34.84820557666064,-0.1526326232273929,0,1,0
3404,34.97664913511519,-0.1923447746645261,0,0,0
3405,34.84250679630309,-0.1820793634355706,0,0,0
3406,34.91643825796624,-0.2303849602443616,0,0,0
3407,34.86036573310543,-0.2507860492942106,0,0,0
3408,35.017219226485444,-0.1981256640884472,0,1,0
3409,34.91443347903005,-0.201301578950715,0,1,0
3410,35.08134908142287,-0.1625252138823345,0,1,0
3411,35.05275399438034,-0.205941939558586,0,1,0
3412,34.83171327927809,-0.1868508875141254,0,0,0
3413,34.93311478020889,-0.2115908582740496,0,0,0
3414,35.06718972269022,-0.1957053377293008,0,0,0
3415,34.96610226437182,-0.1750734994801645,0,1,0
3416,34.89232115308779,-0.1298097488406479,0,0,0
3417,34.896367402920546,-0.2324324989286929,0,0,0
3418,35.01913032471142,-0.1714667796187587,0,1,0
3419,34.98434654258786,-0.2405556045297145,0,0,0
3420,34.83130081439905,-0.2569329055182828,1,0,0
3421,34.809587824079294,-0.1965618982795179,1,0,0
3422,34.8913938956638,-0.2615354739077036,1,0,0
3423,34.94586675431488,-0.207762978645426,1,0,0
3424,34.79914590446945,-0.1857459988331116,1,0,0
3425,34.840185996851815,-0.2628722991114267,1,0,0
3426,34.870207051600325,-0.26750278276503,1,0,0
3427,34.81156036555537,-0.1962485256641781,1,0,0
3428,34.85632241766761,-0.2277486880739035,1,0,0
3429,34.899523320556696,-0.2547315012938231,1,0,0
3430,34.87147071092748,-0.2338323279376661,1,0,0
3431,34.811206400935006,-0.1958818865313255,1,0,0
3432,34.85524867206741,-0.2277240664308872,1,0,0
3433,34.889875522153744,-0.253075999125336,1,0,0
3434,34.8549025840884,-0.2266405927268464,1,0,0
3435,34.96114028832988,-0.2025600189445813,1,0,0
3436,34.94655866922227,-0.2099297823668199,1,0,0
3437,34.88844781720668,-0.2526847324105223,1,0,0
3438,34.85791135629778,-0.2297569386511923,1,0,0
3439,34.83075614125218,-0.2576375078000058,1,0,0
3440,34.89558044567359,-0.255178689530337,1,0,0
3441,34.87186213527088,-0.2307940235574621,1,0,0
3442,34.85937258359903,-0.2271016197342156,1,0,0
3443,34.830209517679364,-0.258521329036223,1,0,0
3444,34.82398128729178,-0.2551523319058628,1,0,0
3445,34.88426909421107,-0.258324800600478,1,0,0
3446,34.829719537114244,-0.2542078442587671,1,0,0
3447,34.86182871194772,-0.2316393288783914,1,0,0
3448,34.888908155356525,-0.2596859639376803,1,0,0
3449,34.810767378340024,-0.2032217926081648,1,0,0
3450,34.86853882451442,-0.2563509126462968,1,0,0
3451,34.93980585142499,-0.2216033316696456,1,0,0
3452,34.944178414059124,-0.2147141206778351,1,0,0
3453,34.828272274139216,-0.2556088754810108,1,0,0
3454,34.87181680301865,-0.2349157837139445,1,0,0
3455,34.82330063907461,-0.251910040006536,1,0,0
3456,34.892347500657664,-0.2561799468581349,1,0,0
3457,34.93923521920379,-0.2246371715119609,1,0,0
3458,34.85614740247574,-0.2273861626431775,1,0,0
3459,34.81210715178665,-0.1953647108821753,1,0,0
3460,34.82117208645858,-0.2174426549676639,0,1,0
3461,34.938499500595256,-0.210281297758252,0,0,0
3462,34.98327876124006,-0.2399932292543922,0,0,0
3463,34.936302220663144,-0.2147114733898628,0,0,0
3464,35.06454884502123,-0.1759310832358231,0,0,0
3465,35.02256608232724,-0.2645597424797653,0,1,0
3466,34.96529945788722,-0.2309745874471226,0,0,0
3467,34.98070128528472,-0.1662716973975703,0,1,0
3468,35.09280494299042,-0.1626142601921357,0,1,0
3469,34.85841868092528,-0.2324574045180907,0,0,0
3470,35.056768266770945,-0.2311244990090857,0,1,0
3471,34.883683173167185,-0.2301692340249783,0,0,0
3472,34.826690267343295,-0.2365708604898455,0,0,0
3473,34.98115531198278,-0.1895816525150306,0,0,0
3474,34.98682995149355,-0.1466993289707019,0,0,0
3475,34.91262798985322,-0.2188257051348608,0,0,0
3476,34.96776330972225,-0.170631284599203,0,1,0
3477,35.12481532647817,-0.1655152750487033,0,1,0
3478,34.902632082056286,-0.2162653004249576,0,0,0
3479,35.081153957636225,-0.1797240224842197,0,0,0
3480,34.889378216861324,-0.233168072609795,0,1,0
3481,34.83017134552253,-0.2129878498380198,0,0,0
3482,34.870158945181004,-0.2391798024512828,0,0,0
3483,34.94807159927717,-0.1547606052966984,0,1,0
3484,34.80323827015592,-0.1879909182170381,0,1,0
3485,35.07981813434331,-0.187040072958393,0,1,0
3486,35.03366090439643,-0.2325585852797136,0,1,0
3487,35.03664328540376,-0.2541333064375,0,1,0
3488,35.05069100512134,-0.1983671039179414,0,0,0
3489,34.8521609090735,-0.1993306427489534,0,0,0
3490,35.101574274557954,-0.162819750538344,0,1,0
3491,35.00104050061266,-0.2042017350039868,0,1,0
3492,35.011397952215994,-0.190463180084692,0,0,0
3493,34.922920047805576,-0.2108178821057375,0,0,0
3494,34.867472065115145,-0.1907197436975037,0,1,0
3495,35.08189618859118,-0.177411757385798,0,1,0
3496,34.876034775853284,-0.1294333416288626,0,0,0
3497,34.826935998655806,-0.2304815369479385,0,0,0
3498,34.84338823220308,-0.1672210578818256,0,0,0
3499,34.813268529685395,-0.2362640707525259,0,1,0
3500,34.84695497262626,-0.2658951793802088,1,0,0
3501,34.831341852558154,-0.2531693463767549,1,0,0
3502,34.84425898271609,-0.2669090953367873,1,0,0
3503,34.896288406405304,-0.2559119300185458,1,0,0
3504,34.8308167218169,-0.2520817735490633,1,0,0
3505,34.834947616247504,-0.2672341102447193,1,0,0
3506,34.844784138497175,-0.2679966499296597,1,0,0
3507,34.83080499001479,-0.2531570768687473,1,0,0
3508,34.88694555168929,-0.259103192250732,1,0,0
3509,34.84144842718888,-0.2620048590814772,1,0,0
3510,34.88728581722881,-0.2607242322013723,1,0,0
3511,34.83188067032175,-0.2530023994113755,1,0,0
3512,34.830575234886474,-0.2578126364761292,1,0,0
3513,34.8416351902264,-0.2612920916812857,1,0,0
3514,34.82807379010717,-0.2573969662211324,1,0,0
3515,34.82578645577992,-0.2537594586322254,1,0,0
3516,34.826850410768024,-0.2546800790769358,1,0,0
3517,34.837519269926275,-0.2611980110833916,1,0,0
3518,34.88944109389891,-0.2600566872747243,1,0,0
3519,34.83746659403426,-0.2660368323336707,1,0,0
3520,34.84198138140909,-0.2623755608292584,1,0,0
3521,34.890154945842134,-0.2602523141429921,1,0,0
3522,34.889275865233,-0.258798162267233,1,0,0
3523,34.833346790078544,-0.2663012409499051,1,0,0
3524,34.84608363040075,-0.2637241604288938,1,0,0
3525,34.844805592789754,-0.2660252981035801,1,0,0
3526,34.841619571441136,-0.2627258082466667,1,0,0
3527,34.89051089159535,-0.2604397289736901,1,0,0
3528,34.84247531067648,-0.2663305498191821,1,0,0
3529,34.824170007752805,-0.2542603247442791,1,0,0
3530,34.844823154147576,-0.2644123739824919,1,0,0
3531,34.827546692902914,-0.2564886125777553,1,0,0
3532,34.8248741037754,-0.2553519871930702,1,0,0
3533,34.84553896458545,-0.2644287395687557,1,0,0
3534,34.83109257164265,-0.2596170740559496,1,0,0
3535,34.83823313000188,-0.261393586297085,1,0,0
3536,34.837674803351995,-0.2633526875435278,1,0,0
3537,34.83130081439905,-0.2569329055182828,1,0,0
3538,34.888558091384844,-0.2589609406246863,1,0,0
3539,34.83044903668111,-0.2529696801537758,1,0,0
3540,34.865013083101864,-0.2188060903265331,0,0,0
3541,34.8522348235485,-0.2088329732787483,0,0,0
3542,34.8563950595831,-0.2374301743859589,0,0,0
3543,34.82981540051609,-0.2128004338864002,0,0,0
3544,34.87126288485224,-0.1718061430896075,0,0,0
3545,34.880119862041376,-0.2612768886650697,0,1,0
3546,34.91626127970589,-0.2302016428598773,0,0,0
3547,35.02884101360571,-0.1675710532226248,0,1,0
3548,35.04609275439233,-0.1617010549258755,0,1,0
3549,35.01518257571836,-0.2362516503658325,0,0,0
3550,34.84004514835288,-0.2266586084339992,0,0,0
3551,34.81639126632189,-0.228985533252276,0,0,0
3552,35.01351826360896,-0.2410519321893697,0,0,0
3553,35.047725265395094,-0.1914880255157832,0,0,0
3554,34.87962561493836,-0.1443941513775878,0,1,0
3555,34.97472260264212,-0.2206180540669438,0,0,0
3556,35.09303665641925,-0.1737300226114625,0,1,0
3557,35.11783363091624,-0.1655306037303245,0,1,0
3558,35.01036124662873,-0.2191140904566862,0,0,0
3559,34.961780957034456,-0.17730330246918,0,0,0
3560,35.04202596543778,-0.2368747974638638,0,1,0
3561,34.9736927004328,-0.2166512115465705,0,0,0
3562,34.834542757038925,-0.2387223631530445,0,1,0
3563,34.829771862516964,-0.1522085865175907,0,1,0
3564,34.89038925054789,-0.1903510535428114,0,1,0
3565,35.10612157130468,-0.1880137483001688,0,1,0
3566,35.01271900625551,-0.232430944656255,0,0,0
3567,34.83835628810118,-0.2501030176533155,0,0,0
3568,34.922011691086524,-0.1959199798286125,0,0,0
3569,34.831574382436905,-0.1993960635582739,0,1,0
3570,35.05504106470435,-0.1619100340677441,0,1,0
3571,34.96738991805868,-0.2039593050725494,0,0,0
3572,35.07957847823651,-0.1924105329388495,0,1,0
3573,34.8314655486158,-0.2092529915097895,0,1,0
3574,34.97860367446297,-0.193644681738108,0,0,0
3575,34.91187594522752,-0.1738184164920719,0,0,0
3576,34.891068355155646,-0.1297807785375879,0,0,0
3577,34.98853202941554,-0.2343796092548941,0,0,0
3578,34.974031124410274,-0.1704182739155872,0,0,0
3579,34.99991765344923,-0.2407367945378589,0,0,0
3580,34.84179657230974,-0.2629091135276996,1,0,0
3581,34.79063959178349,-0.1941564156652487,1,0,0
3582,34.845517500589494,-0.2664000893313054,1,0,0
3583,34.943953695473866,-0.2188313319857734,1,0,0
3584,34.792085137689874,-0.1929345659119439,1,0,0
3585,34.84497284138594,-0.2671046715513071,1,0,0
3586,34.8453229448916,-0.2678297077005982,1,0,0
3587,34.79404185548121,-0.1940549442058004,1,0,0
3588,34.82451033721534,-0.2558814688596282,1,0,0
3589,34.8872760197844,-0.261620248314402,1,0,0
3590,34.88873704462485,-0.2589650466343567,1,0,0
3591,34.79064156941903,-0.1939771887103213,1,0,0
3592,34.83363893514649,-0.2559107676598205,1,0,0
3593,34.88800162923483,-0.2607406532781359,1,0,0
3594,34.82719855099377,-0.2555843461493784,1,0,0
3595,34.80194104442117,-0.208218664606116,1,0,0
3596,34.814285443289094,-0.2414860192989818,1,0,0
3597,34.88997207228416,-0.2606066131148233,1,0,0
3598,34.829871138170176,-0.2567209778863156,1,0,0
3599,34.837297391505146,-0.2651366654224001,1,0,0
3600,34.88798791274149,-0.2619950745973346,1,0,0
3601,34.88820802841765,-0.2582359168317672,1,0,0
3602,34.83274612018219,-0.2557111018330861,1,0,0
3603,34.83335263761337,-0.2657635910367174,1,0,0
3604,34.83822922588469,-0.2617520171202391,1,0,0
3605,34.837674803351995,-0.2633526875435278,1,0,0
3606,34.839129847499365,-0.2612348218494211,1,0,0
3607,34.82771783546006,-0.2572095725532991,1,0,0
3608,34.83800735114398,-0.265690667546837,1,0,0
3609,34.804727534728585,-0.2152738590530131,1,0,0
3610,34.8385851798878,-0.2619394124024184,1,0,0
3611,34.825776686839724,-0.2546555509923413,1,0,0
3612,34.82293491308563,-0.2526187412596342,1,0,0
3613,34.840374709481615,-0.2619803149669206,1,0,0
3614,34.890524615990635,-0.2591853120900147,1,0,0
3615,34.83037675843278,-0.259600721419933,1,0,0
3616,34.83948384898219,-0.2616014328096938,1,0,0
3617,34.82451814907106,-0.2551645936969037,1,0,0
3618,34.827733459210485,-0.2557758285668828,1,0,0
3619,34.79279109657549,-0.1938470687575892,1,0,0
3620,34.85284388199684,-0.2185268287509185,0,0,0
3621,35.06412499163064,-0.2135543922942887,0,1,0
3622,34.824719784035025,-0.2367050644139597,0,0,0
3623,35.039736443771325,-0.2174667701087317,0,1,0
3624,34.84262842312621,-0.1711473075500307,0,0,0
3625,34.87886719138788,-0.2612481701174522,0,0,0
3626,34.8942495483402,-0.2296951035289044,0,0,0
3627,34.99197410570805,-0.166712873013495,0,0,0
3628,35.0203216056647,-0.1610999486193457,0,0,0
3629,34.988518118672694,-0.2356338540735882,0,0,0
3630,34.82035978522915,-0.2262080380394512,0,1,0
3631,35.04348953509849,-0.2340414415356453,0,1,0
3632,34.98166419352074,-0.2403143341450548,0,1,0
3633,35.00352159738176,-0.1904593460015007,0,0,0
3634,34.872645818707234,-0.144233070902788,0,0,0
3635,34.962016563308765,-0.2203241241519117,0,0,0
3636,35.06923437798968,-0.1731732741615831,0,1,0
3637,35.08812534286981,-0.1648342594339163,0,1,0
3638,34.96920079263796,-0.2181603110650457,0,0,0
3639,34.92670393578151,-0.1764912357279764,0,1,0
3640,35.015361531727656,-0.2362558006783569,0,0,0
3641,34.922689396464904,-0.215472803469574,0,0,0
3642,35.04696496760474,-0.2434411256072606,0,1,0
3643,34.81187504187132,-0.1517974487567518,0,0,0
3644,34.84171136528422,-0.1892314917372199,0,0,0
3645,35.05708583101753,-0.186867676716545,0,1,0
3646,34.99052838727832,-0.231916698502334,0,0,0
3647,35.04379745321953,-0.2546577740697736,0,1,0
3648,34.87064960729613,-0.1947364012307876,0,1,0
3649,35.071383963115125,-0.2047634259031165,0,1,0
3650,35.02909095738748,-0.1613043661552616,0,1,0
3651,34.91101728333839,-0.2026567324345817,0,1,0
3652,35.035016938857865,-0.1913711616913275,0,0,0
3653,35.043176752212084,-0.2139625858257652,0,1,0
3654,34.9275994683537,-0.1924642296551999,0,0,0
3655,34.881272930002055,-0.1731122882260758,0,1,0
3656,34.88963658602569,-0.1297476728650727,0,0,0
3657,34.96329917552588,-0.2337960373075755,0,0,0
3658,34.947544260880235,-0.1698040813576346,0,1,0
3659,34.90220783028093,-0.2384818994860662,0,0,0
3660,34.8701972832174,-0.2683988202409676,1,0,0
3661,34.79261411221108,-0.1936637497448941,1,0,0
3662,34.86059390579973,-0.2791135014349541,1,0,0
3663,34.88855417005395,-0.2593193464205797,1,0,0
3664,34.79261609038062,-0.1934845232798601,1,0,0
3665,34.86076896281211,-0.2794760137284784,1,0,0
3666,34.8575420148488,-0.2799399899305837,1,0,0
3667,34.79279307468303,-0.1936678423356439,1,0,0
3668,34.843237956619305,-0.2620457702321322,1,0,0
3669,34.86986869017647,-0.2657025105446139,1,0,0
3670,34.84519472342581,-0.2631660608136028,1,0,0
3671,34.79189826231282,-0.1936473799208679,1,0,0
3672,34.84198528602874,-0.2620171318632094,1,0,0
3673,34.883838713304954,-0.2649471417133379,1,0,0
3674,34.84145037955621,-0.2618256444669751,1,0,0
3675,34.79314902146655,-0.1938552540123229,1,0,0
3676,34.889983834824946,-0.2595313978312389,1,0,0
3677,34.85932178939513,-0.2808769575740468,1,0,0
3678,34.84466567473819,-0.26243693065084,1,0,0
3679,34.862037194149025,-0.2780709858418556,1,0,0
3680,34.86986282641088,-0.2662401332601164,1,0,0
3681,34.84430581647786,-0.2626079612180455,1,0,0
3682,34.842166191438274,-0.261842008460816,1,0,0
3683,34.85773264299646,-0.2788688175203806,1,0,0
3684,34.86913529262306,-0.2672989862612749,1,0,0
3685,34.86078064454037,-0.2784007544684989,1,0,0
3686,34.86932206091855,-0.2665862534502147,1,0,0
3687,34.84430386406865,-0.2627871751268383,1,0,0
3688,34.861498394567164,-0.2782379161636267,1,0,0
3689,34.889271943531845,-0.2591565677045878,1,0,0
3690,34.86984719354534,-0.2676737938840139,1,0,0
3691,34.84181414327066,-0.2612961827860589,1,0,0
3692,34.88997795316097,-0.2600690054679728,1,0,0
3693,34.87056495584869,-0.2675109794425105,1,0,0
3694,34.844476960124496,-0.2633289082813774,1,0,0
3695,34.884377527875365,-0.2647802472177818,1,0,0
3696,34.87074781608211,-0.2671566631460129,1,0,0
3697,34.842168143990406,-0.2616627940249624,1,0,0
3698,34.85860987961847,-0.2805021704033452,1,0,0
3699,34.791540337357425,-0.193639195332245,1,0,0
3700,34.84425188092613,-0.2185090664860609,0,1,0
3701,35.063765064683075,-0.2137252094422801,0,1,0
3702,35.0219271751484,-0.2414261446294383,0,0,0
3703,35.0529773663071,-0.2179541005017961,0,1,0
3704,34.96450366270771,-0.1739610466641289,0,0,0
3705,34.83663231332158,-0.2604606993104599,0,1,0
3706,34.98301021825723,-0.2319218848625864,0,0,0
3707,35.09613195135767,-0.1691433415650543,0,1,0
3708,35.09316083645157,-0.1628017962329991,0,1,0
3709,34.83210610263871,-0.2323924568665625,0,1,0
3710,34.86670787464469,-0.2274491724264097,0,0,0
3711,34.86184447530459,-0.2302056533362173,0,0,0
3712,34.866770585796246,-0.2380265637838141,0,0,0
3713,34.86374968740484,-0.1874075556707252,0,0,0
3714,34.89215345024247,-0.1446834763466828,0,0,0
3715,34.95181394731969,-0.2202675353951574,0,0,0
3716,34.833893046777874,-0.1678991407340994,0,0,0
3717,34.8357806661428,-0.159158690319345,0,0,0
3718,34.97993631366679,-0.2185880287406914,0,0,0
3719,35.06683281159283,-0.1797477488360453,0,0,0
3720,34.85894964442574,-0.2330073450322922,0,0,0
3721,34.93754101002591,-0.2159947285492598,0,0,0
3722,35.00759088256169,-0.2428859617584364,0,1,0
3723,34.86252301674406,-0.1529623675656881,0,1,0
3724,35.044654679891764,-0.1939254103138786,0,0,0
3725,34.89995416934198,-0.1834016752731902,0,0,0
3726,35.05208742224332,-0.2335245116585588,0,1,0
3727,34.831194190934056,-0.2502977824764225,0,1,0
3728,35.094530388078475,-0.1999279567730946,0,1,0
3729,35.018051773044654,-0.2037007453014455,0,0,0
3730,35.10193016668932,-0.1630072896486248,0,1,0
3731,34.87200179382891,-0.2019376043837202,0,0,0
3732,34.89649792998039,-0.1883408710624131,0,0,0
3733,35.04532225411477,-0.2141917256986572,0,1,0
3734,34.81180867185912,-0.1899798631135133,0,0,0
3735,35.008874770579695,-0.1760669751038638,0,0,0
3736,34.893573950967145,-0.1298387217939828,0,0,0
3737,35.04418540461055,-0.2358497183385237,0,1,0
3738,35.05456536298685,-0.1722930079382575,0,1,0
3739,34.8533488709857,-0.2377188811116219,0,1,0
3740,34.83463065538538,-0.2634623924052448,1,0,0
3741,34.791538359423896,-0.1938184220637777,1,0,0
3742,34.83622367629247,-0.2651121335048973,1,0,0
3743,34.85865270739526,-0.2437558565200657,1,0,0
3744,34.79261609038062,-0.1934845232798601,1,0,0
3745,34.836392879559384,-0.2660123014251889,1,0,0
3746,34.85879661431436,-0.2797894205009202,1,0,0
3747,34.791717321877265,-0.1938225142869207,1,0,0
3748,34.83133989748919,-0.2533485634675725,1,0,0
3749,34.83363111934721,-0.2566276337904602,1,0,0
3750,34.83043535327405,-0.254224201357242,1,0,0
3751,34.79064354714142,-0.1937979617565343,1,0,0
3752,34.83223662344327,-0.2531897966306684,1,0,0
3753,34.830779581865464,-0.2554869008659562,1,0,0
3754,34.83331425940918,-0.2528559055047173,1,0,0
3755,34.790816576618795,-0.1943397344422895,1,0,0
3756,34.858823808518075,-0.2444767980626498,1,0,0
3757,34.83364479791054,-0.2553731180735584,1,0,0
3758,34.83258866633072,-0.2537356274525255,1,0,0
3759,34.833912893837244,-0.2636252556904624,1,0,0
3760,34.8398476122237,-0.2610719685757637,1,0,0
3761,34.830976124639385,-0.2538780353757929,1,0,0
3762,34.83116485350963,-0.2529860393530172,1,0,0
3763,34.83605252454334,-0.2643911811836849,1,0,0
3764,34.84181023800258,-0.2616546118319489,1,0,0
3765,34.83534451578015,-0.2636579626018936,1,0,0
3766,34.84074042498972,-0.2612716369624266,1,0,0
3767,34.83258671135178,-0.25391484423623,1,0,0
3768,34.83570242125568,-0.2636661398663411,1,0,0
3769,34.85847767956091,-0.2433933353350194,1,0,0
3770,34.84126752198447,-0.2621799829215477,1,0,0
3771,34.83063972306758,-0.2518984662939903,1,0,0
3772,34.82815391916591,-0.2500490326355373,1,0,0
3773,34.843237956619305,-0.2620457702321322,1,0,0
3774,34.83276175568029,-0.254277367860142,1,0,0
3775,34.83257107465577,-0.2553485785461284,1,0,0
3776,34.8410944260147,-0.261638248089909,1,0,0
3777,34.831349673704885,-0.2524524780246704,1,0,0
3778,34.831878715092294,-0.2531816163680179,1,0,0
3779,34.79028562222113,-0.1937897780109241,1,0,0
3780,34.823492641506654,-0.2180335580432717,0,1,0
3781,35.04533228485544,-0.2132959083147066,0,1,0
3782,34.997052380638905,-0.2408496650054898,0,0,0
3783,35.033470892255124,-0.2175002836219845,0,1,0
3784,34.955376459189566,-0.1737494595676035,0,1,0
3785,34.87367559782964,-0.2613084278947506,0,0,0
3786,34.95974583991531,-0.2313839421841535,0,0,0
3787,35.08951024348328,-0.1689882835155298,0,1,0
3788,35.08850772139532,-0.162692811500419,0,1,0
3789,35.05705625711411,-0.2374034482800888,0,1,0
3790,34.84398024972931,-0.2269280144649037,0,0,0
3791,34.83840106735749,-0.2296683783349579,0,0,0
3792,34.8418956697584,-0.237456564269313,0,0,0
3793,34.84961159522956,-0.187082566709174,0,0,0
3794,34.89090066694826,-0.1446545319339893,0,0,0
3795,34.93123372755631,-0.2197923845483206,0,0,0
3796,34.82583957807994,-0.1677141771860362,0,0,0
3797,34.830590617949795,-0.1590394003696155,0,1,0
3798,34.959892951881194,-0.2181242532355202,0,1,0
3799,35.05663188103163,-0.1795095693693123,0,0,0
3800,34.83496941486985,-0.2324579873071618,0,1,0
3801,34.918034472927594,-0.2155447124648282,0,0,0
3802,34.98235819999564,-0.2423018640687989,0,0,0
3803,34.85930159331988,-0.152888144947068,0,0,0
3804,35.02962188845279,-0.1935753371302224,0,0,0
3805,34.8872477504016,-0.1831087228086505,0,1,0
3806,35.028823096335984,-0.2329838729246202,0,0,0
3807,34.82779405387577,-0.2502200712940488,0,1,0
3808,35.08003456038445,-0.1995892617428963,0,1,0
3809,35.00212428625546,-0.2033307877500794,0,1,0
3810,35.097456018932746,-0.1629024298879414,0,1,0
3811,34.855716328077115,-0.2015633725837673,0,0,0
3812,34.88218089197587,-0.1880109849209623,0,1,0
3813,35.02671051672727,-0.2137588589297618,0,1,0
3814,34.79641785578906,-0.1896275184258998,0,1,0
3815,34.99938965939759,-0.1758463988529015,0,0,0
3816,34.89321600872129,-0.1298304435368807,0,0,0
3817,35.02038424900152,-0.2352970122199864,0,0,0
3818,35.04669091366784,-0.1721092189659624,0,1,0
3819,34.82829498781678,-0.2371453489374192,0,1,0
3820,34.98293275552813,-0.2389098746493778,0,0,0
3821,34.87415995196527,-0.152872127206897,0,0,0
3822,34.89635717823011,-0.2496398970757641,0,0,0
3823,35.09290854487406,-0.1692470500026347,0,1,0
3824,34.82677750918088,-0.1478374264570666,0,1,0
3825,35.038528471102225,-0.2617039305829679,0,0,0
3826,34.87427802084342,-0.2717188066001835,0,1,0
3827,35.11272734981539,-0.1580638489123569,0,1,0
3828,34.827402268696304,-0.188186096406597,0,0,0
3829,34.99727333089115,-0.2209611679467668,0,0,0
3830,34.925362070184164,-0.2004783291989654,0,0,0
3831,35.11881630148533,-0.1578483775584405,0,1,0
3832,34.812548324470896,-0.187845602706948,0,0,0
3833,34.85436057126267,-0.2108535862970384,0,0,0
3834,34.838875787734864,-0.1866567494595723,0,0,0
3835,34.82382787262266,-0.1554780045293507,0,1,0
3836,35.06191712106068,-0.1712102458109624,0,1,0
3837,34.95441694786383,-0.211545298844805,0,0,0
3838,34.80819572665881,-0.1929446710923895,0,0,0
3839,34.84563803622906,-0.2389763206344353,0,1,0
3840,34.91939667317481,-0.2218495464349189,0,1,0
3841,35.0082611217791,-0.1988135777781327,0,1,0
3842,34.95072164640596,-0.1897726289345717,0,0,0
3843,34.828955896912554,-0.242179814511754,0,1,0
3844,34.981230590895656,-0.2309845741725797,0,0,0
3845,34.90847721094749,-0.2380883700742183,0,0,0
3846,35.033366880131695,-0.2268169419279135,0,1,0
3847,34.99482298441685,-0.1999353309161297,0,0,0
3848,34.88174778031837,-0.243389253807279,0,0,0
3849,35.097047139947065,-0.1673727984515947,0,1,0
3850,34.82033422760159,-0.2285378944434541,0,0,0
3851,34.85397842572449,-0.1807296575353873,0,0,0
3852,34.93443757006931,-0.1732645839152692,0,1,0
3853,35.034539727315455,-0.2340127003206023,0,1,0
3854,34.87255655548034,-0.2003370892347529,0,0,0
3855,35.01952612975004,-0.2159217362107723,0,1,0
3856,34.858843598595065,-0.2263724647056898,0,0,0
3857,35.07621662344682,-0.1889271493064731,0,0,0
3858,34.8172093070197,-0.1872353420017582,0,0,0
3859,34.98638479668523,-0.1543956574761259,0,0,0
3860,34.98293275552813,-0.2389098746493778,0,0,0
3861,34.87415995196527,-0.152872127206897,0,0,0
3862,34.89635717823011,-0.2496398970757641,0,0,0
3863,35.09290854487406,-0.1692470500026347,0,1,0
3864,34.82677750918088,-0.1478374264570666,0,1,0
3865,35.038528471102225,-0.2617039305829679,0,0,0
3866,34.87427802084342,-0.2717188066001835,0,1,0
3867,35.11272734981539,-0.1580638489123569,0,1,0
3868,34.827402268696304,-0.188186096406597,0,0,0
3869,34.99727333089115,-0.2209611679467668,0,0,0
3870,34.925362070184164,-0.2004783291989654,0,0,0
3871,35.11881630148533,-0.1578483775584405,0,1,0
3872,34.812548324470896,-0.187845602706948,0,0,0
3873,34.85436057126267,-0.2108535862970384,0,0,0
3874,34.838875787734864,-0.1866567494595723,0,0,0
3875,34.82382787262266,-0.1554780045293507,0,1,0
3876,35.06191712106068,-0.1712102458109624,0,1,0
3877,34.95441694786383,-0.211545298844805,0,0,0
3878,34.80819572665881,-0.1929446710923895,0,0,0
3879,34.84563803622906,-0.2389763206344353,0,1,0
3880,34.91939667317481,-0.2218495464349189,0,1,0
3881,35.0082611217791,-0.1988135777781327,0,1,0
3882,34.95072164640596,-0.1897726289345717,0,0,0
3883,34.828955896912554,-0.242179814511754,0,1,0
3884,34.981230590895656,-0.2309845741725797,0,0,0
3885,34.90847721094749,-0.2380883700742183,0,0,0
3886,35.033366880131695,-0.2268169419279135,0,1,0
3887,34.99482298441685,-0.1999353309161297,0,0,0
3888,34.88174778031837,-0.243389253807279,0,0,0
3889,35.097047139947065,-0.1673727984515947,0,1,0
3890,34.82033422760159,-0.2285378944434541,0,0,0
3891,34.85397842572449,-0.1807296575353873,0,0,0
3892,34.93443757006931,-0.1732645839152692,0,1,0
3893,35.034539727315455,-0.2340127003206023,0,1,0
3894,34.87255655548034,-0.2003370892347529,0,0,0
3895,35.01952612975004,-0.2159217362107723,0,1,0
3896,34.858843598595065,-0.2263724647056898,0,0,0
3897,35.07621662344682,-0.1889271493064731,0,0,0
3898,34.8172093070197,-0.1872353420017582,0,0,0
3899,34.98638479668523,-0.1543956574761259,0,0,0
3900,34.835857971915004,-0.2658208206796225,1,0,0
3901,34.79332996209263,-0.1936801204312762,1,0,0
3902,34.835663425251376,-0.2672504610101876,1,0,0
3903,34.82815587536168,-0.2498698147666553,1,0,0
3904,34.79172523423189,-0.1931056075444825,1,0,0
3905,34.86330543374425,-0.276665965631084,1,0,0
3906,34.86076896281211,-0.2794760137284784,1,0,0
3907,34.79279307468303,-0.1936678423356439,1,0,0
3908,34.83397925871462,-0.2575318956862972,1,0,0
3909,34.83606813030482,-0.2629574535249683,1,0,0
3910,34.82142129009282,-0.2601132642132209,1,0,0
3911,34.7908244874341,-0.1936228268017573,1,0,0
3912,34.83308449081535,-0.2575114480703377,1,0,0
3913,34.83321268826651,-0.262175170221689,1,0,0
3914,34.82038268712454,-0.2568627971143893,1,0,0
3915,34.794204995265815,-0.195492845733918,1,0,0
3916,34.829746906825136,-0.2516987994232846,1,0,0
3917,34.836793698546415,-0.2620777309736399,1,0,0
3918,34.822154660089296,-0.2585166308880159,1,0,0
3919,34.836392879559384,-0.2660123014251889,1,0,0
3920,34.84483291350862,-0.263516305065351,1,0,0
3921,34.82197180450516,-0.2588709839730951,1,0,0
3922,34.820201781782885,-0.2570379313387845,1,0,0
3923,34.83603107572523,-0.2663625568307405,1,0,0
3924,34.83605252454334,-0.2643911811836849,1,0,0
3925,34.848205688053724,-0.2661030346922521,1,0,0
3926,34.84465005681746,-0.2638706412332585,1,0,0
3927,34.84237053469975,-0.2595163125913281,1,0,0
3928,34.83710673952298,-0.2662078708557495,1,0,0
3929,34.812288993198045,-0.2276368967914231,1,0,0
3930,34.83515191098792,-0.2649083873314431,1,0,0
3931,34.82290951666699,-0.2549485905865793,1,0,0
3932,34.83312943898915,-0.253389464874228,1,0,0
3933,34.83604667382025,-0.2649288290740758,1,0,0
3934,34.83304934612405,-0.2607373483745858,1,0,0
3935,34.84162347561452,-0.2623673790986321,1,0,0
3936,34.83515971163834,-0.2641915225926018,1,0,0
3937,34.83274416613688,-0.2558903185847242,1,0,0
3938,34.820557737542565,-0.2572253223589067,1,0,0
3939,34.79404779032587,-0.1935172658688309,1,0,0
3940,34.92424839032674,-0.2201689895206173,0,1,0
3941,34.90431220160921,-0.2100304308796692,0,0,0
3942,34.98989614737776,-0.2405047863275296,0,1,0
3943,34.883682230800765,-0.2140367624400811,0,0,0
3944,34.87179978075079,-0.1718185094482622,0,0,0
3945,34.86115084391624,-0.2608422893548676,0,1,0
3946,35.009318831809345,-0.2323520952801676,0,1,0
3947,35.029198944527394,-0.1675793962887245,0,1,0
3948,35.04645068685648,-0.1617094115018999,0,1,0
3949,34.83371868135534,-0.2322500996185326,0,1,0
3950,34.90232239640495,-0.2280883348191996,0,0,0
3951,34.88385818241892,-0.2305317535297411,0,0,0
3952,34.834560423827945,-0.2371094169891127,0,1,0
3953,35.06329496296363,-0.1918511364078825,0,1,0
3954,34.87962561493836,-0.1443941513775878,0,1,0
3955,35.033599814514794,-0.2219836053043313,0,1,0
3956,35.09357354969847,-0.1737425918438283,0,1,0
3957,35.11819156191616,-0.1655390024804799,0,1,0
3958,34.805093332507724,-0.214565147364717,0,1,0
3959,34.96249681418586,-0.1773198968280978,0,1,0
3960,34.860562225437235,-0.232865067018727,0,0,0
3961,35.02791717226204,-0.2179088367345565,0,1,0
3962,34.90200915150844,-0.240269779074328,0,0,0
3963,34.83012979882142,-0.152216814783635,0,0,0
3964,34.91114891322349,-0.1908297264981722,0,0,0
3965,34.78130106454833,-0.1806766589570181,0,1,0
3966,34.827675420648546,-0.2283472987914253,0,0,0
3967,34.99852022526018,-0.2537875848488226,0,0,0
3968,34.95118245267551,-0.1965941620382728,0,0,0
3969,34.87828331764644,-0.2004688112038851,0,0,0
3970,35.055220030883135,-0.161914215026311,0,1,0
3971,35.01803571980276,-0.2051341077572718,0,0,0
3972,35.095864004251794,-0.1927912164879211,0,1,0
3973,34.88407980563581,-0.2104609165762989,0,0,0
3974,34.99954221841089,-0.1941305550861429,0,1,0
3975,34.91241283995462,-0.1738308187860474,0,0,0
3976,34.891068355155646,-0.1297807785375879,0,0,0
3977,35.05599849428004,-0.2359451853978167,0,1,0
3978,34.974568020051,-0.1704307359821713,0,0,0
3979,34.820959736808504,-0.2367983657622153,0,1,0
3980,34.883374327506274,-0.2583042771290612,1,0,0
3981,34.99007141176835,-0.1767051949514029,1,0,0
3982,34.84234514440624,-0.2618460995934278,1,0,0
3983,34.961850134428275,-0.2031141408025921,1,0,0
3984,34.79111020219353,-0.1678141638658489,1,0,0
3985,34.834624803941146,-0.2640000413435718,1,0,0
3986,34.86438498523473,-0.2761529032931319,1,0,0
3987,34.99096824945608,-0.1765468051945447,1,0,0
3988,34.94792063020381,-0.2162344471841946,1,0,0
3989,34.89130911848842,-0.2529296612787231,1,0,0
3990,34.938734088535895,-0.2213993573910398,1,0,0
3991,34.993119854471225,-0.176238347697859,1,0,0
3992,34.94613104076921,-0.2161931034746015,1,0,0
3993,34.84235584577821,-0.2281456147829899,1,0,0
3994,34.94238086182046,-0.215389541931406,1,0,0
3995,34.9756335796322,-0.1871236334218202,1,0,0
3996,34.95001676075557,-0.2048119377274362,1,0,0
3997,34.842009745113984,-0.2270621299662789,1,0,0
3998,34.95164891392925,-0.2190090914910404,1,0,0
3999,34.88193486097819,-0.2589882605379621,1,0,0
4000,34.88861106359078,-0.2541224628206673,1,0,0
4001,34.938396040911385,-0.2195991930840829,1,0,0
4002,34.95490600245221,-0.2158581804963006,1,0,0
4003,34.832886009164255,-0.2592995259428128,1,0,0
4004,34.8332947082056,-0.2546480715621128,1,0,0
4005,34.8203787838881,-0.2572212367544572,1,0,0
4006,34.83098003424398,-0.2535196010111911,1,0,0
4007,34.93838809230561,-0.2203159543918868,1,0,0
4008,34.83324586830409,-0.2591284871939597,1,0,0
4009,34.96171717076605,-0.1989887568088075,1,0,0
4010,34.877492386914696,-0.2560183881057455,1,0,0
4011,34.94617285315546,-0.2124301477746369,1,0,0
4012,34.95267921036216,-0.2068450689172477,1,0,0
4013,34.83346779844174,-0.2551898114472275,1,0,0
4014,34.952688852327135,-0.2220800778062504,1,0,0
4015,34.8246022144814,-0.2474581868252069,1,0,0
4016,34.831151169417474,-0.2542405593147773,1,0,0
4017,34.94955515428247,-0.214121410859734,1,0,0
4018,34.94040634327296,-0.2158816499437517,1,0,0
4019,34.98829184886694,-0.1757677361344988,1,0,0
4020,34.864476206683904,-0.2187937647172402,0,0,0
4021,34.889818430416575,-0.2095174577293061,0,0,0
4022,34.90650277405949,-0.2385806792548601,0,0,0
4023,34.970121498838665,-0.2158516441922766,0,0,0
4024,34.98526558275139,-0.1742636475009862,0,0,0
4025,35.02435560355541,-0.2646012004983655,0,1,0
4026,35.05244733232339,-0.2333536745118958,0,1,0
4027,34.832515259052094,-0.1630274050995633,0,1,0
4028,34.94050248990084,-0.1592452888572401,0,1,0
4029,34.85071959530673,-0.2326394385277073,0,0,0
4030,34.95583062111283,-0.2293219495058374,0,1,0
4031,34.92394455619055,-0.2314540814057345,0,0,0
4032,34.816485825304575,-0.2366961141381974,0,0,0
4033,35.051843411197005,-0.1914048189619581,0,0,0
4034,34.94423339496466,-0.145889079785957,0,1,0
4035,34.962016563308765,-0.2203241241519117,0,0,0
4036,34.8734464976369,-0.1686298973079946,0,0,0
4037,34.98521989888977,-0.1624337146996493,0,1,0
4038,34.96007390184779,-0.2179492062055366,0,1,0
4039,35.083657419732,-0.1799617647863109,0,0,0
4040,34.87738416787201,-0.2332510630650496,0,0,0
4041,34.868106819202545,-0.2142165407751315,0,1,0
4042,34.87248143723288,-0.2395915883092702,0,0,0
4043,35.11862711227921,-0.1587398998155862,0,1,0
4044,34.86784193703529,-0.1896527294689401,0,0,0
4045,34.82479134908045,-0.1814934502147889,0,0,0
4046,34.872414785841286,-0.2293726926387262,0,0,0
4047,34.832629741008425,-0.2499720752526984,0,1,0
4048,34.85311330187811,-0.1941540573221019,0,0,0
4049,35.02145603708227,-0.2034214413303295,0,0,0
4050,34.94927186505728,-0.1594485269573388,0,1,0
4051,34.85912055950132,-0.2012830520315452,0,0,0
4052,35.08137011899035,-0.1922731901825285,0,1,0
4053,34.88103947040688,-0.2102117392343816,0,0,0
4054,34.943171183635755,-0.1926449251836283,0,0,0
4055,35.03160525474173,-0.1764169751534351,0,1,0
4056,34.88122291845637,-0.1297324511985783,0,0,0
4057,34.83373244267306,-0.2309955846585043,0,1,0
4058,35.08964446303195,-0.1729338201577128,0,1,0
4059,35.04948826935123,-0.2418868831596422,0,1,0
4060,34.98293275552813,-0.2389098746493778,0,0,0
4061,34.87415995196527,-0.152872127206897,0,0,0
4062,34.89635717823011,-0.2496398970757641,0,0,0
4063,35.09290854487406,-0.1692470500026347,0,1,0
4064,34.82677750918088,-0.1478374264570666,0,1,0
4065,35.038528471102225,-0.2617039305829679,0,0,0
4066,34.87427802084342,-0.2717188066001835,0,1,0
4067,35.11272734981539,-0.1580638489123569,0,1,0
4068,34.827402268696304,-0.188186096406597,0,0,0
4069,34.99727333089115,-0.2209611679467668,0,0,0
4070,34.925362070184164,-0.2004783291989654,0,0,0
4071,35.11881630148533,-0.1578483775584405,0,1,0
4072,34.812548324470896,-0.187845602706948,0,0,0
4073,34.85436057126267,-0.2108535862970384,0,0,0
4074,34.838875787734864,-0.1866567494595723,0,0,0
4075,34.82382787262266,-0.1554780045293507,0,1,0
4076,35.06191712106068,-0.1712102458109624,0,1,0
4077,34.95441694786383,-0.211545298844805,0,0,0
4078,34.80819572665881,-0.1929446710923895,0,0,0
4079,34.84563803622906,-0.2389763206344353,0,1,0
4080,34.91939667317481,-0.2218495464349189,0,1,0
4081,35.0082611217791,-0.1988135777781327,0,1,0
4082,34.95072164640596,-0.1897726289345717,0,0,0
4083,34.828955896912554,-0.242179814511754,0,1,0
4084,34.981230590895656,-0.2309845741725797,0,0,0
4085,34.90847721094749,-0.2380883700742183,0,0,0
4086,35.033366880131695,-0.2268169419279135,0,1,0
4087,34.99482298441685,-0.1999353309161297,0,0,0
4088,34.88174778031837,-0.243389253807279,0,0,0
4089,35.097047139947065,-0.1673727984515947,0,1,0
4090,34.82033422760159,-0.2285378944434541,0,0,0
4091,34.85397842572449,-0.1807296575353873,0,0,0
4092,34.93443757006931,-0.1732645839152692,0,1,0
4093,35.034539727315455,-0.2340127003206023,0,1,0
4094,34.87255655548034,-0.2003370892347529,0,0,0
4095,35.01952612975004,-0.2159217362107723,0,1,0
4096,34.858843598595065,-0.2263724647056898,0,0,0
4097,35.07621662344682,-0.1889271493064731,0,0,0
4098,34.8172093070197,-0.1872353420017582,0,0,0
4099,34.98638479668523,-0.1543956574761259,0,0,0
4100,34.83515971163834,-0.2641915225926018,1,0,0
4101,34.791015318893905,-0.1925515576921074,1,0,0
4102,34.83693168655455,-0.265845350888562,1,0,0
4103,34.79862962489754,-0.2000758024136927,1,0,0
4104,34.78070869223299,-0.1856828046061207,1,0,0
4105,34.83406065050514,-0.2664968071336878,1,0,0
4106,34.85915256902861,-0.2799768144811961,1,0,0
4107,34.79047843099603,-0.1925392809024731,1,0,0
4108,34.83168607691895,-0.2544320453555067,1,0,0
4109,34.84181023800258,-0.2616546118319489,1,0,0
4110,34.82145445752092,-0.2570665316316924,1,0,0
4111,34.790482387867364,-0.192180826925732,1,0,0
4112,34.83079130687479,-0.2544115974591847,1,0,0
4113,34.84020942373198,-0.2607217200163864,1,0,0
4114,34.83043730778523,-0.2540449840391126,1,0,0
4115,34.78939278753731,-0.1935900923278945,1,0,0
4116,34.80650728155235,-0.2162108874283873,1,0,0
4117,34.833236106856454,-0.2600245704039837,1,0,0
4118,34.82254770300989,-0.2552988554352876,1,0,0
4119,34.835513716372475,-0.2645581316733261,1,0,0
4120,34.84180633308313,-0.2620130408823008,1,0,0
4121,34.822543797620085,-0.2556572939917418,1,0,0
4122,34.83312161860558,-0.2541063314745995,1,0,0
4123,34.835684868741474,-0.2652790843259935,1,0,0
4124,34.83392069624352,-0.2629083897407773,1,0,0
4125,34.83533671398676,-0.2643748271499365,1,0,0
4126,34.83339164121227,-0.2621792585379954,1,0,0
4127,34.822180032607285,-0.256186778966724,1,0,0
4128,34.846246968306794,-0.2651619597466838,1,0,0
4129,34.79545179816757,-0.1960591726127698,1,0,0
4130,34.846087534922646,-0.2633657334891197,1,0,0
4131,34.83117071942689,-0.2524483879575802,1,0,0
4132,34.82387856812662,-0.248158705933861,1,0,0
4133,34.83391679486617,-0.2632668227133998,1,0,0
4134,34.82270518131635,-0.2572743537995918,1,0,0
4135,34.83984956480704,-0.260892753567449,1,0,0
4136,34.83374369419336,-0.2627250849119098,1,0,0
4137,34.832592576549914,-0.253377193888447,1,0,0
4138,34.83294070970438,-0.254281457966968,1,0,0
4139,34.79013039830652,-0.1916349612700163,1,0,0
4140,34.95001839767498,-0.2207637519603305,0,0,0
4141,34.92596634305334,-0.210529684428051,0,1,0
4142,35.02085543238032,-0.2412220694551822,0,0,0
4143,34.90694694556911,-0.2145722325730806,0,0,0
4144,34.86983116240947,-0.1717731685071644,0,0,0
4145,35.008428860993014,-0.2642324126343201,0,0,0
4146,35.04063621374661,-0.2330790728682278,0,1,0
4147,35.02776722081489,-0.1675460253187898,0,1,0
4148,35.045376889451106,-0.1616843424212492,0,1,0
4149,34.86485719033215,-0.232963574047978,0,0,0
4150,34.95332522136444,-0.2292640810456261,0,0,0
4151,34.91517566637956,-0.2312520917221358,0,0,0
4152,34.86551986023434,-0.2378186253919808,0,0,0
4153,35.07456956651386,-0.1921143332186919,0,1,0
4154,34.87944664582457,-0.1443900200821905,0,0,0
4155,35.05919078604861,-0.2225789570507104,0,1,0
4156,35.091604940960714,-0.1736965070302372,0,1,0
4157,35.11693880339754,-0.1655096077986123,0,1,0
4158,34.82871598374936,-0.2151056678128344,0,0,0
4159,34.9599913140815,-0.1772618203461121,0,0,0
4160,34.89170070742053,-0.2335799444445802,0,0,0
4161,35.05153968425035,-0.2184582569013362,0,1,0
4162,35.00097152768121,-0.2425534098490956,0,0,0
4163,34.82923495805231,-0.152196244523714,0,0,0
4164,34.92313940158112,-0.1911065317308387,0,1,0
4165,34.78845963600992,-0.1808403921866874,0,1,0
4166,34.858814025666746,-0.2290606173840856,0,0,0
4167,35.038605818575604,-0.2547164822276719,0,1,0
4168,34.96854172694383,-0.1969960416363768,0,0,0
4169,34.898148015588255,-0.2009261492188911,0,0,0
4170,35.05414623379428,-0.1618891300841431,0,1,0
4171,35.038079264623164,-0.2056002377846294,0,1,0
4172,35.10713859400747,-0.1930550278165962,0,0,0
4173,34.9066287453043,-0.2109800230069293,0,0,0
4174,35.01296435433783,-0.1944424001198541,0,0,0
4175,34.91026526098887,-0.1737812125228565,0,0,0
4176,34.891068355155646,-0.1297807785375879,0,0,0
4177,34.837490543860866,-0.231081613798587,0,0,0
4178,34.972599402654694,-0.1703850441113028,0,0,0
4179,34.85191918677138,-0.2375068675379902,0,1,0
4180,34.83317758389889,-0.265401070248868,1,0,0
4181,34.79369777948919,-0.1927921751109162,1,0,0
4182,34.85173986649677,-0.2703067613827394,1,0,0
4183,34.80211408769801,-0.2087604290188936,1,0,0
4184,34.78070671208457,-0.1858620339855322,1,0,0
4185,34.86095959520925,-0.2784048472356196,1,0,0
4186,34.85897167242374,-0.2801519329783331,1,0,0
4187,34.7910133405139,-0.1927307845495074,1,0,0
4188,34.83401052408781,-0.2546644326009971,1,0,0
4189,34.843059003680864,-0.2620416788755815,1,0,0
4190,34.83361939826145,-0.2577029330199075,1,0,0
4191,34.79047843099603,-0.1925392809024731,1,0,0
4192,34.83275784628318,-0.2546358013466784,1,0,0
4193,34.84342667360764,-0.2611537910221259,1,0,0
4194,34.831866985544515,-0.2542569181313679,1,0,0
4195,34.79243514973808,-0.1936596572080375,1,0,0
4196,34.809639998206706,-0.2243495453492118,1,0,0
4197,34.843249673595416,-0.2609704852248954,1,0,0
4198,34.834175796539974,-0.2559230377490951,1,0,0
4199,34.8467760202216,-0.2658910878291105,1,0,0
4200,34.833747596044525,-0.262366651857256,1,0,0
4201,34.83327321194204,-0.2566194543542041,1,0,0
4202,34.829717582788,-0.2543870617553907,1,0,0
4203,34.83442245360222,-0.2661465494809644,1,0,0
4204,34.83391094345344,-0.2638044721806689,1,0,0
4205,34.833533539446975,-0.2655884619284542,1,0,0
4206,34.833383837705234,-0.262896125002122,1,0,0
4207,34.833446304783614,-0.2571611937882586,1,0,0
4208,34.83549811746896,-0.2659918604768522,1,0,0
4209,34.79864543511874,-0.1986420024404287,1,0,0
4210,34.83354913759762,-0.2641547292392843,1,0,0
4211,34.82955622062085,-0.2527700148308381,1,0,0
4212,34.82513125228789,-0.2481873292564347,1,0,0
4213,34.834622853633945,-0.2641792576585757,1,0,0
4214,34.82090979042639,-0.2577711527985135,1,0,0
4215,34.84109833108745,-0.2612798186889759,1,0,0
4216,34.845367819584766,-0.263707793488471,1,0,0
4217,34.83115703350586,-0.2537029078958933,1,0,0
4218,34.82291537607343,-0.2544109330328673,1,0,0
4219,34.790482387867364,-0.192180826925732,1,0,0
4220,34.92174297179063,-0.2201112248776077,0,0,0
4221,34.900911963130724,-0.2099521072748234,0,0,0
4222,34.99079092483827,-0.2405254944991169,0,1,0
4223,34.88028200178036,-0.2139585775896437,0,0,0
4224,34.85712462276063,-0.1714806704048941,0,1,0
4225,34.876898708830986,-0.2612030462833942,0,0,0
4226,35.0091398752491,-0.2323479458502781,0,1,0
4227,35.01863998053423,-0.167333366533841,0,0,0
4228,35.03911307048092,-0.1615381448284415,0,1,0
4229,34.83318181023664,-0.2322378126084905,0,1,0
4230,34.90160656668151,-0.2280718641899343,0,1,0
4231,34.883500268132885,-0.2305235306079768,0,0,0
4232,34.83545520566008,-0.237129891769509,0,1,0
4233,35.05667336843109,-0.1916966601238687,0,1,0
4234,34.87765695462776,-0.1443487101005574,0,1,0
4235,35.03109440355851,-0.2219253781954413,0,1,0
4236,35.08050914382496,-0.1734368782480241,0,1,0
4237,35.109601216725764,-0.1653374920105483,0,1,0
4238,35.06100642461007,-0.2202915569117461,0,1,0
4239,34.94585313101491,-0.176934301126759,0,1,0
4240,34.86002535478349,-0.2328527558171432,0,0,0
4241,35.02469591920596,-0.217833988391079,0,1,0
4242,34.902546018780264,-0.2402821233542975,0,0,0
4243,34.82493972199049,-0.1520975260773221,0,1,0
4244,34.90488522339292,-0.1906852229303912,0,1,0
4245,35.10809015774245,-0.1880598428953706,0,1,0
4246,34.827675420648546,-0.2283472987914253,0,0,0
4247,35.01068907158818,-0.2540692869705149,0,0,0
4248,34.94760321963266,-0.1965113632759049,0,0,0
4249,34.876493704584824,-0.2004276421640667,0,0,0
4250,35.04788241667005,-0.1617428399640668,0,1,0
4251,35.01588819635691,-0.205084205291433,0,0,0
4252,35.08942137963177,-0.1926405630990504,0,1,0
4253,34.88139540695099,-0.2103991751088103,0,0,0
4254,34.993994400486216,-0.1940017476210705,0,0,0
4255,34.8972008189887,-0.1734796084384987,0,1,0
4256,34.89071041287962,-0.1297725017949304,0,0,0
4257,35.055103714551464,-0.2359243718358701,0,1,0
4258,34.961861487311,-0.1701359306146375,0,1,0
4259,34.82203347547369,-0.2368229111507743,0,1,0
4260,34.83622757656197,-0.2647537016633555,1,0,0
4261,34.79083042145742,-0.1930851460832719,1,0,0
4262,34.83585017401046,-0.2665376847487553,1,0,0
4263,34.94436135459104,-0.2143598769414451,1,0,0
4264,34.781054739568425,-0.186766362182645,1,0,0
4265,34.863844234980576,-0.2764990385721732,1,0,0
4266,34.85771901934282,-0.2801232919722234,1,0,0
4267,34.78975664609359,-0.1930605941085027,1,0,0
4268,34.830627990889774,-0.2529737698730473,1,0,0
4269,34.833220493069526,-0.2614583035979603,1,0,0
4270,34.822001078815326,-0.2561826926132194,1,0,0
4271,34.79047447447205,-0.1928977348837448,1,0,0
4272,34.83277739675278,-0.2528436339586766,1,0,0
4273,34.821244287139,-0.2599299594325493,1,0,0
4274,34.83099567614589,-0.2520858635974605,1,0,0
4275,34.794043833675914,-0.1938757180923411,1,0,0
4276,34.94291574901703,-0.215581130806899,1,0,0
4277,34.84254753433725,-0.2596996186882978,1,0,0
4278,34.833475616930535,-0.2544729451748853,1,0,0
4279,34.84588516056373,-0.2655122038230303,1,0,0
4280,34.836079838284945,-0.2618821578277052,1,0,0
4281,34.8227325157319,-0.2547652844780865,1,0,0
4282,34.831351629209294,-0.2522732609394443,1,0,0
4283,34.8465951166588,-0.2660662096834104,1,0,0
4284,34.845013818399735,-0.2633411828677016,1,0,0
4285,34.83550786613029,-0.2650957799663039,1,0,0
4286,34.8444886744647,-0.2622536250915944,1,0,0
4287,34.83310793628776,-0.2553608480682557,1,0,0
4288,34.84695497262626,-0.2658951793802088,1,0,0
4289,34.944554251547395,-0.2131096896193231,1,0,0
4290,34.84590467769828,-0.2637200686133066,1,0,0
4291,34.82512929572501,-0.2483665478689273,1,0,0
4292,34.94092730697097,-0.2173275648950802,1,0,0
4293,34.83444975207349,-0.2636375203798044,1,0,0
4294,34.8203846388733,-0.256683577296012,1,0,0
4295,34.83287234469897,-0.2605540430733904,1,0,0
4296,34.83409964908757,-0.2629124780943282,1,0,0
4297,34.82975277398374,-0.2511611469870151,1,0,0
4298,34.831168764034054,-0.2526276050882756,1,0,0
4299,34.790655415299426,-0.1927226000576255,1,0,0
4300,34.92585901642048,-0.220206129500663,0,0,0
4301,34.85080314180325,-0.2088001178642404,0,0,0
4302,34.98220106014373,-0.2403267514755279,0,0,0
4303,34.849143044826654,-0.213243472582737,0,0,0
4304,34.83242738959538,-0.1709129311031803,0,0,0
4305,34.86651943511856,-0.2609652279860312,0,0,0
4306,35.00788717929807,-0.232318901345405,0,1,0
4307,35.00092238850185,-0.1669209588066464,0,0,0
4308,35.0265854285872,-0.1612459479253719,0,0,0
4309,34.82799205561029,-0.2321190631241525,0,1,0
4310,34.90017490718476,-0.2280389255120179,0,0,0
4311,34.87992112504456,-0.230441313217214,0,0,0
4312,34.82686529900829,-0.2369333893446884,0,1,0
4313,35.01927028006125,-0.1908254622997344,0,0,0
4314,34.87425654105893,-0.1442702360242306,0,0,0
4315,35.03574730945619,-0.2220335226408221,0,1,0
4316,35.05867546643931,-0.1729266008629519,0,1,0
4317,35.095283969214634,-0.1650019173373016,0,1,0
4318,34.804914372959615,-0.2145610560921429,0,1,0
4319,34.91811363864338,-0.1762926780238778,0,1,0
4320,34.85483560465082,-0.2327337724778696,0,0,0
4321,35.009305483234,-0.2174766201119627,0,0,0
4322,34.89306136227469,-0.2400641122583664,0,0,0
4323,34.81617027979579,-0.1518960725448638,0,1,0
4324,34.86569239201192,-0.1897825422490669,0,1,0
4325,35.07444520810155,-0.1872729404189038,0,0,0
4326,34.82606480229603,-0.2283104472849454,0,0,0
4327,35.00997325723096,-0.2540527093893827,0,0,0
4328,34.90733681884456,-0.1955813617342902,0,0,0
4329,34.833185036561616,-0.1994329937718319,0,0,0
4330,35.03535477846615,-0.1614504579974941,0,1,0
4331,34.971148089994045,-0.2040463331738875,0,0,0
4332,35.05166041309743,-0.1917589699553196,0,0,0
4333,34.83057074754714,-0.2092324888072536,0,0,0
4334,34.95462276017698,-0.1930891171854319,0,0,0
4335,34.87142984834284,-0.1728855062184251,0,0,0
4336,34.88999452831465,-0.129755948958675,0,0,0
4337,35.05062981551592,-0.2358203241661484,0,1,0
4338,34.9403856451069,-0.1696382861956049,0,1,0
4339,34.81326460862336,-0.2366225137706339,0,1,0
4340,34.83318733228134,-0.264504986871816,1,0,0
4341,34.783351573567764,-0.1895079767484507,1,0,0
4342,34.83442440292682,-0.2659673331093683,1,0,0
4343,34.799709322912754,-0.1995626862670436,1,0,0
4344,34.78054161118321,-0.1846033372626094,1,0,0
4345,34.85156871456329,-0.2695858209195807,1,0,0
4346,34.85915256902861,-0.2799768144811961,1,0,0
4347,34.783174589254514,-0.1893246572585768,1,0,0
4348,34.833837434785444,-0.254122692830995,1,0,0
4349,34.836978506767224,-0.2615441732361238,1,0,0
4350,34.82001892513732,-0.2573922856169336,1,0,0
4351,34.78264561556437,-0.1885954696774322,1,0,0
4352,34.83294266455806,-0.2541022412697328,1,0,0
4353,34.84020942373198,-0.2607217200163864,1,0,0
4354,34.833306437882506,-0.2535727719142704,1,0,0
4355,34.789752690289546,-0.1934190484503477,1,0,0
4356,34.806324383840064,-0.2165652424346675,1,0,0
4357,34.83305520161284,-0.2601996982988002,1,0,0
4358,34.83363893514649,-0.2559107676598205,1,0,0
4359,34.832825527504546,-0.264855245078248,1,0,0
4360,34.83590088530565,-0.261878068617716,1,0,0
4361,34.833633073166375,-0.2564484172561321,1,0,0
4362,34.833125528623164,-0.2537478981721786,1,0,0
4363,34.834251298922844,-0.2654255961613676,1,0,0
4364,34.84537172391145,-0.2633493661935384,1,0,0
4365,34.83318538243065,-0.2646842035450018,1,0,0
4366,34.83374954710076,-0.2621874353316042,1,0,0
4367,34.83326930466282,-0.2569778876036435,1,0,0
4368,34.83371639099092,-0.2652341164190983,1,0,0
4369,34.79545377560553,-0.1958799468407139,1,0,0
4370,34.845367819584766,-0.263707793488471,1,0,0
4371,34.818649778983804,-0.2516245560062947,1,0,0
4372,34.823363228711564,-0.2461750300618796,1,0,0
4373,34.8462625831022,-0.2637282522981497,1,0,0
4374,34.82126964901735,-0.2576001045149457,1,0,0
4375,34.833586205547384,-0.2607496143880096,1,0,0
4376,34.83517336613046,-0.262937009342475,1,0,0
4377,34.83277739675278,-0.2528436339586766,1,0,0
4378,34.833839389848535,-0.2539434763566445,1,0,0
4379,34.78193965871822,-0.1876829617295867,1,0,0
4380,34.83853900895976,-0.2171233131568656,0,0,0
4381,35.05357644812042,-0.212412596143435,0,1,0
4382,34.977745022718786,-0.2386106635219011,0,0,0
4383,34.91644370571508,-0.2137156258386011,0,0,0
4384,35.0482630983668,-0.1755508927462557,0,1,0
4385,34.8473929539456,-0.2585556234633515,0,1,0
4386,34.91555930476945,-0.228930784792194,0,1,0
4387,35.04011786357484,-0.1676547988246616,0,1,0
4388,34.8726739709436,-0.1576776829984977,0,1,0
4389,34.83373440892403,-0.2308163682401539,0,1,0
4390,34.89696751476742,-0.2267104212296719,0,0,0
4391,35.037597946407615,-0.232650049051794,0,1,0
4392,34.82169322050722,-0.2352017543344109,0,1,0
4393,35.00997027835828,-0.1900715535817628,0,0,0
4394,34.861191790595775,-0.1439689118433549,0,0,0
4395,34.95683871133013,-0.2191290319578766,0,0,0
4396,34.98601775483592,-0.1710550654871528,0,1,0
4397,34.90522185671821,-0.160579877382709,0,0,0
4398,35.05475491926713,-0.2190707337765169,0,1,0
4399,35.041960897509995,-0.1788089039633137,0,1,0
4400,34.85986215420102,-0.2314149726738354,0,0,0
4401,35.04868837819674,-0.2173166347400936,0,1,0
4402,34.83957120175601,-0.2372240930654995,0,0,0
4403,35.07442236714317,-0.1577038347347687,0,1,0
4404,34.79966098731972,-0.1877297602103453,0,0,0
4405,34.91964616626437,-0.1833184973277992,0,0,0
4406,35.005574683854874,-0.2310107537419321,0,1,0
4407,34.886337690175125,-0.2492305813337166,0,0,0
4408,34.99789943364262,-0.1969599593149267,0,0,0
4409,35.03005216717594,-0.2030836975092496,0,1,0
4410,34.88108543148369,-0.1578716614181758,0,0,0
4411,34.8161757676638,-0.1997602775396701,0,0,0
4412,35.03609675934134,-0.19085867037151,0,0,0
4413,35.01312163500929,-0.2123678716378277,0,0,0
4414,34.86013658412567,-0.1903718132308257,0,0,0
4415,35.06274704014594,-0.1769642358998827,0,0,0
4416,34.86994975349988,-0.1292928209104363,0,0,0
4417,34.86560257721707,-0.2302918671996042,0,0,0
4418,34.865401044188154,-0.167727561712765,0,1,0
4419,35.055411735756415,-0.2404117226031836,0,1,0
