row,lon,lat,flooded,exclusion_mask,reference_water_mask
0,34.88886700515072,-0.263449223242662,1,0,0
1,34.88851693485773,-0.2627242017057915,1,0,0
2,34.864692751214,-0.2643292110586346,1,0,0
3,34.86630723417544,-0.264007672732425,1,0,0
4,34.86950296744799,-0.2664111440521592,1,0,0
5,34.86896806490878,-0.2662196414850011,1,0,0
6,34.866126326614335,-0.2641827833039238,1,0,0
7,34.87307419421734,-0.2672099486332531,1,0,0
8,34.839658897656335,-0.2619639532971539,1,0,0
9,34.870035915655514,-0.2667818543682271,1,0,0
10,34.88818058223377,-0.2607447586814734,1,0,0
11,34.88800554901999,-0.2603822471970499,1,0,0
12,34.887997709799485,-0.2610990593637198,1,0,0
13,34.86915288068429,-0.2656861164835596,1,0,0
14,34.839481896796265,-0.2617806479112246,1,0,0
15,34.8689661106168,-0.2663988492814338,1,0,0
16,34.8403727573479,-0.2621595298487972,1,0,0
17,34.869851101237714,-0.2673153787213293,1,0,0
18,34.867363356882315,-0.2656451350861436,1,0,0
19,34.86932401517195,-0.2664070457416062,1,0,0
20,34.86701327012595,-0.2649201063327349,1,0,0
21,34.86718245018635,-0.2658202454792182,1,0,0
22,34.840016803571025,-0.2619721340247112,1,0,0
23,34.872897196538055,-0.2670266426053646,1,0,0
24,34.840376661702464,-0.2618011000861542,1,0,0
25,34.869302523187734,-0.2683783305977812,1,0,0
26,34.888544368257186,-0.2602153609299854,1,0,0
27,34.88905183409122,-0.2629157198773746,1,0,0
28,34.88763784435845,-0.261270052029697,1,0,0
29,34.874145952582545,-0.2674137515046876,1,0,0
30,34.888900314248545,-0.2604027751956593,1,0,0
31,34.869327923940745,-0.266048630327744,1,0,0
32,34.86932206091855,-0.2665862534502147,1,0,0
33,34.83984175499656,-0.2616096136074211,1,0,0
34,34.869670195220095,-0.2674904881511102,1,0,0
35,34.86648227687625,-0.264370187521242,1,0,0
36,34.88818450206775,-0.2603863526894504,1,0,0
37,34.869662380631496,-0.268207318663305,1,0,0
38,34.86826202797094,-0.2653072091757265,1,0,0
39,34.868808660084355,-0.2644234649433989,1,0,0
40,34.86648618678584,-0.2640117707090371,1,0,0
41,34.88887288139021,-0.2629116147401881,1,0,0
42,34.84055171027726,-0.2621636203560256,1,0,0
43,34.86541051625596,-0.2641663923264362,1,0,0
44,34.86754230926712,-0.2656492329844853,1,0,0
45,34.86932596951268,-0.2662278380341151,1,0,0
46,34.86967996542086,-0.26659445003602,1,0,0
47,34.86913333883068,-0.2674781940199431,1,0,0
48,34.88835169651555,-0.2614656759578453,1,0,0
49,34.869487335671074,-0.2678448053965562,1,0,0
50,34.86897392830869,-0.2656820181024104,1,0,0
51,34.86450402673745,-0.265221158202778,1,0,0
52,34.865052611070645,-0.2641581971596062,1,0,0
53,34.86914310866586,-0.266582155237782,1,0,0
54,34.88780895991235,-0.2619909695593848,1,0,0
55,34.88908318771907,-0.2600484754141958,1,0,0
56,34.86931424477825,-0.2673030842958267,1,0,0
57,34.88854240816019,-0.2603945638352377,1,0,0
58,34.86862188759401,-0.2651361978617137,1,0,0
59,34.86719613219114,-0.2645657878384269,1,0,0
60,34.88853456864679,-0.2611113754674884,1,0,0
61,34.86985305521491,-0.2671361711416682,1,0,0
62,34.86843902574391,-0.2654905153554737,1,0,0
63,34.88833798212925,-0.2627200966850234,1,0,0
64,34.88904791646198,-0.2632741254554916,1,0,0
65,34.874143998107826,-0.2675929580179406,1,0,0
66,34.88871156190973,-0.2612946838090685,1,0,0
67,34.83788303300496,-0.2606685443887147,1,0,0
68,34.868256164339634,-0.2658448330852396,1,0,0
69,34.88854828871353,-0.2598569551228477,1,0,0
70,34.80558515449492,-0.1539835785559474,0,0,0
71,35.00182855494622,-0.1977680734039961,0,0,0
72,35.05194977746108,-0.1978588138229055,0,0,0
73,34.98123730022719,-0.1505122246052875,0,1,0
74,35.09905843882356,-0.179426145169525,0,0,0
75,34.835474844930346,-0.2353377316900694,0,1,0
76,34.78587487183877,-0.1879521992577221,0,1,0
77,34.96395685341473,-0.1907960208946302,0,0,0
78,34.86462222401688,-0.2872720449397887,0,1,0
79,35.05349546712667,-0.1561392487965041,0,1,0
80,34.86762209554231,-0.2419896634153482,0,0,0
81,34.85318012952844,-0.2531310807528601,0,0,0
82,34.95935408480385,-0.2182910250328252,0,0,0
83,34.95691876832763,-0.1798790961755175,0,1,0
84,34.863587342758564,-0.218235596219543,0,0,0
85,34.98112924044123,-0.1759598582158771,0,0,0
86,34.95995713555443,-0.1803079615653677,0,1,0
87,34.994636432600124,-0.2327287256121671,0,0,0
88,34.83504604849641,-0.1930222572824863,0,0,0
89,35.04791787659492,-0.2705238393028685,0,1,0
90,34.82439926466533,-0.2169787270506871,0,1,0
91,34.890324342373965,-0.2285293746312803,0,0,0
92,35.04450394765061,-0.1914129500150711,0,0,0
93,34.967697015634975,-0.1924957410696786,0,0,0
94,34.87749796113236,-0.2067245334002723,0,0,0
95,34.91765702873446,-0.1691124586521812,0,0,0
96,34.925143442357665,-0.1719741598375162,0,0,0
97,34.83504406374008,-0.1932014732396641,0,0,0
98,34.96678434479913,-0.1621847709962384,0,0,0
99,34.86332882118515,-0.2745154548317066,0,1,0
100,34.94611103840368,-0.1539982078728632,0,1,0
101,34.820408066645925,-0.2545329395624813,0,1,0
102,34.78181615223248,-0.1826604559247083,0,1,0
103,34.94775141746493,-0.1672995981265914,0,0,0
104,35.0341106902734,-0.2243252462317187,0,1,0
105,34.97366297934031,-0.1872571646388792,0,0,0
106,34.86750461329543,-0.1717195921754401,0,0,0
107,34.99924386629268,-0.2208276305640833,0,0,0
108,34.987312427430155,-0.1832724244418687,0,0,0
109,34.95539873228914,-0.1877301079951712,0,0,0
110,35.08977466264829,-0.1772376596940056,0,1,0
111,35.04627567268831,-0.2733530904734612,0,1,0
112,35.06825201079973,-0.1650860907981623,0,1,0
113,35.091769891495254,-0.1591852272803569,0,1,0
114,34.90501071426701,-0.2277917099644807,0,0,0
115,35.00493260801096,-0.224364732843242,0,0,0
116,34.83386083896837,-0.1869001660315015,0,0,0
117,34.82089028134282,-0.2595633497696963,0,0,0
118,34.9592030097168,-0.2157782958102723,0,0,0
119,34.991754733429026,-0.1702922480670813,0,1,0
120,35.00567746181217,-0.2702622027996464,0,0,0
121,34.87037564071031,-0.1391615996543947,0,0,0
122,34.882143166030666,-0.159330066224464,0,0,0
123,35.030969477211656,-0.2170837073019371,0,1,0
124,34.8689476983005,-0.2516997118976783,0,0,0
125,35.01704569982692,-0.2457933527756083,0,0,0
126,34.89409762067598,-0.1949176879038708,0,0,0
127,35.02285777107619,-0.2382218544637953,0,0,0
128,35.114977261891866,-0.1491569644504036,0,1,0
129,34.82814618030612,-0.1695597756346249,0,1,0
130,35.034788191482086,-0.1798962001932304,0,1,0
131,34.875775477057985,-0.2821496505971783,0,0,0
132,34.84874663497364,-0.184373821094822,0,0,0
133,35.12109585304009,-0.1620233171210829,0,1,0
134,34.92615290668628,-0.1617808406610715,0,0,0
135,35.10421182452166,-0.1827723532975131,0,1,0
136,34.905383974038934,-0.2102343672156554,0,1,0
137,35.052975750692774,-0.1862341732501311,0,1,0
138,34.98691063109887,-0.2031570336513065,0,1,0
139,34.82929132110312,-0.1792662767051004,0,0,0
140,34.94450051536258,-0.2179477866060866,1,0,0
141,34.942903810819466,-0.2166562659098575,1,0,0
142,34.9437767254318,-0.2186480102501202,1,0,0
143,34.94180818058234,-0.2186025529619537,1,0,0
144,34.865785477234525,-0.2299375562949886,1,0,0
145,34.8913743814674,-0.2307044845589122,1,0,0
146,34.944675496112765,-0.2183102973021186,1,0,0
147,34.89117765389093,-0.232313190111583,1,0,0
148,34.94146020578572,-0.21769834092564,1,0,0
149,34.86022794881039,-0.2307063413156442,1,0,0
150,34.9478113878735,-0.2099587341117339,1,0,0
151,34.947107510280325,-0.2088670612670665,1,0,0
152,34.94672965656732,-0.2106506709949435,1,0,0
153,34.89173427067085,-0.230533510206397,1,0,0
154,34.942722862557844,-0.2168313221697784,1,0,0
155,34.86399590447037,-0.2298964976904904,1,0,0
156,34.94414259793769,-0.2179395203724529,1,0,0
157,34.86074512111807,-0.2325107514185354,1,0,0
158,34.89102831804232,-0.2296210440398943,1,0,0
159,34.86292018971482,-0.2300510742783017,1,0,0
160,34.89157704414794,-0.2285581738396533,1,0,0
161,34.86525649175843,-0.2292084037929998,1,0,0
162,34.943607710756595,-0.2177479324095233,1,0,0
163,34.89100659402917,-0.2315922680541512,1,0,0
164,34.94451245120434,-0.2168726538697714,1,0,0
165,34.946214704275164,-0.2086671925835905,1,0,0
166,34.9465766121853,-0.2083170881732757,1,0,0
167,34.94128920248291,-0.2169774502742404,1,0,0
168,34.946536748595854,-0.2119008531748678,1,0,0
169,34.869523864053434,-0.2318158721613076,1,0,0
170,34.94800031609985,-0.2090669308497734,1,0,0
171,34.891911252758,-0.2307168261181571,1,0,0
172,34.86363404770081,-0.2302467045998971,1,0,0
173,34.94416249227023,-0.2161476316071426,1,0,0
174,34.865956549166235,-0.2306584961139506,1,0,0
175,34.94394773027778,-0.219368898789249,1,0,0
176,34.946210716785444,-0.2090255692465086,1,0,0
177,34.94164115331957,-0.2175232837468216,1,0,0
178,34.86436170488151,-0.2291878737359358,1,0,0
179,34.94071852620789,-0.2200112787496939,1,0,0
180,34.94217007475596,-0.2182524386840255,1,0,0
181,34.94576118388401,-0.217259966208321,1,0,0
182,34.94217405202601,-0.2178940599332928,1,0,0
183,34.941267328371346,-0.2189485358563255,1,0,0
184,34.89173822095066,-0.23017510619997,1,0,0
185,34.89066052792649,-0.2305088276269671,1,0,0
186,34.86291230639832,-0.2307679109689373,1,0,0
187,34.86987980692459,-0.2320032933428438,1,0,0
188,34.94635380467895,-0.2122550945336435,1,0,0
189,34.86377950987901,-0.2332973623226102,1,0,0
190,34.863822861223326,-0.2293547652899067,1,0,0
191,34.94013199337587,-0.2244786318341811,1,0,0
192,34.94126931648796,-0.2187693462521986,1,0,0
193,34.861478678633034,-0.2309142818462881,1,0,0
194,34.94489425068142,-0.2147306565804751,1,0,0
195,34.94801228110654,-0.207991803558977,1,0,0
196,34.8641571239177,-0.2315134830774023,1,0,0
197,34.948358235950124,-0.2090752038162202,1,0,0
198,34.891221105345174,-0.2283707431006713,1,0,0
199,34.944478641197136,-0.2199188633969746,1,0,0
200,34.94708359018286,-0.2110173186437496,1,0,0
201,34.87060154878177,-0.2314820994754405,1,0,0
202,34.8913822818302,-0.2299876761896577,1,0,0
203,34.943617656894176,-0.216851987347384,1,0,0
204,34.9452163501998,-0.2179643197188006,1,0,0
205,34.86951006829598,-0.2330703249364615,1,0,0
206,34.94456221790852,-0.2123929345816598,1,0,0
207,34.945983934967984,-0.2133219547710417,1,0,0
208,34.86596443450524,-0.2299416624511464,1,0,0
209,34.948026244277905,-0.206737488438997,1,0,0
210,35.10482014931047,-0.1607454901145267,0,1,0
211,34.83593093719271,-0.193938865321323,0,0,0
212,34.88945257666933,-0.1940936883811571,0,0,0
213,34.96208772062651,-0.1500672994331477,0,0,0
214,35.00009139327849,-0.1771172638084076,0,0,0
215,35.03554768729961,-0.2399501204038996,0,1,0
216,34.96269208778694,-0.191842106304852,0,0,0
217,34.817386285412475,-0.1874186640166394,0,0,0
218,34.86587487019587,-0.2873006884420848,0,1,0
219,35.00517434067361,-0.1550121060983798,0,0,0
220,34.82824987515456,-0.2412673583761682,0,1,0
221,34.821145370267985,-0.2525778691295376,0,1,0
222,34.914435437092905,-0.2172541730334197,0,0,0
223,34.845602989524366,-0.1773104940988917,0,1,0
224,34.85965024699732,-0.2181452261976116,0,0,0
225,34.88484622628584,-0.1737324054034827,0,0,0
226,34.847388647178924,-0.1777100505999589,0,1,0
227,35.04313361850413,-0.2338539585537967,0,1,0
228,34.99289252559455,-0.1964852953212065,0,1,0
229,34.848742545167006,-0.2661153106608714,0,1,0
230,34.82010424443752,-0.2168804235540276,0,1,0
231,34.90213552850695,-0.2288010146998833,0,0,0
232,34.901870811751266,-0.1881062686406346,0,0,0
233,34.81593672074603,-0.1889988383166495,0,0,0
234,34.97807556025619,-0.2088667086122466,0,0,0
235,34.83157447596076,-0.1671288286920436,0,0,0
236,34.83780833180691,-0.1699609741279429,0,0,0
237,34.99181674972308,-0.1966395533950492,0,0,0
238,34.9005667097512,-0.1606515793702965,0,1,0
239,34.86905525874565,-0.27464650528241,0,1,0
240,34.89224174691549,-0.1527516819825587,0,0,0
241,35.03157309730945,-0.2593920724710876,0,0,0
242,34.9827941041204,-0.1871105098831402,0,0,0
243,34.86650087007606,-0.1654225854152215,0,0,0
244,35.04753250694398,-0.224637324760981,0,0,0
245,34.8392615620422,-0.1841559580823645,0,1,0
246,34.77676905852476,-0.169637228599504,0,1,0
247,34.995127828129,-0.2207322126531806,0,0,0
248,34.86704878924219,-0.1804925393518409,0,0,0
249,34.81813390902828,-0.1845675491599848,0,0,0
250,34.99725015765251,-0.1750797763957493,0,1,0
251,34.82437385518878,-0.268426787090008,0,0,1
252,35.01348845627974,-0.1638082505715621,0,1,0
253,35.05687141162316,-0.1583686386544282,0,1,0
254,34.91270588418997,-0.2279688620677708,0,0,0
255,35.02068087869959,-0.2247301489065998,0,1,0
256,35.02052100218627,-0.1910337727302908,0,0,0
257,35.020601564070354,-0.2641558050837482,0,1,0
258,34.86310189150024,-0.2135638354022804,0,0,0
259,34.906567184826216,-0.1683184772997019,0,0,0
260,35.03126750113646,-0.2708546229969493,0,0,0
261,34.86285890506883,-0.1389881975041226,0,0,0
262,34.83221132782562,-0.158180333852514,0,1,0
263,34.931826252119855,-0.2147873957454235,0,0,0
264,34.83566022724295,-0.2511169276095014,0,1,0
265,34.90698639206116,-0.2434313812508306,0,0,0
266,35.048722432655936,-0.1983212311422184,0,1,0
267,34.97149545289802,-0.2372115828364779,0,0,0
268,34.992026130770135,-0.1462825699678137,0,0,0
269,35.08496294141111,-0.175333075630917,0,1,0
270,34.92937836930092,-0.1774492725892632,0,0,0
271,34.85304685883277,-0.2818090520915577,0,1,0
272,35.048650349532856,-0.1888214445868123,0,1,0
273,35.079575716376155,-0.1610500907965875,0,1,0
274,34.85850347425712,-0.1602192629958253,0,0,0
275,34.99432825413645,-0.1802093330975628,0,0,0
276,35.034057860605856,-0.2130336072978361,0,1,0
277,34.92788049267848,-0.1833295286973314,0,0,0
278,34.80401231030983,-0.1989440463985155,0,1,0
279,35.050134575902746,-0.1841966082044427,0,0,0
280,34.88904987523287,-0.2630949226658714,1,0,0
281,34.88834385919866,-0.2621824877952086,1,0,0
282,34.844451589819904,-0.2656586886635832,1,0,0
283,34.841928703165784,-0.2672143523072142,1,0,0
284,34.843724076223175,-0.2667176099900847,1,0,0
285,34.84408588184362,-0.266367362923661,1,0,0
286,34.84352952390874,-0.2681472325536192,1,0,0
287,34.84443793498874,-0.2669131858704529,1,0,0
288,34.8878050417501,-0.2623493757497636,1,0,0
289,34.844081980822324,-0.2667257908779543,1,0,0
290,34.88889443433585,-0.2609403836509488,1,0,0
291,34.84425898271609,-0.2669090953367873,1,0,0
292,34.844966990665164,-0.2676423128319338,1,0,0
293,34.84194040395121,-0.2661390652419452,1,0,0
294,34.88834190008807,-0.2623616907573577,1,0,0
295,34.84139769622935,-0.2666644394495466,1,0,0
296,34.88833798212925,-0.2627200966850234,1,0,0
297,34.84372017564809,-0.2670760381263805,1,0,0
298,34.84175950124236,-0.2663141898342828,1,0,0
299,34.84479974057295,-0.2665629394973199,1,0,0
300,34.84355487676333,-0.2658174490834247,1,0,0
301,34.84281761475954,-0.2677724444630465,1,0,0
302,34.88798399453045,-0.2623534806986435,1,0,0
303,34.84372212589205,-0.266896824057673,1,0,0
304,34.8890557520703,-0.2625573143037479,1,0,0
305,34.88764176352128,-0.2609116457637345,1,0,0
306,34.88818058223377,-0.2607447586814734,1,0,0
307,34.84299461720782,-0.2679557485974352,1,0,0
308,34.88781679728623,-0.2612741571921194,1,0,0
309,34.84496894081824,-0.2674630990706142,1,0,0
310,34.88782071649787,-0.2609157510152179,1,0,0
311,34.84301216774137,-0.2663428203711684,1,0,0
312,34.84175560085501,-0.2666726189425799,1,0,0
313,34.84478608845154,-0.2678174361217178,1,0,0
314,34.8442628836118,-0.2665506674690492,1,0,0
315,34.84409368493223,-0.2656505070284471,1,0,0
316,34.88835953523169,-0.2607488641384629,1,0,0
317,34.88887092255626,-0.2630908175732236,1,0,0
318,34.842837116416014,-0.2659803015622754,1,0,0
319,34.84301801948816,-0.2658051776491189,1,0,0
320,34.84301997024474,-0.2656259634106701,1,0,0
321,34.88816294730977,-0.2623575857011717,1,0,0
322,34.888874840311615,-0.2627324119082801,1,0,0
323,34.888511058502225,-0.2632618104721034,1,0,0
324,34.84389912789941,-0.2670801284547127,1,0,0
325,34.841578598668406,-0.2664893145701499,1,0,0
326,34.84372602664148,-0.2665383959236016,1,0,0
327,34.844789988621784,-0.2674590085091784,1,0,0
328,34.887456932003815,-0.261445150100125,1,0,0
329,34.84460908631999,-0.2676341318514924,1,0,0
330,34.845147893013674,-0.2674671896856883,1,0,0
331,34.84391083081699,-0.2660048443255129,1,0,0
332,34.84461493689452,-0.2670964903045297,1,0,0
333,34.844264834190426,-0.2663714535368495,1,0,0
334,34.88852868993002,-0.261648984203479,1,0,0
335,34.88782267623486,-0.2607365479284569,1,0,0
336,34.84210765540293,-0.2672184420547008,1,0,0
337,34.88871744122445,-0.26075707521343,1,0,0
338,34.84425508216907,-0.2672675232089811,1,0,0
339,34.841942354387164,-0.2659598507349616,1,0,0
340,34.88763784435845,-0.261270052029697,1,0,0
341,34.844616887260365,-0.2669172764577699,1,0,0
342,34.84158249918131,-0.2661308853753247,1,0,0
343,34.8883458183967,-0.2620032848341847,1,0,0
344,34.8885149759851,-0.2629034046267694,1,0,0
345,34.84443208422582,-0.2674508275472522,1,0,0
346,34.88799575021298,-0.261278262408191,1,0,0
347,34.88817274361524,-0.2614615706789901,1,0,0
348,34.843729927739574,-0.2661799677939897,1,0,0
349,34.88836149512935,-0.2605696611864262,1,0,0
350,34.81023832136325,-0.1540903582612655,0,0,0
351,35.02115637376034,-0.1982172047361109,0,0,0
352,35.071098619161795,-0.198305425443774,0,1,0
353,34.983563883825724,-0.1505663230570967,0,0,0
354,35.110691071847235,-0.1796986150751953,0,0,0
355,34.86697119224063,-0.2360593781569609,0,0,0
356,34.80341326858895,-0.1883534629972169,0,1,0
357,34.98113723992939,-0.1911942681692806,0,0,0
358,34.86444327455869,-0.2872679532251983,0,1,0
359,35.05671687276233,-0.1562145315406905,0,1,0
360,34.90037095555867,-0.2427415475795666,0,1,0
361,34.88807616497003,-0.2539309385068204,0,0,0
362,34.985660991288604,-0.2188998384262903,0,0,0
363,34.96998313347972,-0.1801819236969065,0,0,0
364,34.8904311640705,-0.2188524494875365,0,0,0
365,34.99258296140805,-0.1762258728436267,0,1,0
366,34.97320045955099,-0.18061500058881,0,0,0
367,35.02470111777964,-0.2334258221918352,0,0,0
368,34.85419502445383,-0.193461879462307,0,0,0
369,35.0452336077066,-0.2704615684011615,0,1,0
370,34.85124312754059,-0.2175938261578195,0,1,0
371,34.920031256449285,-0.2292130367676721,0,0,0
372,35.06114741895071,-0.1918010279139122,0,1,0
373,34.98541426475048,-0.1929065136197612,0,1,0
374,34.90076280923169,-0.2072599903248135,0,0,0
375,34.92696323593889,-0.1693276529156793,0,1,0
376,34.93534445312835,-0.1722101444982568,0,1,0
377,34.854193037038705,-0.1936410906687079,0,0,0
378,34.97304816756614,-0.1623301851610078,0,0,0
379,34.862791967610406,-0.2745031716668775,0,1,0
380,34.94969038988269,-0.1540812068592618,0,1,0
381,34.855661989083025,-0.2553389710982937,0,0,0
382,34.79756498281724,-0.1830207543861745,0,0,0
383,34.95598383953362,-0.167490400570081,0,1,0
384,35.06167014744295,-0.2249663744090096,0,1,0
385,34.98941170822094,-0.1876225445492404,0,0,0
386,34.87824253078991,-0.1719669436270143,0,0,0
387,35.02608757982893,-0.2214506188895313,0,1,0
388,35.00145053199538,-0.1836008254032082,0,0,0
389,34.97150538528142,-0.1881032820433058,0,0,0
390,35.10051249767752,-0.1774890240282739,0,0,0
391,35.04520196743759,-0.2733281878847208,0,1,0
392,35.07469477529849,-0.165236757002143,0,1,0
393,35.09570715331285,-0.1592774840157605,0,1,0
394,34.952792319648324,-0.2288933085112869,0,0,0
395,35.032849991394926,-0.2250128009568767,0,1,0
396,34.85068338464138,-0.1872864496644185,0,0,0
397,34.84934384857007,-0.2602135690722562,0,1,0
398,34.984794131837006,-0.2163706095022315,0,0,0
399,35.000702991308614,-0.1705002862612724,0,0,0
400,35.00317214214462,-0.2702042625275602,0,0,0
401,34.87127049006549,-0.1391822491197597,0,0,0
402,34.888049076900394,-0.1594663340485772,0,0,0
403,35.05656054609551,-0.217679117689448,0,1,0
404,34.99063637217685,-0.2545013260688472,0,0,0
405,35.04997334696481,-0.2465575842697873,0,1,0
406,34.91342551348453,-0.1953633274607349,0,0,0
407,35.05417500602531,-0.2389493022451345,0,1,0
408,35.116409004219136,-0.1491905863865955,0,1,0
409,34.83834722525683,-0.1697940959613042,0,0,0
410,35.04731565000348,-0.1801882498026938,0,1,0
411,34.875417576810804,-0.2821414579089519,0,0,0
412,34.86449542878248,-0.1847358904042197,0,0,0
413,35.12592793413058,-0.1621367691278334,0,1,0
414,34.932595701831694,-0.1619299646116025,0,0,0
415,34.77598964782322,-0.1753562304933288,0,1,0
416,34.92954354816076,-0.2107914740614247,0,0,0
417,35.06765069680092,-0.186576643687828,0,1,0
418,35.00838590002606,-0.2036553985433123,0,1,0
419,34.8432505391554,-0.1795868123312712,0,0,0
420,34.86879302140249,-0.2658571276124545,1,0,0
421,34.8675481728678,-0.2651116085447256,1,0,0
422,34.83729154131527,-0.2656743123944937,1,0,0
423,34.869327923940745,-0.266048630327744,1,0,0
424,34.872535383397164,-0.2673768580902507,1,0,0
425,34.837639697413884,-0.2665785677287751,1,0,0
426,34.86950492181311,-0.266231936389138,1,0,0
427,34.870384049849406,-0.2676860885254266,1,0,0
428,34.86754426371336,-0.265470024836778,1,0,0
429,34.86913333883068,-0.2674781940199431,1,0,0
430,34.831507122912164,-0.2544279556688552,1,0,0
431,34.83025639923563,-0.2542201120020922,1,0,0
432,34.831145306112894,-0.2547782107437129,1,0,0
433,34.86913724650277,-0.2671197785037255,1,0,0
434,34.86718831337878,-0.2652826207693129,1,0,0
435,34.87038795768799,-0.2673276736295924,1,0,0
436,34.86879497593208,-0.2656779197749101,1,0,0
437,34.87235252288566,-0.2677311730074925,1,0,0
438,34.87413813520788,-0.2681305775644239,1,0,0
439,34.87056690983604,-0.2673317720396266,1,0,0
440,34.83710868921338,-0.2660286551495638,1,0,0
441,34.87038991173829,-0.2671484661833531,1,0,0
442,34.86790216852865,-0.2654782208833168,1,0,0
443,34.87217552491586,-0.2675478671463223,1,0,0
444,34.86808307554146,-0.265303110973875,1,0,0
445,34.87413422704472,-0.2684889906010016,1,0,0
446,34.830974169967725,-0.2540572525597663,1,0,0
447,34.86718635889399,-0.2654618290048232,1,0,0
448,34.832219029857015,-0.2548027484924549,1,0,0
449,34.87074000020997,-0.2678734925818871,1,0,0
450,34.831151169417474,-0.2542405593147773,1,0,0
451,34.87468476359445,-0.2672468438963276,1,0,0
452,34.8736090961966,-0.2674014532171242,1,0,0
453,34.8679080325376,-0.2649405967137127,1,0,0
454,34.874319041474,-0.2679554704508179,1,0,0
455,34.87003982426998,-0.2664234393056717,1,0,0
456,34.83043535327405,-0.254224201357242,1,0,0
457,34.83747634403702,-0.2651407542631127,1,0,0
458,34.874330768730545,-0.2668802316415531,1,0,0
459,34.873618869515,-0.2665054200003216,1,0,0
460,34.83711453880732,-0.2654910080376947,1,0,0
461,34.86700740648276,-0.265457731169323,1,0,0
462,34.837297391505146,-0.2651366654224001,1,0,0
463,34.867357494140656,-0.2661827596693684,1,0,0
464,34.87468671831699,-0.2670676375187763,1,0,0
465,34.86931424477825,-0.2673030842958267,1,0,0
466,34.874324904709134,-0.2674178510411534,1,0,0
467,34.87235056882933,-0.2679103799678323,1,0,0
468,34.83239602937889,-0.2549860551399198,1,0,0
469,34.87431513308739,-0.2683138833961818,1,0,0
470,34.83799955172041,-0.2664075294819985,1,0,0
471,34.8730781033111,-0.2668515350785065,1,0,0
472,34.838009301217696,-0.2655114520658327,1,0,0
473,34.87343014406592,-0.2673973538952073,1,0,0
474,34.83256912046071,-0.2555277953398894,1,0,0
475,34.830616261847084,-0.2540490734923088,1,0,0
476,34.87199461870644,-0.2677229753461889,1,0,0
477,34.83079326134781,-0.2542323802286303,1,0,0
478,34.87075172454221,-0.2667982484347869,1,0,0
479,34.86914310866586,-0.266582155237782,1,0,0
480,34.83150321403169,-0.2547863897785387,1,0,0
481,34.83745684620968,-0.2669329104320401,1,0,0
482,34.87307614872054,-0.2670307418553233,1,0,0
483,34.867369220409856,-0.2651075105129946,1,0,0
484,34.86736140254779,-0.2658243432794371,1,0,0
485,34.8351265685,-0.2672381978556192,1,0,0
486,34.83150125972209,-0.2549656068350522,1,0,0
487,34.831857213316454,-0.2551530029648622,1,0,0
488,34.8705688639107,-0.2671525646378589,1,0,0
489,34.830260308296154,-0.2538616772782606,1,0,0
490,34.80594309043334,-0.1539917910828423,0,1,0
491,35.00272336164548,-0.1977888526572919,0,1,0
492,35.05302354460741,-0.1978838411546554,0,0,0
493,34.98141626820277,-0.1505163857006511,0,1,0
494,35.09959532967833,-0.1794387156926116,0,0,0
495,34.83708545437516,-0.2353745936737897,0,0,0
496,34.78676968824285,-0.1879726593620755,0,0,0
497,34.96485166545325,-0.1908167506844956,0,0,0
498,34.86462222401688,-0.2872720449397887,0,1,0
499,35.0536744341156,-0.1561434307124428,0,1,0
500,34.8692326960231,-0.2420265992617111,0,0,0
501,34.854969670756844,-0.2531720494388965,0,0,0
502,34.96060679514986,-0.2183199897941384,0,0,0
503,34.95745566015779,-0.1798915354817218,0,1,0
504,34.865019013819655,-0.2182684645020477,0,0,0
505,34.981845098129575,-0.1759764776600749,0,0,0
506,34.96067299105437,-0.1803245507223893,0,1,0
507,34.99606808494392,-0.2327618863026541,0,0,0
508,34.83611982316685,-0.1930468926650522,0,0,0
509,35.0296648435739,-0.2701006349778584,0,0,0
510,34.82565197878585,-0.2170074047427819,0,1,0
511,34.89193495893115,-0.2285664026687703,0,0,0
512,35.04539875816978,-0.1914338025705607,0,0,0
513,34.96859182644511,-0.1925164744998483,0,0,0
514,34.878750684172715,-0.206753342520036,0,1,0
515,34.91819392538215,-0.1691248697403505,0,0,0
516,34.92550137261863,-0.1719824370342734,0,1,0
517,34.83593887584379,-0.1932220023685648,0,0,0
518,34.967142277564,-0.162193078596218,0,1,0
519,34.86332882118515,-0.2745154548317066,0,1,0
520,34.94629000598781,-0.1540023573092147,0,1,0
521,34.83651392446508,-0.2549009188152806,0,1,0
522,34.78271097236963,-0.1826809162368742,0,1,0
523,34.94810934890616,-0.1673078915110995,0,1,0
524,35.03554235099982,-0.2243585202038787,0,1,0
525,34.97455779370141,-0.1872779136807573,0,0,0
526,34.868041509260706,-0.1717319551349866,0,0,0
527,35.000675531610845,-0.2208608260698253,0,0,0
528,34.988028280985404,-0.1832890442549232,0,0,0
529,34.95629354656939,-0.1877508284365825,0,0,0
530,35.09031155449154,-0.1772502233030295,0,1,0
531,35.04627567268831,-0.2733530904734612,0,1,0
532,35.068609942197384,-0.1650944593090137,0,1,0
533,35.09194885795285,-0.1591894202018505,0,1,0
534,34.906442373933096,-0.2278246609686057,0,0,0
535,35.00636426931816,-0.224397935284451,0,1,0
536,34.834755655461365,-0.1869207010383121,0,0,0
537,34.8341328252777,-0.2598657987610194,0,1,0
538,34.960455722487616,-0.2158072645830981,0,0,0
539,34.99211266379553,-0.170300567006026,0,1,0
540,34.87486371574236,-0.2672509436381989,0,0,0
541,34.87037564071031,-0.1391615996543947,0,0,0
542,34.8825011000558,-0.1593383232067243,0,0,0
543,35.03222218737877,-0.2171128276701328,0,1,0
544,34.87073724107234,-0.2517407322764607,0,0,0
545,35.01865629208292,-0.2458306913920892,0,0,0
546,34.89517139282061,-0.1949424291724053,0,0,0
547,35.02446837251101,-0.2382592259483335,0,0,0
548,35.114977261891866,-0.1491569644504036,0,1,0
549,34.82868307749442,-0.1695721039119471,0,1,0
550,35.035504046395765,-0.1799128816284321,0,1,0
551,34.875775477057985,-0.2821496505971783,0,0,0
552,34.84946248941455,-0.1843902697329351,0,0,0
553,35.12127481902046,-0.1620275183461042,0,1,0
554,34.92651083978621,-0.1617891234898368,0,0,0
555,35.1047487139406,-0.1827849260645412,0,1,0
556,34.906636693166114,-0.2102632301266677,0,0,0
557,35.05369160188894,-0.1862508707216405,0,1,0
558,34.9879843949063,-0.2031819334875569,0,1,0
559,34.830007178595025,-0.1792827064469799,0,0,0
560,34.844778289157134,-0.2685342913601489,1,0,0
561,34.83221316689599,-0.2553403991331448,1,0,0
562,34.828079648246046,-0.2568593124805382,1,0,0
563,34.824858481761815,-0.2567857368360521,1,0,0
564,34.84108271288805,-0.2627135363194728,1,0,0
565,34.84501577064504,-0.2631619691331197,1,0,0
566,34.830230998832874,-0.256549937815825,1,0,0
567,34.837458795600355,-0.2667536948101371,1,0,0
568,34.82934209017351,-0.2559918419349697,1,0,0
569,34.83729934174269,-0.2649574497672666,1,0,0
570,34.831349673704885,-0.2524524780246704,1,0,0
571,34.82993368435945,-0.2509860195027634,1,0,0
572,34.8229310049869,-0.2529771796053519,1,0,0
573,34.84036494968456,-0.2628763893874831,1,0,0
574,34.82755841213623,-0.255413304342,1,0,0
575,34.84000899575436,-0.2626889939139394,1,0,0
576,34.83363502707264,-0.2562692007229082,1,0,0
577,34.84532684520809,-0.2674712803544118,1,0,0
578,34.83733641281018,-0.261552352531214,1,0,0
579,34.841080761005315,-0.2628927510283035,1,0,0
580,34.8208805300644,-0.2604594482970133,1,0,0
581,34.83697655492308,-0.2617233889588259,1,0,0
582,34.82468733827114,-0.2560647748025273,1,0,0
583,34.83317368515561,-0.2657595036074704,1,0,0
584,34.82952690478792,-0.2554582779285647,1,0,0
585,34.80524472171508,-0.217078366539521,1,0,0
586,34.805439433506315,-0.215648670285127,1,0,0
587,34.833105982019326,-0.2555400647289533,1,0,0
588,34.83115898837617,-0.2535236907584994,1,0,0
589,34.84766102658944,-0.2668076115590408,1,0,0
590,34.82992977261018,-0.2513444543682316,1,0,0
591,34.84573158176201,-0.2631783361770085,1,0,0
592,34.844476960124496,-0.2633289082813774,1,0,0
593,34.827025457443355,-0.2550426036101622,1,0,0
594,34.84661268021168,-0.2644532895577853,1,0,0
595,34.831110142745224,-0.2580041195282181,1,0,0
596,34.82975277398374,-0.2511611469870151,1,0,0
597,34.82361556806722,-0.2558610336961533,1,0,0
598,34.82104973405097,-0.2613596315984185,1,0,0
599,34.822156611299256,-0.2583374115027698,1,0,0
600,34.827188785428206,-0.2564804367919714,1,0,0
601,34.82594392082818,-0.2557349494751785,1,0,0
602,34.828803275437345,-0.2561587940567149,1,0,0
603,34.825570391736235,-0.2571605225434066,1,0,0
604,34.84090766401312,-0.2623510162813242,1,0,0
605,34.84555653388288,-0.2628158171360997,1,0,0
606,34.84642396933057,-0.2653452647061037,1,0,0
607,34.836741037051524,-0.2669165571657595,1,0,0
608,34.83258866633072,-0.2537356274525255,1,0,0
609,34.84568279934328,-0.2676586754365389,1,0,0
610,34.837869368021686,-0.2619230528792166,1,0,0
611,34.830189998501666,-0.2603135029899838,1,0,0
612,34.82485652940185,-0.2569649555464491,1,0,0
613,34.8331756344837,-0.2655802869276084,1,0,0
614,34.82882085857069,-0.2545458345314966,1,0,0
615,34.80526441307628,-0.2152861323395306,1,0,0
616,34.837462694643044,-0.2663952635696772,1,0,0
617,34.83046663590319,-0.2513567244011709,1,0,0
618,34.8389567518235,-0.2606930858590681,1,0,0
619,34.83021147007609,-0.2583421116469844,1,0,0
620,34.83259453179016,-0.253197977108093,1,0,0
621,34.84408588184362,-0.266367362923661,1,0,0
622,34.83715160444495,-0.2620859098952107,1,0,0
623,34.82863213541613,-0.2554378345839064,1,0,0
624,34.824506431809766,-0.2562399064476847,1,0,0
625,34.84407222979458,-0.2676218607831697,1,0,0
626,34.826144364004755,-0.2537676348889662,1,0,0
627,34.83276371050951,-0.2540981511185481,1,0,0
628,34.841798524290105,-0.2627298989963944,1,0,0
629,34.81893347661723,-0.1931906192066651,1,0,0
630,35.101419791234456,-0.1606657660475913,0,1,0
631,34.844521127284445,-0.1941360049843165,0,1,0
632,34.88837880372689,-0.1940689563873114,0,0,0
633,34.960477007762464,-0.1500299040113159,0,0,0
634,34.991680074158786,-0.1769217897891511,0,0,0
635,35.01980358317128,-0.2392262956878692,0,0,0
636,34.96090246504631,-0.1918006572238442,0,0,0
637,34.81595457919232,-0.187385852262102,0,0,0
638,34.86605381964596,-0.2873047805852818,0,1,0
639,35.002668798642475,-0.1549537689701454,0,0,0
640,35.01794841925943,-0.2450974139824113,0,0,0
641,34.88289042564582,-0.2534534475062058,0,0,0
642,35.001053412747304,-0.2190773791336957,0,0,0
643,34.83611786405906,-0.1770925907727251,0,1,0
644,34.90582359375934,-0.2190274595005885,0,0,0
645,34.87661383535538,-0.1735426785232556,0,0,0
646,34.83790352491738,-0.1774921233906237,0,0,0
647,34.971374058776966,-0.2320111642394911,0,0,0
648,34.99199771786065,-0.1964645295283441,0,0,0
649,35.01660139178244,-0.2697980958140951,0,0,0
650,34.86753037055677,-0.2177883683353672,0,1,0
651,34.8795888708958,-0.2281034273210116,0,1,0
652,34.90061807106853,-0.1880773778909947,0,0,0
653,34.81396812704774,-0.188953732174102,0,0,0
654,34.957674127877425,-0.2083944491718211,0,0,0
655,34.82495273097651,-0.1669767589624894,0,0,0
656,34.83029177361937,-0.1697883087085009,0,0,0
657,34.99289051885819,-0.1966644719156348,0,1,0
658,34.896092539951965,-0.1605482518616799,0,1,0
659,34.86959211221348,-0.2746587940770446,0,1,0
660,34.889736196116075,-0.1526938231203038,0,0,0
661,34.89199351884395,-0.2558133272575915,0,0,0
662,34.98225721550423,-0.1870980525916384,0,0,0
663,34.86041601850178,-0.1652824639052025,0,0,0
664,34.813992057528225,-0.2192503109744682,0,1,0
665,34.838903634703904,-0.1841477398021241,0,1,0
666,35.11250917785937,-0.177232504337043,0,0,0
667,35.04219579835316,-0.2216458282057558,0,1,0
668,34.85774265447081,-0.1802784441065965,0,0,0
669,34.81741805434966,-0.1845511391528105,0,0,0
670,34.98937571850026,-0.1748967921101509,0,0,0
671,34.82365804670843,-0.2684104512623799,0,0,1
672,35.00883533916824,-0.1636999087466355,0,0,0
673,35.05382897809987,-0.1582975461086302,0,1,0
674,34.90304416025173,-0.2275672087754435,0,0,0
675,35.038936545548026,-0.2249750550516581,0,1,0
676,35.01926826659099,-0.1910046322483163,0,0,0
677,34.870641226073296,-0.2605218915591259,0,0,0
678,35.008060768756785,-0.2167308580467464,0,0,0
679,34.89994545350492,-0.1681655659622991,0,0,0
680,34.867168772460126,-0.2670747031747828,0,1,0
681,34.862321995307816,-0.1389758152854559,0,1,0
682,34.82791611207341,-0.1580816284940913,0,1,0
683,34.81943968085563,-0.2122043250277425,0,1,0
684,34.89006822517809,-0.2518256894846151,0,0,0
685,34.85079829975434,-0.2417833613265881,0,0,0
686,35.05337542191253,-0.1984296681999539,0,1,0
687,34.96774134321637,-0.2367663581972842,0,1,0
688,34.99113128806188,-0.1462617434898299,0,0,0
689,35.077625407189394,-0.1751614627220412,0,1,0
690,34.920430150091455,-0.1772424150643873,0,1,0
691,34.85322580905945,-0.281813141665258,0,1,0
692,35.048113462165254,-0.1888089279556789,0,1,0
693,35.075996391528484,-0.1609663279138812,0,1,0
694,34.85402930008495,-0.1601162560163428,0,0,0
695,34.98502213523346,-0.1799932026955947,0,0,0
696,34.97249585125775,-0.2116051260215415,0,0,0
697,34.92394329445161,-0.1832385366979169,0,1,0
698,34.812781432852645,-0.1991447549885123,0,0,0
699,35.04011264110086,-0.1839629546183284,0,0,0
700,34.858798560609095,-0.27961021013043,1,0,0
701,34.86076896281211,-0.2794760137284784,1,0,0
702,34.86185434853839,-0.278425311875323,1,0,0
703,34.86095375387948,-0.2789424767272818,1,0,0
704,34.85826560177862,-0.2792395138485709,1,0,0
705,34.86005705407555,-0.2791012241493196,1,0,0
706,34.8611365986556,-0.2785881498413498,1,0,0
707,34.85987810349879,-0.2790971318279848,1,0,0
708,34.861494499939674,-0.2785963355547325,1,0,0
709,34.86113270447444,-0.2789465694146785,1,0,0
710,34.86349023039669,-0.2761324320116657,1,0,0
711,34.86023989841492,-0.2787468965042906,1,0,0
712,34.863486333139576,-0.2764908503982344,1,0,0
713,34.86131944387703,-0.2782338231912384,1,0,0
714,34.861500342011816,-0.2780587064697309,1,0,0
715,34.8609518069441,-0.2791216865600573,1,0,0
716,34.86366138710402,-0.2768533627605149,1,0,0
717,34.860955700902124,-0.2787632668956136,1,0,0
718,34.86040911516222,-0.2796470388577845,1,0,0
719,34.86023600465129,-0.2791053165242616,1,0,0
720,34.86258378553875,-0.2771872185770562,1,0,0
721,34.861311655068384,-0.2789506621556925,1,0,0
722,34.86384228643434,-0.2766782476782267,1,0,0
723,34.86077090954863,-0.2792968038490362,1,0,0
724,34.862037194149025,-0.2780709858418556,1,0,0
725,34.85932762718903,-0.2803393268458453,1,0,0
726,34.85844065958614,-0.2796020265584203,1,0,0
727,34.85914867677827,-0.2803352350499825,1,0,0
728,34.86384618361413,-0.276319829467244,1,0,0
729,34.86040716864883,-0.2798262488283305,1,0,0
730,34.88033113147703,-0.274725466302211,1,0,0
731,34.86077869736747,-0.2785799643423844,1,0,0
732,34.86041495522601,-0.2791094089528003,1,0,0
733,34.85968747416193,-0.280168300446741,1,0,0
734,34.861313602139624,-0.278771452412912,1,0,0
735,34.861498394567164,-0.2782379161636267,1,0,0
736,34.82869273927312,-0.2498820842527042,1,0,0
737,34.859508523728906,-0.2801642084992421,1,0,0
738,34.86041884903825,-0.2787509890217172,1,0,0
739,34.86095959520925,-0.2784048472356196,1,0,0
740,34.85951241625094,-0.2798057881104196,1,0,0
741,34.86348243623162,-0.2768492687892564,1,0,0
742,34.86240483470889,-0.2771831250163546,1,0,0
743,34.862406782798786,-0.2770039155513655,1,0,0
744,34.861138545877104,-0.2784089400563499,1,0,0
745,34.86041106176288,-0.2794678288883427,1,0,0
746,34.86059585268651,-0.2789342915132916,1,0,0
747,34.85861766382767,-0.2797853287325466,1,0,0
748,34.86294753194576,-0.27665777786771,1,0,0
749,34.86004732131519,-0.2799972744408973,1,0,0
750,34.86059001228801,-0.2794719212816064,1,0,0
751,34.85862155645584,-0.2794269079038109,1,0,0
752,34.86276468450611,-0.2770121028152828,1,0,0
753,34.861675397874585,-0.2784212188401703,1,0,0
754,34.858442605919535,-0.2794228161001701,1,0,0
755,34.86059195900023,-0.2792927113577295,1,0,0
756,34.86023016466038,-0.2796429465625585,1,0,0
757,34.82815391916591,-0.2500490326355373,1,0,0
758,34.86149644720978,-0.278417125858622,1,0,0
759,34.861673450580184,-0.2786004284918341,1,0,0
760,34.86330738221756,-0.2764867563916777,1,0,0
761,34.860413008450806,-0.2792886189200151,1,0,0
762,34.85988005028837,-0.278917921728567,1,0,0
763,34.86276663273191,-0.2768328934403031,1,0,0
764,34.861130757514765,-0.2791257792030168,1,0,0
765,34.858619610098124,-0.2796061183176211,1,0,0
766,34.86366723266982,-0.2763157353090131,1,0,0
767,34.86276858104499,-0.2766536840664362,1,0,0
768,34.86149255275685,-0.2787755452519554,1,0,0
769,34.828513784637,-0.2498779943703148,1,0,0
770,34.813280776235324,-0.1541601955066683,0,0,0
771,35.03404157943666,-0.1985169744919827,0,0,0
772,35.08362589219192,-0.1985979347308402,0,1,0
773,34.98499562748828,-0.1505996189481547,0,0,0
774,35.118386503507935,-0.1798789895072173,0,1,0
775,34.88790908723375,-0.2365400302535425,0,0,0
776,34.815045873130096,-0.1886198929194728,0,0,0
777,34.99241186327325,-0.1914558877443107,0,0,0
778,34.86444327455869,-0.2872679532251983,0,1,0
779,35.05904344328172,-0.1562689132860151,0,1,0
780,34.99217495225752,-0.2448588768739252,0,1,0
781,35.00296437429017,-0.2565787371317946,0,0,0
782,35.00301995798767,-0.2193022088318471,0,0,0
783,34.97857339788977,-0.1803811997086039,0,0,0
784,34.908327031924415,-0.2192643574513707,0,0,0
785,34.999920499107056,-0.1763964045172744,0,0,0
786,34.98179072065206,-0.1808143188698079,0,1,0
787,35.04456526858108,-0.2338872357139063,0,1,0
788,34.86672238540349,-0.1937498165842376,0,0,0
789,35.04630731528981,-0.2704864753147867,0,1,0
790,34.868781105323464,-0.2179963447834492,0,0,0
791,34.964591573816,-0.2302413073113186,0,0,0
792,35.07224306136578,-0.1920600052651909,0,0,0
793,34.997225758393945,-0.1931806552659152,0,0,0
794,34.91633235153762,-0.2076188427218994,0,1,0
795,34.9330480621705,-0.1694684357335349,0,0,0
796,34.94196616002447,-0.1723634213251065,0,1,0
797,34.86672039624943,-0.1939290246790103,0,0,0
798,34.976985426919924,-0.1624216221861511,0,0,0
799,35.04675522869287,-0.2785612792945873,0,1,0
800,34.95183800056426,-0.1541310166184026,0,0,0
801,34.8805365601748,-0.2559089474710715,0,0,0
802,34.80776592556552,-0.1832543523993312,0,0,0
803,34.96135280923144,-0.1676148984506362,0,1,0
804,34.82347490639154,-0.2196465282854573,0,0,0
805,34.99979154776135,-0.1878635912487566,0,0,0
806,34.88522217511596,-0.1721278262249542,0,0,0
807,35.04380441781341,-0.2218624538107749,0,1,0
808,35.01075662251539,-0.183817171608619,0,0,0
809,34.9822431491729,-0.18835230720501,0,0,0
810,35.10767105221575,-0.1776567080300508,0,0,0
811,35.02301205061263,-0.2728139663001242,0,1,0
812,35.07898995085556,-0.1653372399711616,0,1,0
813,35.09839164970668,-0.1593404013064772,0,1,0
814,34.97229864656315,-0.2293441262695362,0,0,0
815,35.051103651334294,-0.2254372450115466,0,0,0
816,34.86177910117141,-0.1875414931821703,0,0,0
817,34.86974450350421,-0.2606805991779085,0,0,0
818,35.001616256364194,-0.2167605616752886,0,0,0
819,35.00660884004473,-0.1706376653298728,0,1,0
820,34.87683218930189,-0.2672960443390096,0,0,0
821,34.87180739966573,-0.1391946394477102,0,0,0
822,34.891986350169056,-0.159557211929197,0,0,0
823,34.81174243490045,-0.2122074569784418,0,0,0
824,35.01497404963591,-0.2550646267937276,0,0,0
825,34.82753013141689,-0.2416094272865783,0,1,0
826,34.92613180669676,-0.1956566365138006,0,1,0
827,34.8267197140601,-0.2338825878494964,0,1,0
828,35.11712487535669,-0.1492073986501871,0,1,0
829,34.844968954351,-0.1699462924782006,0,0,0
830,35.05536901343011,-0.1803761354241674,0,0,0
831,34.875238626685686,-0.2821373616452354,0,0,0
832,34.87487531115115,-0.1849747552620549,0,0,0
833,35.12914932108598,-0.1622124256424914,0,1,0
834,34.93689089782661,-0.162029419439943,0,0,0
835,34.7844010046203,-0.1755486100841409,0,0,0
836,34.945649920299935,-0.2111634234997917,0,0,0
837,35.07731468178041,-0.1868023707978186,0,0,0
838,35.022523777098655,-0.2039839118349231,0,0,0
839,34.85237771672307,-0.179796570733641,0,0,0
840,34.83204984912353,-0.2539025741328627,1,0,0
841,34.830828456754176,-0.2510064702696098,1,0,0
842,34.83310402783801,-0.2557192813907793,1,0,0
843,34.83364284356874,-0.2555523346011978,1,0,0
844,34.84555067666578,-0.2633534579369495,1,0,0
845,34.83355108775841,-0.2639755126581406,1,0,0
846,34.823092376857886,-0.2545942392371386,1,0,0
847,34.863309330778144,-0.276307547153392,1,0,0
848,34.832055714101465,-0.2533649233859132,1,0,0
849,34.83425324857148,-0.265246379749855,1,0,0
850,34.79064948082964,-0.1932602809019799,1,0,0
851,34.7829936474176,-0.189499795389398,1,0,0
852,34.79135939696949,-0.1938143298945367,1,0,0
853,34.84733629928943,-0.2637528046404245,1,0,0
854,34.81865368712585,-0.2512661155491286,1,0,0
855,34.83463455678376,-0.2631039597852513,1,0,0
856,34.83240775727671,-0.2539107541480795,1,0,0
857,34.857720965317284,-0.2799440813329136,1,0,0
858,34.83393630523713,-0.2614746578948668,1,0,0
859,34.8455467722903,-0.2637118851430965,1,0,0
860,34.84074433031341,-0.2609132073884375,1,0,0
861,34.8434208149156,-0.2616914333909084,1,0,0
862,34.832053759021726,-0.2535441403004403,1,0,0
863,34.83388754564199,-0.2659550701499092,1,0,0
864,34.830106771273705,-0.2515277617155722,1,0,0
865,34.78176465433323,-0.1873204127623782,1,0,0
866,34.78034680489518,-0.186033081945222,1,0,0
867,34.82240977619556,-0.2515311632486221,1,0,0
868,34.79420697279046,-0.1953136196556147,1,0,0
869,34.851696991682026,-0.2742494276360345,1,0,0
870,34.784057532728795,-0.1904204829424899,1,0,0
871,34.83480375663469,-0.2640041296456148,1,0,0
872,34.835340614709224,-0.264016394873685,1,0,0
873,34.81759950473335,-0.2494493926212647,1,0,0
874,34.83371834065349,-0.2650548998756352,1,0,0
875,34.8210945984998,-0.2572375794943638,1,0,0
876,34.783526579279496,-0.1898705249022331,1,0,0
877,34.83116485350963,-0.2529860393530172,1,0,0
878,34.83375540079211,-0.2616497857613309,1,0,0
879,34.82234532227435,-0.2574454006902307,1,0,0
880,34.8341914329065,-0.2544893066059513,1,0,0
881,34.83099176514788,-0.2524442979441921,1,0,0
882,34.8333044827186,-0.2537519885194506,1,0,0
883,34.833094258237914,-0.2566153647166075,1,0,0
884,34.8366088912552,-0.2626112890410346,1,0,0
885,34.847338251677584,-0.2635735914807627,1,0,0
886,34.8340723464214,-0.265421508375151,1,0,0
887,34.862945583608365,-0.2768369871971264,1,0,0
888,34.79668080850508,-0.1982385295274301,1,0,0
889,34.85879272198665,-0.2801478412452301,1,0,0
890,34.836079838284945,-0.2618821578277052,1,0,0
891,34.84325553326021,-0.2604328427363429,1,0,0
892,34.833279073514134,-0.2560818044884186,1,0,0
893,34.83353159007011,-0.2657676785196085,1,0,0
894,34.822832235364984,-0.2456251052275665,1,0,0
895,34.7807106724682,-0.1855035752278554,1,0,0
896,34.851735967041975,-0.2706651855653308,1,0,0
897,34.78995737206135,-0.1910931876569405,1,0,0
898,34.84182000182645,-0.2607585392255873,1,0,0
899,34.820376832400406,-0.2574004565761691,1,0,0
900,34.793504968233314,-0.1940426657288,1,0,0
901,34.8337007968261,-0.2666678488068282,1,0,0
902,34.836256839690975,-0.2620654629937569,1,0,0
903,34.82974886245759,-0.2515195819434083,1,0,0
904,34.83330252764179,-0.2539312051257432,1,0,0
905,34.85736111845342,-0.2801151093100262,1,0,0
906,34.79864148204211,-0.1990004524269439,1,0,0
907,34.805441402971404,-0.2154694469133441,1,0,0
908,34.83481155883217,-0.2632872645741622,1,0,0
909,34.7766499742896,-0.1803910482772992,1,0,0
910,35.0897869843398,-0.1603931730883082,0,1,0
911,34.83503612558598,-0.1939183370798166,0,0,0
912,34.87996758103491,-0.193875289540281,0,1,0
913,34.95475002798549,-0.1498969779405432,0,0,0
914,34.96161406316627,-0.1762240478477449,0,0,0
915,35.045036311032334,-0.2398121152341346,0,1,0
916,34.946227554584006,-0.1914609779621876,0,0,0
917,34.800921659829456,-0.1870415371655172,0,0,0
918,34.8601484872582,-0.2871697681477668,0,1,0
919,34.99389939987328,-0.1547496723446354,0,0,0
920,35.04049671484652,-0.2456206067818241,0,1,0
921,35.041085364555364,-0.2571037687583714,0,0,0
922,35.0271813286616,-0.2196838828652147,0,1,0
923,34.80229352462031,-0.1763167729665666,0,0,0
924,34.928730294418465,-0.2195553959234243,0,0,0
925,34.84744251903061,-0.1728713043837698,0,0,0
926,34.80390023210539,-0.1767121201962032,0,0,0
927,34.998575466242514,-0.2326407504836283,0,0,0
928,34.983407562269264,-0.1962652464131651,0,0,0
929,34.88507181155211,-0.2667679024115285,0,1,0
930,34.890079188476705,-0.2183066096929993,0,1,0
931,34.90410603684583,-0.2286671118966291,0,0,0
932,34.88021628696284,-0.1876072431183636,0,1,0
933,34.79965107815536,-0.188625883732493,0,1,0
934,34.98577083383036,-0.2090450232009629,0,0,0
935,34.80115023029814,-0.1664307401806669,0,0,0
936,34.803804839438634,-0.1691806274781726,0,0,0
937,34.98340555684689,-0.1964444253857801,0,0,0
938,34.87998552316219,-0.1601765522118808,0,0,0
939,35.024744350603456,-0.2780513026175336,0,1,0
940,34.88078779869512,-0.1524872707478013,0,0,0
941,35.03336658930327,-0.2590752374899019,0,1,0
942,34.96060270002624,-0.1865960127331801,0,0,0
943,34.83911902833698,-0.1647925300139872,0,0,0
944,34.83510919792697,-0.2197336458142889,0,0,0
945,34.81689109531701,-0.1836427300889821,0,0,0
946,35.085127690481265,-0.1765913355004641,0,1,0
947,34.80686323086889,-0.2163982932214619,0,1,0
948,34.82803458977823,-0.1795959620235726,0,1,0
949,34.79468965957273,-0.1840305699950587,0,1,0
950,34.96145723578047,-0.1742488708230145,0,0,0
951,34.874482361881874,-0.2693932213598605,0,0,0
952,34.99219149125813,-0.1633126769269062,0,0,0
953,35.04326994169012,-0.1580509341388781,0,1,0
954,34.92451905258126,-0.2280617695022712,0,0,0
955,35.05951665027676,-0.2254538504083457,0,1,0
956,34.99940345233846,-0.1905429002101998,0,0,0
957,34.84827208377519,-0.2600097949447851,0,1,0
958,35.03669414873264,-0.2173960161575008,0,1,0
959,34.87667989949279,-0.1676288956629008,0,0,0
960,34.847662977544104,-0.266628398469219,0,1,0
961,34.85999538623197,-0.1389221646271628,0,0,0
962,34.8127038847023,-0.1577322972095519,0,0,0
963,34.848252200888474,-0.2128645221667931,0,0,0
964,35.03698928378415,-0.2552166057306161,0,1,0
965,34.87316775244752,-0.2422961118720152,0,0,0
966,35.041206063879166,-0.1981461404586952,0,0,0
967,34.99351100581025,-0.2373624482786253,0,0,0
968,34.98773088552464,-0.1461826151886415,0,0,0
969,35.0514966121445,-0.1745510891707765,0,1,0
970,34.88839550359353,-0.1765029704088618,0,0,0
971,34.87291227496676,-0.2820841150935952,0,0,0
972,35.02628003442825,-0.1883003290061995,0,0,0
973,35.063468751163754,-0.1606733277642421,0,1,0
974,34.83738536633621,-0.1597333663315926,0,0,0
975,34.95173484022521,-0.1792213140350638,0,0,0
976,34.99951872535187,-0.212231378991962,0,0,0
977,34.90085698545238,-0.1827055177320734,0,0,0
978,34.83962566994871,-0.1997599731052501,0,0,0
979,35.00789925658675,-0.1832130696896517,0,0,0
980,34.82161584861411,-0.2586835932362256,1,0,0
981,34.83169389582285,-0.2537151773269375,1,0,0
982,34.82268566717803,-0.2590665463057556,1,0,0
983,34.820719130499526,-0.2588423856548718,1,0,0
984,34.84587345446773,-0.2665874850023651,1,0,0
985,34.84713002265652,-0.2662576974231849,1,0,0
986,34.82179090017885,-0.2590461178152466,1,0,0
987,34.84389132769774,-0.2677969845631157,1,0,0
988,34.83258671135178,-0.25391484423623,1,0,0
989,34.84568865035657,-0.2671210346886302,1,0,0
990,34.82974104045026,-0.2522364518696008,1,0,0
991,34.83046076871206,-0.2518943763086526,1,0,0
992,34.83117071942689,-0.2524483879575802,1,0,0
993,34.84606216176393,-0.2656955086773822,1,0,0
994,34.83151298688607,-0.2538903045127098,1,0,0
995,34.84531124603438,-0.2689049897658738,1,0,0
996,34.82251646963928,-0.2581663640117027,1,0,0
997,34.84514399274593,-0.2678256171206566,1,0,0
998,34.84695887529963,-0.2655367528576453,1,0,0
999,34.84441843549671,-0.2687053248320702,1,0,0
1000,34.821602193703534,-0.2599381299025119,1,0,0
1001,34.84713392502991,-0.2658992709849582,1,0,0
1002,34.83186894025141,-0.2540777011680202,1,0,0
1003,34.84532684520809,-0.2674712803544118,1,0,0
1004,34.83240775727671,-0.2539107541480795,1,0,0
1005,34.830818677422066,-0.2519025563330291,1,0,0
1006,34.829923905639376,-0.251882106674818,1,0,0
1007,34.845488248504026,-0.269088293770155,1,0,0
1008,34.83045294700975,-0.2526112455342703,1,0,0
1009,34.84406443054143,-0.2683387167273785,1,0,0
1010,34.83135554047939,-0.2519148267723413,1,0,0
1011,34.845877356151,-0.2662290579381255,1,0,0
1012,34.846947168325805,-0.2666120324387178,1,0,0
1013,34.832590621396776,-0.2535564106699245,1,0,0
1014,34.84676821601867,-0.2666079410652012,1,0,0
1015,34.82089418246336,-0.2592049103665524,1,0,0
1016,34.83063972306758,-0.2518984662939903,1,0,0
1017,34.82251451829341,-0.2583455833071987,1,0,0
1018,34.82159829308377,-0.2602965689600398,1,0,0
1019,34.82071327850044,-0.2593800448875145,1,0,0
1020,34.84423753402241,-0.2688804486889684,1,0,0
1021,34.83222880320064,-0.2539066641136256,1,0,0
1022,34.82305333019616,-0.2581786222538956,1,0,0
1023,34.82215075793045,-0.2588750696618387,1,0,0
1024,34.84624306547978,-0.2655203866199699,1,0,0
1025,34.84605435760239,-0.2664123626193591,1,0,0
1026,34.84641031140135,-0.2665997584791264,1,0,0
1027,34.84442233469774,-0.2683468970308486,1,0,0
1028,34.830629946035025,-0.2527945526070719,1,0,0
1029,34.84620600601633,-0.2689254421384037,1,0,0
1030,34.84677797149031,-0.2657118745228761,1,0,0
1031,34.821061433382006,-0.2602843136014971,1,0,0
1032,34.82197180450516,-0.2588709839730951,1,0,0
1033,34.84551554984022,-0.2665793029527659,1,0,0
1034,34.83169976091527,-0.253177526317241,1,0,0
1035,34.83046272435536,-0.2517151590050341,1,0,0
1036,34.84568084917987,-0.267837889021405,1,0,0
1037,34.83099763177553,-0.2519066464257711,1,0,0
1038,34.82213710311601,-0.2601296054052791,1,0,0
1039,34.820888330913085,-0.2597425694729338,1,0,0
1040,34.831349673704885,-0.2524524780246704,1,0,0
1041,34.845861751510256,-0.2676627662217981,1,0,0
1042,34.82087468034162,-0.2609971074267513,1,0,0
1043,34.831335987612555,-0.2537069976525521,1,0,0
1044,34.82305137877697,-0.2583578414164277,1,0,0
1045,34.84585395128223,-0.2683796203903622,1,0,0
1046,34.831168764034054,-0.2526276050882756,1,0,0
1047,34.83044903668111,-0.2529696801537758,1,0,0
1048,34.84695692391935,-0.2657159661183683,1,0,0
1049,34.830285725680234,-0.2515318516822122,1,0,0
1050,34.80719586618439,-0.1540205366287611,0,1,0
1051,35.0086290851968,-0.1979260294877719,0,0,0
1052,35.05875030207518,-0.1980173529867696,0,0,0
1053,34.98213214009431,-0.1505330306221096,0,0,0
1054,35.10317460179659,-0.1795225315728729,0,0,0
1055,34.84657015274422,-0.2355917581129276,0,0,0
1056,34.791959622870635,-0.1880913545483061,0,1,0
1057,34.97004157475485,-0.1909370100246969,0,1,0
1058,34.86462222401688,-0.2872720449397887,0,1,0
1059,35.05456926904408,-0.1561643411017021,0,1,0
1060,34.879075252701746,-0.242252412874766,0,0,0
1061,34.878770559336715,-0.2537174435061887,0,0,0
1062,34.96865993186304,-0.2185062547566667,0,0,0
1063,34.96139286662008,-0.1799827718857123,0,0,0
1064,34.87307216229773,-0.218453412749641,0,0,0
1065,34.98524542191633,-0.1760554318010123,0,0,0
1066,34.96461019600018,-0.1804158065035697,0,0,0
1067,35.00519486706459,-0.2329733665382097,0,0,0
1068,34.841846620771825,-0.1931783141374537,0,0,0
1069,35.04541255897305,-0.2704657194194418,0,1,0
1070,34.83388409888404,-0.2171959237467456,0,0,0
1071,34.90088282716186,-0.228772193287826,0,0,0
1072,35.050409696585376,-0.1915506017618736,0,0,0
1073,34.97396069075034,-0.1926409033603857,0,0,0
1074,34.88573014017374,-0.2069138987646582,0,0,0
1075,34.920878408476945,-0.1691869324648197,0,0,0
1076,34.92872274477594,-0.1720569415146633,0,1,0
1077,34.841844635071155,-0.1933575284082168,0,0,0
1078,34.96893194132411,-0.1622346198340697,0,0,0
1079,34.86314986999459,-0.2745113603898103,0,1,0
1080,34.94736381147011,-0.1540272550612516,0,1,0
1081,34.86103060322557,-0.2554618998153612,0,1,0
1082,34.787364036660335,-0.1827873315959464,0,1,0
1083,34.95061486887531,-0.1673659512453677,0,1,0
1084,35.043953356409745,-0.2245540742592245,0,0,0
1085,34.97921082795165,-0.1873858304129301,0,0,0
1086,34.87126288485224,-0.1718061430896075,0,0,0
1087,35.00872864777418,-0.2210476149057807,0,0,0
1088,34.99232340195957,-0.1833887812410618,0,0,0
1089,34.96112554322521,-0.1878627420981242,0,0,0
1090,35.093532905348184,-0.1773256151427236,0,1,0
1091,35.04287560593362,-0.2732742388936108,0,1,0
1092,35.07057856480749,-0.1651404899751307,0,1,0
1093,35.09320162312582,-0.1592187721629162,0,1,0
1094,34.915390245338706,-0.228030682699335,0,0,0
1095,35.014775278143,-0.2245930691028251,0,1,0
1096,34.83976662733675,-0.1870357219832754,0,0,0
1097,34.85936522458524,-0.2604429002179627,0,1,0
1098,34.96815095695276,-0.2159852734413103,0,0,0
1099,34.994976106573574,-0.1703671262841486,0,0,0
1100,34.88112704027538,-0.2673944683963201,0,0,0
1101,34.87055461058348,-0.1391657294393471,0,0,0
1102,34.884290770117495,-0.1593796113575584,0,0,0
1103,35.04009636439041,-0.2172959303168758,0,1,0
1104,34.88111658712263,-0.251978756350999,0,0,0
1105,35.02867775311504,-0.2460631182597654,0,1,0
1106,34.90107713893925,-0.1950785408162643,0,1,0
1107,35.03377406803395,-0.2384752352561119,0,1,0
1108,35.11551416527275,-0.1491695722716354,0,1,0
1109,34.83172549471504,-0.1696419733248526,0,0,0
1110,35.0392622844122,-0.1800004733104391,0,1,0
1111,34.8755965269349,-0.282145554226271,0,0,0
1112,34.85429450645017,-0.1845013206041336,0,0,0
1113,35.12270654682455,-0.1620611300879217,0,1,0
1114,34.928479471759495,-0.1618346829073066,0,0,0
1115,35.108685902717994,-0.1828771411704828,0,0,0
1116,34.91397404702412,-0.2104323372784226,0,0,0
1117,35.058165671478136,-0.1863552494462786,0,0,0
1118,34.99442697695292,-0.2033313731981605,0,1,0
1119,34.83430232319261,-0.1793813030210474,0,1,0
1120,34.83240775727671,-0.2539107541480795,1,0,0
1121,34.830981989176905,-0.2533403838305651,1,0,0
1122,34.82559968643756,-0.2544722446475722,1,0,0
1123,34.83151103214101,-0.2540695215636431,1,0,0
1124,34.825039387935554,-0.2566106052506074,1,0,0
1125,34.82558210726633,-0.2560852113549757,1,0,0
1126,34.8387602291109,-0.2623019329810001,1,0,0
1127,34.838777798689634,-0.2606889954798371,1,0,0
1128,34.83169780579738,-0.2533567433193569,1,0,0
1129,34.82503743546408,-0.2567898239155492,1,0,0
1130,34.82974299582148,-0.2520572343863803,1,0,0
1131,34.83028376997433,-0.2517110690290482,1,0,0
1132,34.83912399082664,-0.2617724674169084,1,0,0
1133,34.824691243899714,-0.2557063373053577,1,0,0
1134,34.83930489597347,-0.2615973424913344,1,0,0
1135,34.82575715548847,-0.2564477357962154,1,0,0
1136,34.83241166727278,-0.2535523204930672,1,0,0
1137,34.83949361121897,-0.2607053573187675,1,0,0
1138,34.82451033721534,-0.2558814688596282,1,0,0
1139,34.82486238674292,-0.2564272994186248,1,0,0
1140,34.82505696409607,-0.254997637316236,1,0,0
1141,34.82540315346933,-0.2560811239371187,1,0,0
1142,34.832055714101465,-0.2533649233859132,1,0,0
1143,34.82521443675645,-0.2569731296704666,1,0,0
1144,34.83133794250732,-0.2535277805595043,1,0,0
1145,34.83947799268582,-0.2621390781176286,1,0,0
1146,34.83010481559229,-0.2517069791067621,1,0,0
1147,34.832053759021726,-0.2535441403004403,1,0,0
1148,34.83081476629884,-0.2522609907662224,1,0,0
1149,34.83823313000188,-0.261393586297085,1,0,0
1150,34.829923905639376,-0.251882106674818,1,0,0
1151,34.82576301397977,-0.25591008034335,1,0,0
1152,34.8253972953859,-0.2566187796592999,1,0,0
1153,34.83080303501924,-0.2533362940926035,1,0,0
1154,34.824504479237554,-0.2564191252433798,1,0,0
1155,34.82542073242044,-0.2544681568307526,1,0,0
1156,34.83046272435536,-0.2517151590050341,1,0,0
1157,34.831691940966245,-0.2538943943323997,1,0,0
1158,34.82648664218304,-0.2552095577314551,1,0,0
1159,34.82523982486178,-0.2546432876748629,1,0,0
1160,34.82560164011409,-0.2542930261300978,1,0,0
1161,34.83223466825197,-0.253369013499733,1,0,0
1162,34.83151494171822,-0.2537110874628922,1,0,0
1163,34.83168998619672,-0.2540736113389851,1,0,0
1164,34.8385968930552,-0.2608641204720957,1,0,0
1165,34.82468538558742,-0.2562439935527867,1,0,0
1166,34.825222246914244,-0.2562562551902184,1,0,0
1167,34.83876413285178,-0.2619435024173842,1,0,0
1168,34.83117071942689,-0.2524483879575802,1,0,0
1169,34.83858713186452,-0.2617601970779157,1,0,0
1170,34.82540510633792,-0.2559019053652845,1,0,0
1171,34.82630573492981,-0.2553846881692352,1,0,0
1172,34.83770017519721,-0.2610228854119411,1,0,0
1173,34.826118968651166,-0.2560974739306761,1,0,0
1174,34.83044903668111,-0.2529696801537758,1,0,0
1175,34.829746906825136,-0.2516987994232846,1,0,0
1176,34.838058081378506,-0.2610310654025747,1,0,0
1177,34.82974495127976,-0.2518780169042701,1,0,0
1178,34.82630768826889,-0.255205469823513,1,0,0
1179,34.82630964169503,-0.2550262514789012,1,0,0
1180,34.83045685768674,-0.2522528109192196,1,0,0
1181,34.83948775361547,-0.261243002609979,1,0,0
1182,34.825945873944235,-0.2555557310385655,1,0,0
1183,34.831878715092294,-0.2531816163680179,1,0,0
1184,34.83187284992648,-0.2537192672446665,1,0,0
1185,34.838054176961606,-0.2613894963100062,1,0,0
1186,34.83009699373746,-0.2524238486826703,1,0,0
1187,34.83063190126737,-0.2526153353422275,1,0,0
1188,34.82594392082818,-0.2557349494751785,1,0,0
1189,34.82974886245759,-0.2515195819434083,1,0,0
1190,34.80970141753044,-0.154078035662199,0,0,0
1191,35.01882987770534,-0.1981631093857197,0,0,0
1192,35.06877212502521,-0.1982511313294648,0,1,0
1193,34.98338491586307,-0.1505621613137227,0,0,0
1194,35.109259363412185,-0.1796650680326952,0,0,0
1195,34.86321310702613,-0.2359731851398776,0,0,0
1196,34.80126571034348,-0.1883043008419087,0,1,0
1197,34.978989692148886,-0.1911444601095316,0,0,0
1198,34.86444327455869,-0.2872679532251983,0,1,0
1199,35.05635893882008,-0.1562061659278414,0,1,0
1200,34.896433935964176,-0.2426510619985315,0,0,0
1201,34.895592229029724,-0.2541034827424554,0,0,0
1202,34.982439738650314,-0.2188252274101467,0,0,0
1203,34.968372458630085,-0.1801445732715553,0,0,0
1204,34.88720990675,-0.2187783631832691,0,1,0
1205,34.99115124652602,-0.1761926089379492,0,0,0
1206,34.971589785321775,-0.1805776422374393,0,0,0
1207,35.02112199013849,-0.2333427549924906,0,1,0
1208,34.851868513997,-0.1934084344963024,0,0,0
1209,34.834247399886884,-0.2657840289877171,0,0,0
1210,34.84784290620252,-0.217515846637742,0,0,0
1211,34.91645211169238,-0.2291305893481915,0,0,0
1212,35.059178836804094,-0.1917551019397877,0,1,0
1213,34.98326671995584,-0.1928566948909113,0,0,0
1214,34.89807840458451,-0.2071981604019477,0,1,0
1215,34.92571047744434,-0.1692986759597486,0,0,0
1216,34.9340916976058,-0.1721811544862812,0,0,0
1217,34.851866526904864,-0.1935876462802592,0,0,0
1218,34.97215333582257,-0.1623094076615177,0,0,0
1219,34.862791967610406,-0.2745031716668775,0,1,0
1220,34.94915348718817,-0.1540687556343832,0,0,0
1221,34.87731539381243,-0.2558350791255236,0,0,0
1222,34.795596379438294,-0.1829756942378838,0,0,0
1223,34.95491004547879,-0.1674655068206272,0,1,0
1224,35.05844891347625,-0.2248913715667436,0,1,0
1225,34.98762208035294,-0.1875810030917675,0,0,0
1226,34.87681080867765,-0.1719339522112933,0,0,0
1227,35.02286633545219,-0.2213757964205781,0,1,0
1228,34.99966089887314,-0.1835592370690719,0,0,0
1229,34.969536794820584,-0.1880576484702183,0,0,0
1230,35.099259750456646,-0.1774596881926342,0,0,0
1231,35.04538091831529,-0.2733323381822167,0,1,0
1232,35.07397891264533,-0.1652200128609605,0,1,0
1233,35.09534922044196,-0.1592690959608112,0,1,0
1234,34.94277071568237,-0.2286619440389349,0,0,0
1235,35.02944979863039,-0.2249337996289472,0,1,0
1236,34.848535826136384,-0.1872371103371948,0,0,0
1237,34.88066063796179,-0.2609307876780818,0,1,0
1238,34.98157287289032,-0.2162959920232376,0,0,0
1239,34.9996292005042,-0.1704753145588141,0,0,0
1240,35.017488251811386,-0.2705354913079911,0,0,0
1241,34.87109152019659,-0.1391781191185674,0,0,0
1242,34.88733320897796,-0.1594498136050617,0,0,0
1243,35.05333929385528,-0.2176041104375885,0,1,0
1244,34.89954886554858,-0.2524018994279494,0,0,0
1245,35.04603634753293,-0.2464661131144592,0,1,0
1246,34.91109900851857,-0.1953096523975753,0,0,0
1247,35.050237983962056,-0.2388577612898743,0,1,0
1248,35.11623003643204,-0.1491863834556451,0,1,0
1249,34.83709446553562,-0.1697653103364766,0,0,0
1250,35.045704977058364,-0.1801506857737616,0,1,0
1251,34.8755965269349,-0.282145554226271,0,0,0
1252,34.86252683000235,-0.1846906089079276,0,0,0
1253,35.12521207031509,-0.1621199589421241,0,1,0
1254,34.931879835772754,-0.1619133918293964,0,0,0
1255,35.11548650029261,-0.1830364832192843,0,1,0
1256,34.92668019222488,-0.2107253953500953,0,0,0
1257,35.06586106961108,-0.1865348596080297,0,0,0
1258,35.005701492241855,-0.2035930605454408,0,1,0
1259,34.8416398604765,-0.1795498107045025,0,0,0
1260,34.8329250740106,-0.2557151915850837,1,0,0
1261,34.896642386996774,-0.2562785500567202,1,0,0
1262,34.82880132219123,-0.2563380117873226,1,0,0
1263,34.827011784603854,-0.2562971308045277,1,0,0
1264,34.83821946711652,-0.2626480941976292,1,0,0
1265,34.84340129160793,-0.2634835746926975,1,0,0
1266,34.8286262749675,-0.2559754878986915,1,0,0
1267,34.842465559874135,-0.2672266217106271,1,0,0
1268,34.8327480743146,-0.2555318850825572,1,0,0
1269,34.84355487676333,-0.2658174490834247,1,0,0
1270,34.85845611084452,-0.2290524090711999,1,0,0
1271,34.80454660584885,-0.2154489916571395,1,0,0
1272,34.82939682091033,-0.2509737496870747,1,0,0
1273,34.84555458138999,-0.262995030735262,1,0,0
1274,34.831322305787666,-0.2549615173351493,1,0,0
1275,34.84412686361877,-0.2626038696726799,1,0,0
1276,34.89376931629254,-0.2571088191051773,1,0,0
1277,34.84496504059924,-0.2678215265943664,1,0,0
1278,34.839485801255265,-0.2614222177092848,1,0,0
1279,34.84501772297753,-0.2629827553996599,1,0,0
1280,34.8382389868312,-0.260855940070724,1,0,0
1281,34.83769431884906,-0.2615605320409755,1,0,0
1282,34.89681348817657,-0.2569994625213598,1,0,0
1283,34.83746464429508,-0.266216047951117,1,0,0
1284,34.89449298098636,-0.2564084460024185,1,0,0
1285,34.804379464147395,-0.2143695589667587,1,0,0
1286,34.80351225138474,-0.2118399701888009,1,0,0
1287,34.89681937734893,-0.25646186002432,1,0,0
1288,34.83063190126737,-0.2526153353422275,1,0,0
1289,34.847478172711774,-0.2671619462871119,1,0,0
1290,34.805435494836935,-0.2160071170320869,1,0,0
1291,34.84536977170452,-0.2635285798404456,1,0,0
1292,34.84608558261811,-0.2635449469584453,1,0,0
1293,34.83096830647526,-0.2545949041183881,1,0,0
1294,34.84355682759308,-0.2656382349781292,1,0,0
1295,34.825930251453364,-0.2569894785627048,1,0,0
1296,34.8052604741086,-0.2156445791705076,1,0,0
1297,34.897173358166086,-0.2568284798565306,1,0,0
1298,34.8387680369412,-0.2615850718582223,1,0,0
1299,34.82825469636802,-0.2572218362636111,1,0,0
1300,34.82540510633792,-0.2559019053652845,1,0,0
1301,34.827560365646505,-0.2552340863066097,1,0,0
1302,34.82863018184618,-0.2556170523543899,1,0,0
1303,34.8253972953859,-0.2566187796592999,1,0,0
1304,34.841625427831936,-0.2621881645262857,1,0,0
1305,34.838575421311205,-0.2628354890416751,1,0,0
1306,34.83728959142623,-0.2658535280540912,1,0,0
1307,34.8476551742486,-0.2673452508351664,1,0,0
1308,34.82937335652076,-0.2531243605432736,1,0,0
1309,34.84532099486412,-0.2680089213753659,1,0,0
1310,34.838766084852914,-0.261764287137247,1,0,0
1311,34.82195814986174,-0.2601255200267501,1,0,0
1312,34.82575715548847,-0.2564477357962154,1,0,0
1313,34.84301411823646,-0.2661636061293757,1,0,0
1314,34.825245685744555,-0.2541056318564888,1,0,0
1315,34.80334117595291,-0.2111189832264608,1,0,0
1316,34.842469459933604,-0.2668681929507074,1,0,0
1317,34.80507560698444,-0.2161781584974351,1,0,0
1318,34.83931465808818,-0.2607012667785382,1,0,0
1319,34.831119907516964,-0.2571080337184911,1,0,0
1320,34.829923905639376,-0.251882106674818,1,0,0
1321,34.844081980822324,-0.2667257908779543,1,0,0
1322,34.83804832098975,-0.2619271426795166,1,0,0
1323,34.83293289116069,-0.2549983247670978,1,0,0
1324,34.89573780450393,-0.2571540106728622,1,0,0
1325,34.84388937786523,-0.2679761985930013,1,0,0
1326,34.831878715092294,-0.2531816163680179,1,0,0
1327,34.82865167590468,-0.2536456569404783,1,0,0
1328,34.843767005561524,-0.2627749007849119,1,0,0
1329,34.85192840372853,-0.2041652517207077,1,0,0
1330,35.09139768095134,-0.1604309031343821,0,1,0
1331,34.78975862412587,-0.1928813669392867,0,0,0
1332,34.84435408052217,-0.1930566147359742,0,0,0
1333,34.955644868648164,-0.1499177439935355,0,0,0
1334,34.965730245018335,-0.1763194821338498,0,1,0
1335,34.9888442504423,-0.2385089828207061,0,0,0
1336,34.92188866303098,-0.1908984061233613,0,0,0
1337,35.10694950551526,-0.1939465778868536,0,0,0
1338,34.8664117185431,-0.2873129650324153,0,1,0
1339,34.995152171284104,-0.1547788210697342,0,0,0
1340,34.98645235967419,-0.2443680317148328,0,1,0
1341,34.844236336294,-0.2525678900765203,0,0,0
1342,34.95792440671138,-0.2180787402392453,0,0,0
1343,34.807125575414446,-0.1764274860954535,0,0,0
1344,34.863231401816584,-0.2180481706364465,0,0,0
1345,34.85155871874242,-0.1729659512956631,0,0,0
1346,34.808553316524566,-0.1768187424598051,0,0,0
1347,34.91196037455109,-0.2306403329433064,0,0,0
1348,34.947794182898704,-0.1954403753613121,0,0,0
1349,34.87898743661617,-0.2666284312738207,0,0,0
1350,34.82493811387525,-0.2168117986185398,0,1,0
1351,34.83377572031684,-0.2270528237150103,0,0,0
1352,34.86375167927972,-0.1872283468613454,0,0,0
1353,35.10138348014668,-0.195429091240375,0,1,0
1354,34.91096553392127,-0.2073158573640285,0,0,0
1355,34.80455058868217,-0.1665086844005779,0,0,0
1356,34.8075631220478,-0.1692667805448609,0,0,0
1357,34.94653944988629,-0.1955905868284669,0,0,0
1358,34.88231209278699,-0.160230215140111,0,0,0
1359,34.87102372141628,-0.2746915665551956,0,1,0
1360,34.882040574494745,-0.1525161799508101,0,0,0
1361,34.859066027893164,-0.2550583999063707,0,1,0
1362,34.947717361136526,-0.1862976526752106,0,0,0
1363,34.842161456422424,-0.1648624737685367,0,0,0
1364,35.0283860452234,-0.2240130169629921,0,1,0
1365,34.804005699032835,-0.183347493198237,0,0,0
1366,35.08888593533536,-0.1766792643715461,0,1,0
1367,34.99942482032435,-0.2206526047696984,0,0,0
1368,34.82660287508398,-0.1795631088588434,0,0,0
1369,34.781804262894745,-0.1837358305113727,0,1,0
1370,34.96539445927321,-0.1743401648528266,0,1,0
1371,34.824015950950646,-0.2684186190689034,0,0,1
1372,34.99451805120086,-0.1633667780490559,0,0,0
1373,35.04470167566048,-0.1580843620415071,0,0,0
1374,34.85776787990801,-0.2265270468499006,0,0,0
1375,34.997239421228315,-0.2240071530588608,0,0,0
1376,34.98204409944756,-0.1901399480490652,0,0,0
1377,34.84540883240721,-0.2599443071142675,0,1,0
1378,34.96296314073399,-0.2156860258697827,0,0,0
1379,34.87990128496474,-0.1677031494626641,0,0,0
1380,34.848557739044054,-0.2666488572144136,0,0,0
1381,34.86035332610158,-0.1389304179798974,0,0,0
1382,34.81485149373691,-0.1577815909110735,0,0,0
1383,35.03526648628274,-0.2170043935114921,0,1,0
1384,34.858393313912806,-0.2510993802115631,0,0,0
1385,34.82001790654854,-0.2410791889133469,0,0,0
1386,35.00290834629729,-0.1972554864159136,0,1,0
1387,34.88900057398643,-0.2349518745546812,0,0,0
1388,34.98808882265216,-0.1461909435652607,0,0,0
1389,35.05507590048793,-0.1746346340645966,0,1,0
1390,34.89286961827213,-0.1766061409840504,0,1,0
1391,34.85376265973345,-0.2818254107079456,0,1,0
1392,35.013394725379655,-0.1880005484613781,0,0,0
1393,35.06525841439651,-0.160715168743336,0,1,0
1394,34.83971193827256,-0.1597868604665169,0,0,0
1395,34.95638790517939,-0.1793291003176288,0,1,0
1396,34.92381882557851,-0.2104801364826247,0,0,0
1397,34.891371907663434,-0.182486785455108,0,1,0
1398,35.044895832945784,-0.204325233963593,0,1,0
1399,35.009151999963045,-0.1832421992534393,0,0,0
1400,34.83025639923563,-0.2542201120020922,1,0,0
1401,34.85789602387449,-0.2803065939797052,1,0,0
1402,34.83078935248884,-0.2545908146908603,1,0,0
1403,34.829896536805016,-0.2543911509051283,1,0,0
1404,34.89015102529625,-0.2606107191529361,1,0,0
1405,34.890154945842134,-0.2602523141429921,1,0,0
1406,34.831507122912164,-0.2544279556688552,1,0,0
1407,34.85808275855909,-0.2795938432008195,1,0,0
1408,34.83204984912353,-0.2539025741328627,1,0,0
1409,34.86131554929815,-0.278592242671242,1,0,0
1410,34.83010285999796,-0.2518861964990614,1,0,0
1411,34.82992977261018,-0.2513444543682316,1,0,0
1412,34.82974104045026,-0.2522364518696008,1,0,0
1413,34.89033978045006,-0.2597188129509893,1,0,0
1414,34.83366239090638,-0.2537601693750703,1,0,0
1415,34.89051089159535,-0.2604397289736901,1,0,0
1416,34.831153124026514,-0.2540613421740396,1,0,0
1417,34.85861766382767,-0.2797853287325466,1,0,0
1418,34.89016278798349,-0.2595355041365962,1,0,0
1419,34.88997207228416,-0.2606066131148233,1,0,0
1420,34.830960489704545,-0.255311772878855,1,0,0
1421,34.890518733582134,-0.2597229193191298,1,0,0
1422,34.83258671135178,-0.25391484423623,1,0,0
1423,34.86113270447444,-0.2789465694146785,1,0,0
1424,34.829902400118385,-0.2538534985516349,1,0,0
1425,34.85932178939513,-0.2808769575740468,1,0,0
1426,34.83011068289778,-0.251169326936563,1,0,0
1427,34.83133403280487,-0.2538862147467087,1,0,0
1428,34.830993720603345,-0.2522650807702675,1,0,0
1429,34.85951046994629,-0.2799849983042735,1,0,0
1430,34.82992781686616,-0.2515236718026408,1,0,0
1431,34.890514812413805,-0.2600813241441623,1,0,0
1432,34.86131944387703,-0.2782338231912384,1,0,0
1433,34.83008330884421,-0.2536783704835085,1,0,0
1434,34.857897969785995,-0.2801273833837228,1,0,0
1435,34.831145306112894,-0.2547782107437129,1,0,0
1436,34.830287681473216,-0.2513526343364894,1,0,0
1437,34.85914478487698,-0.2806936556232113,1,0,0
1438,34.890168670507904,-0.2589978966436047,1,0,0
1439,34.832576937763534,-0.2548109281715421,1,0,0
1440,34.859685528007525,-0.28034751059838,1,0,0
1441,34.83115507872264,-0.2538821250344086,1,0,0
1442,34.83133207808428,-0.2540654318419935,1,0,0
1443,34.830970260885664,-0.2544156869310694,1,0,0
1444,34.890341741141015,-0.2595396104956157,1,0,0
1445,34.89069180501866,-0.2602646328465354,1,0,0
1446,34.86203524663146,-0.2782501954024112,1,0,0
1447,34.86022627176946,-0.280001366593646,1,0,0
1448,34.83152862798184,-0.2524565681454635,1,0,0
1449,34.85861182553989,-0.2803229599839784,1,0,0
1450,34.88980292104768,-0.2597064941685388,1,0,0
1451,34.88927782621475,-0.2586189595502501,1,0,0
1452,34.83043339884995,-0.2544034186764957,1,0,0
1453,34.861498394567164,-0.2782379161636267,1,0,0
1454,34.83116289837805,-0.2531652564870557,1,0,0
1455,34.830112638840454,-0.2509901095487284,1,0,0
1456,34.857543960886225,-0.2797607792479518,1,0,0
1457,34.82974886245759,-0.2515195819434083,1,0,0
1458,34.83131644345477,-0.255499168644428,1,0,0
1459,34.832574983307175,-0.2549901449619575,1,0,0
1460,34.83009894907054,-0.2522446312870167,1,0,0
1461,34.86077090954863,-0.2792968038490362,1,0,0
1462,34.89034370191943,-0.2593604080413697,1,0,0
1463,34.83223075813065,-0.2537274472412126,1,0,0
1464,34.833479526697566,-0.2541145120454178,1,0,0
1465,34.85879272198665,-0.2801478412452301,1,0,0
1466,34.830633856586786,-0.2524361180784891,1,0,0
1467,34.830629946035025,-0.2527945526070719,1,0,0
1468,34.88962200740566,-0.2598815906496995,1,0,0
1469,34.82922177832695,-0.2506112246401712,1,0,0
1470,34.80540618652412,-0.1539794723735446,0,0,0
1471,35.000396864172366,-0.1977348293985283,0,0,0
1472,35.05069704907538,-0.1978296177185539,0,0,0
1473,34.98123730022719,-0.1505122246052875,0,1,0
1474,35.09816362071082,-0.1794051953753802,0,0,0
1475,34.83332736554065,-0.2352885891512036,0,1,0
1476,34.78462212882911,-0.1879235573761599,0,0,0
1477,34.96270411651632,-0.1907670014514763,0,0,0
1478,34.86462222401688,-0.2872720449397887,0,1,0
1479,35.05313753314556,-0.1561308851265109,0,1,0
1480,34.86529567247819,-0.2419363193197943,0,1,0
1481,34.869285996890795,-0.2534999922059622,0,0,0
1482,34.957564498506265,-0.2182496513739817,0,0,0
1483,34.95602394858946,-0.1798583650767023,0,1,0
1484,34.86179775383858,-0.2181945157086497,0,0,0
1485,34.98041338273583,-0.1759432396343675,0,0,0
1486,34.9590623161556,-0.180287226332019,0,0,0
1487,34.992488953959146,-0.2326789910239211,0,0,0
1488,34.83379331133324,-0.1929935184548619,0,0,0
1489,35.047023120324624,-0.2705030809957695,0,1,0
1490,34.82243071380177,-0.2169336674336064,0,1,0
1491,34.888355810912124,-0.2284841240550086,0,0,0
1492,35.04325121287908,-0.1913837586992914,0,1,0
1493,34.96644428045636,-0.1924667165298486,0,0,0
1494,34.87588731714801,-0.2066874969797544,0,0,0
1495,34.9171201320772,-0.1691000480495919,0,0,0
1496,34.92442758182298,-0.1719576060913125,0,1,0
1497,34.83361236431965,-0.1931686294357373,0,0,0
1498,34.96624744564382,-0.1621723100010123,0,0,0
1499,35.045860477854575,-0.2785405327321155,0,1,0
1500,34.94593207081847,-0.1539940584905106,0,1,0
1501,34.86407281749679,-0.2555315808673255,0,0,0
1502,34.78074236803332,-0.18263590532999,0,1,0
1503,34.94703555456967,-0.1672830120050189,0,0,0
1504,35.03214215666483,-0.2242795001367493,0,1,0
1505,34.97258920207198,-0.1872322675667569,0,0,0
1506,34.86678875199357,-0.1717031089847423,0,0,0
1507,34.99745428455057,-0.2207861410209629,0,0,0
1508,34.98641761046218,-0.1832516508881446,0,0,0
1509,34.95432495511788,-0.1877052452436554,0,0,0
1510,35.08887984288808,-0.1772167214234715,0,1,0
1511,35.023191001618144,-0.2728181099526179,0,1,0
1512,35.06789407939777,-0.1650777225030585,0,1,0
1513,35.091411958576806,-0.1591768415992286,0,1,0
1514,34.90286322464315,-0.2277422899098613,0,0,0
1515,35.00314303128263,-0.2243232346296345,0,0,0
1516,34.83260809583408,-0.1868714192862428,0,0,0
1517,34.87189194009201,-0.2607298008114674,0,0,0
1518,34.957413419955124,-0.2157369164213967,0,0,0
1519,34.99103887268322,-0.1702756108363945,0,1,0
1520,34.87736904570576,-0.2673083456565584,0,0,0
1521,34.87019667083606,-0.139157469923508,0,0,0
1522,34.8817852320013,-0.1593218094581774,0,0,0
1523,35.02917989116914,-0.2170421113466665,0,1,0
1524,34.87091619534387,-0.2517448346096395,0,0,0
1525,35.014719288641714,-0.2457394268949505,0,0,0
1526,34.892844886459386,-0.1948888255418139,0,0,0
1527,35.02053134663219,-0.238167881110446,0,0,0
1528,35.114977261891866,-0.1491569644504036,0,1,0
1529,34.82743031737362,-0.1695433386871043,0,1,0
1530,35.0340723365513,-0.1798795196203294,0,1,0
1531,34.875775477057985,-0.2821496505971783,0,0,0
1532,34.8476728532807,-0.1843491497551578,0,0,0
1533,35.120737921076085,-0.1620149148328641,0,1,0
1534,34.925794973582086,-0.1617725580482056,0,0,0
1535,35.10331700880197,-0.1827513997632244,0,0,0
1536,34.90359437519685,-0.2101931390603858,0,0,0
1537,35.05208093667357,-0.186213302622814,0,0,0
1538,34.98547894596322,-0.2031238368839867,0,1,0
1539,34.82839649921455,-0.1792457407413445,0,0,0
1540,34.888379138143826,-0.2589568346686823,1,0,0
1541,34.82772759965108,-0.2563134825534289,1,0,0
1542,34.88657784434538,-0.2599909984004729,1,0,0
1543,34.89069572606088,-0.2599062281083374,1,0,0
1544,34.84251433567583,-0.2627462625318747,1,0,0
1545,34.845906629891246,-0.2635408550984633,1,0,0
1546,34.88926802218052,-0.2595149731464309,1,0,0
1547,34.83369689915593,-0.2670262819148832,1,0,0
1548,34.889098872929004,-0.2586148532905143,1,0,0
1549,34.83729154131527,-0.2656743123944937,1,0,0
1550,34.82596345590623,-0.2539427651592137,1,0,0
1551,34.83169780579738,-0.2533567433193569,1,0,0
1552,34.831866985544515,-0.2542569181313679,1,0,0
1553,34.842510431607,-0.2631046912405445,1,0,0
1554,34.88946658584234,-0.2577270525182896,1,0,0
1555,34.84108271288805,-0.2627135363194728,1,0,0
1556,34.88873704462485,-0.2589650466343567,1,0,0
1557,34.84281761475954,-0.2677724444630465,1,0,0
1558,34.84145233201068,-0.2616464298536032,1,0,0
1559,34.83839451703875,-0.2630106146777938,1,0,0
1560,34.82105558332488,-0.2608219725949522,1,0,0
1561,34.83858713186452,-0.2617601970779157,1,0,0
1562,34.83075809415764,-0.2574582905493639,1,0,0
1563,34.84623526087197,-0.2662372403799047,1,0,0
1564,34.827546692902914,-0.2564886125777553,1,0,0
1565,34.831341852558154,-0.2531693463767549,1,0,0
1566,34.83098589930403,-0.2529819494726649,1,0,0
1567,34.830230998832874,-0.256549937815825,1,0,0
1568,34.89700422094132,-0.2559283668177169,1,0,0
1569,34.842467509860285,-0.2670474073301141,1,0,0
1570,34.829548401149665,-0.2534868849656757,1,0,0
1571,34.844830961462044,-0.2636955188465533,1,0,0
1572,34.8455467722903,-0.2637118851430965,1,0,0
1573,34.82934209017351,-0.2559918419349697,1,0,0
1574,34.838009301217696,-0.2655114520658327,1,0,0
1575,34.8894352132418,-0.2605942953224299,1,0,0
1576,34.89665809581133,-0.2548449431000417,1,0,0
1577,34.831119907516964,-0.2571080337184911,1,0,0
1578,34.83966084977954,-0.2617847382388802,1,0,0
1579,34.88782267623486,-0.2607365479284569,1,0,0
1580,34.819476210660746,-0.2579176897171695,1,0,0
1581,34.82969023136396,-0.2568961068252792,1,0,0
1582,34.82789288398125,-0.2575720963221287,1,0,0
1583,34.830203661011694,-0.2590589812106501,1,0,0
1584,34.840728711110216,-0.2623469257111578,1,0,0
1585,34.84430191174661,-0.2629663890367486,1,0,0
1586,34.84659706781593,-0.2658869963316538,1,0,0
1587,34.843360321034346,-0.2672470717892337,1,0,0
1588,34.83239993832978,-0.2546276214715072,1,0,0
1589,34.84335252147384,-0.2679639284347281,1,0,0
1590,34.8385851798878,-0.2619394124024184,1,0,0
1591,34.8881668655696,-0.261999179688929,1,0,0
1592,34.83038456654992,-0.2588838520202602,1,0,0
1593,34.83764554644317,-0.2660409210061936,1,0,0
1594,34.828453181538706,-0.255433746076037,1,0,0
1595,34.823111913244404,-0.2528020478959641,1,0,0
1596,34.845513599178105,-0.2667585165753366,1,0,0
1597,34.83098003424398,-0.2535196010111911,1,0,0
1598,34.840742377607995,-0.2610924221748737,1,0,0
1599,34.83091557031366,-0.2594337685978843,1,0,0
1600,34.82595954819417,-0.2543012020134806,1,0,0
1601,34.83352379343366,-0.2664845448953338,1,0,0
1602,34.83733055739268,-0.2620899994364911,1,0,0
1603,34.825936109234526,-0.2564518232327887,1,0,0
1604,34.8898107640433,-0.2589896838193179,1,0,0
1605,34.84603875346407,-0.2678460705567868,1,0,0
1606,34.89646539668224,-0.2560952400547974,1,0,0
1607,34.831322305787666,-0.2549615173351493,1,0,0
1608,34.83768065708625,-0.2628150408810627,1,0,0
1609,34.830993720603345,-0.2522650807702675,1,0,0
1610,35.090144916927706,-0.1604015571653615,0,1,0
1611,35.09990123248218,-0.1998743393301801,0,1,0
1612,34.836658695555045,-0.1928799955271658,0,0,0
1613,34.95492899612017,-0.1499011310431252,0,0,0
1614,34.962687849790655,-0.1762489409985181,0,0,0
1615,34.86124852199585,-0.2355696266623568,0,0,0
1616,34.91455119924696,-0.1907290027612616,0,0,0
1617,35.09961207960514,-0.1937748783516626,0,1,0
1618,34.8664117185431,-0.2873129650324153,0,1,0
1619,34.99425733456746,-0.1547580002818788,0,0,0
1620,34.83935101995913,-0.2409835127994762,0,1,0
1621,35.004044031134804,-0.2560660651817937,0,0,0
1622,34.9183745178394,-0.2171657216752784,0,0,0
1623,34.80354627860355,-0.1763454725937204,0,0,0
1624,34.8138387020961,-0.2169163411502965,0,0,0
1625,34.84851631031369,-0.1728959921308485,0,0,0
1626,34.805152985672834,-0.1767408226025512,0,0,0
1627,34.83984059802946,-0.2289843029719097,0,0,0
1628,34.93991986221648,-0.1952582797383783,0,0,0
1629,34.87862953217137,-0.2666202290203019,0,0,0
1630,35.034679563883735,-0.2214710644414296,0,1,0
1631,35.03045165770305,-0.2314087668839145,0,0,0
1632,34.85659315142116,-0.1870637516638057,0,0,0
1633,35.09404606202236,-0.195257476820803,0,1,0
1634,34.88358460081295,-0.2066852841741714,0,0,0
1635,34.802045061488776,-0.1664512499280244,0,0,0
1636,34.80487863451731,-0.1692052402112044,0,0,0
1637,34.93866512997074,-0.1954085097628072,0,0,0
1638,34.8805224238608,-0.1601889351547053,0,0,0
1639,34.87120267256204,-0.274695663356235,0,1,0
1640,34.881145734643205,-0.1524955302500155,0,0,0
1641,35.013325843488246,-0.2584315807957443,0,0,0
1642,34.940916763397674,-0.1861402974975032,0,0,0
1643,34.84001386015861,-0.1648131000870215,0,1,0
1644,34.97487766003081,-0.2227723702696376,0,0,0
1645,34.79720507102248,-0.1831917864385885,0,0,0
1646,35.0862014747736,-0.1766164556097967,0,1,0
1647,34.951285028605696,-0.2195383827030168,0,0,0
1648,34.822665659327406,-0.1794727804551064,0,0,0
1649,35.10769776696166,-0.1910969714017667,0,1,0
1650,34.96253102405689,-0.1742737666062748,0,0,0
1651,34.824015950950646,-0.2684186190689034,0,0,1
1652,34.99272838972252,-0.1633251609918918,0,0,0
1653,35.04362787518917,-0.1580592907907574,0,1,0
1654,35.055159656434924,-0.230907861610398,0,1,0
1655,34.94283622074337,-0.222748698942625,0,0,1
1656,34.975064562999044,-0.1899780792197476,0,0,0
1657,35.051743193178375,-0.2645195285509242,0,1,0
1658,34.92860299849313,-0.2148922560173621,0,0,0
1659,34.877574728825046,-0.1676495199644986,0,0,0
1660,34.85106307110825,-0.2667061488359429,0,0,0
1661,34.85999538623197,-0.1389221646271628,0,0,0
1662,34.813419754397465,-0.157748727579212,0,0,0
1663,35.00180120998558,-0.2162271893591034,0,0,0
1664,35.01659057559918,-0.2545644264820731,0,0,0
1665,34.98609048528615,-0.2447181097886858,0,1,0
1666,34.99521300466743,-0.1970768207189564,0,0,0
1667,34.814196657540656,-0.233237752287077,0,1,0
1668,34.98773088552464,-0.1461826151886415,0,0,0
1669,35.05239143427054,-0.1745719733726677,0,1,0
1670,34.889648255770226,-0.176531854772053,0,0,0
1671,34.853941609956095,-0.2818295004960306,0,1,0
1672,35.006594143381456,-0.1878424435431823,0,0,0
1673,35.0640056501449,-0.160685879491476,0,1,0
1674,34.83810123464342,-0.1597498250934194,0,0,0
1675,34.95298758855274,-0.179250329833633,0,0,0
1676,34.89625900460082,-0.2098449590912418,0,0,0
1677,34.887434704690754,-0.182396035404123,0,1,0
1678,35.03648469673843,-0.2041294305890934,0,1,0
1679,35.00539376967765,-0.1831548184837728,0,0,0
1680,34.82487605691881,-0.2551727684927148,1,0,0
1681,34.82523787140829,-0.2548225062832244,1,0,0
1682,34.82541096546597,-0.2553642496564648,1,0,0
1683,34.82505696409607,-0.254997637316236,1,0,0
1684,34.82558210726633,-0.2560852113549757,1,0,0
1685,34.8248701977497,-0.2557104245971269,1,0,0
1686,34.825391438085944,-0.2571564353915275,1,0,0
1687,34.82558406015936,-0.2559059928274673,1,0,0
1688,34.82522810544662,-0.2557185993417276,1,0,0
1689,34.82594196779918,-0.2559141679129114,1,0,0
1690,34.8254226860725,-0.254288938268952,1,0,0
1691,34.82434896180154,-0.2542644122295843,1,0,0
1692,34.82488387036297,-0.2544558937024423,1,0,0
1693,34.82469514987649,-0.2553478998126478,1,0,0
1694,34.8253972953859,-0.2566187796592999,1,0,0
1695,34.82522419967132,-0.2560770365729378,1,0,0
1696,34.825416825377495,-0.2548265939576966,1,0,0
1697,34.82433138338776,-0.2558773817195576,1,0,0
1698,34.82594392082818,-0.2557349494751785,1,0,0
1699,34.825039387935554,-0.2566106052506074,1,0,0
1700,34.82398128729178,-0.2551523319058628,1,0,0
1701,34.82521638916531,-0.2567939110487284,1,0,0
1702,34.82398519359515,-0.2547938940652413,1,0,0
1703,34.824508384469034,-0.2560606876530962,1,0,0
1704,34.82380233336329,-0.2551482447495568,1,0,0
1705,34.8252437320299,-0.2542848504614988,1,0,0
1706,34.825399247993325,-0.2564395610841206,1,0,0
1707,34.82451814907106,-0.2551645936969037,1,0,0
1708,34.82452596231953,-0.2544477185520178,1,0,0
1709,34.82521443675645,-0.2569731296704666,1,0,0
1710,34.82488582394162,-0.2542766750076552,1,0,0
1711,34.82540901233623,-0.2555434682249589,1,0,0
1712,34.82468733827114,-0.2560647748025273,1,0,0
1713,34.82503548307966,-0.2569690425816149,1,0,0
1714,34.82576106106229,-0.2560892988265201,1,0,0
1715,34.82362142646159,-0.2553233766575752,1,0,0
1716,34.82578254794267,-0.2541178955729238,1,0,0
1717,34.82380038036663,-0.2553274637158643,1,0,0
1718,34.824337242075615,-0.2553397252128684,1,0,0
1719,34.825222246914244,-0.2562562551902184,1,0,0
1720,34.82557624910953,-0.2566228669441779,1,0,0
1721,34.82505891743805,-0.2548184186624407,1,0,0
1722,34.82469905620146,-0.2549894623243975,1,0,0
1723,34.824520102252606,-0.2549853749090123,1,0,0
1724,34.82558991936079,-0.2553683372516463,1,0,0
1725,34.825047198691955,-0.2558937306019594,1,0,0
1726,34.82504915159867,-0.2557145119425852,1,0,0
1727,34.825395342865534,-0.2567979982355938,1,0,0
1728,34.82398714687741,-0.2546146751465957,1,0,0
1729,34.82593220396004,-0.2568102601182856,1,0,0
1730,34.82576496698432,-0.2557308618612859,1,0,0
1731,34.824504479237554,-0.2564191252433798,1,0,0
1732,34.82487801014928,-0.2549935497934767,1,0,0
1733,34.825051104592454,-0.2555352932843254,1,0,0
1734,34.82523982486178,-0.2546432876748629,1,0,0
1735,34.82558015446034,-0.2562644298835958,1,0,0
1736,34.8254012006878,-0.2562603425100664,1,0,0
1737,34.82452791584926,-0.2542684997685879,1,0,0
1738,34.82540315346933,-0.2560811239371187,1,0,0
1739,34.82467952805855,-0.2567816498102439,1,0,0
1740,34.82470491634176,-0.2544518061003785,1,0,0
1741,34.82486629207223,-0.2560688620056488,1,0,0
1742,34.82522615251545,-0.2558978179567797,1,0,0
1743,34.82416414757152,-0.254797981363873,1,0,0
1744,34.82468538558742,-0.2562439935527867,1,0,0
1745,34.825041340494074,-0.2564313865867695,1,0,0
1746,34.824347008296286,-0.2544436310573489,1,0,0
1747,34.823808192875546,-0.2546105878573251,1,0,0
1748,34.824693196844585,-0.2555271185584447,1,0,0
1749,34.82560359387766,-0.2541138076137467,1,0,0
1750,34.812743872456664,-0.1541478701524045,0,0,0
1751,35.03225196786587,-0.1984753231148802,0,0,0
1752,35.08183628207822,-0.198556131542459,0,0,0
1753,34.984816659534225,-0.1505954567727667,0,0,0
1754,35.11731272246521,-0.179853815001304,0,0,0
1755,34.88504578618994,-0.2364742566304347,0,0,0
1756,34.81343520507309,-0.1885829890370484,0,0,0
1757,34.990980165304066,-0.1914226543604171,0,1,0
1758,34.86444327455869,-0.2872679532251983,0,1,0
1759,35.058685509367535,-0.1562605462700183,0,1,0
1760,34.98913271892193,-0.2447884855730223,0,0,0
1761,34.99813263574193,-0.2564669356021085,0,0,0
1762,35.00051454072337,-0.2192441035104289,0,0,0
1763,34.977320651149256,-0.1803521308882004,0,0,0
1764,34.90582161105249,-0.219206657953479,0,0,0
1765,34.99884671321433,-0.1763714430016544,0,0,0
1766,34.98071693814844,-0.1807893972929191,0,0,0
1767,35.04188092463182,-0.2338248438587742,0,1,0
1768,34.8649327627256,-0.1937086665445506,0,0,0
1769,34.83317368515561,-0.2657595036074704,0,0,0
1770,34.86645463945756,-0.2179429197287142,0,0,0
1771,34.9617282621921,-0.2301751335166577,0,0,0
1772,35.07063240385004,-0.1920223989359206,0,1,0
1773,34.99543613844165,-0.1931391035721715,0,0,0
1774,34.91400586870856,-0.2075651952077371,0,0,0
1775,34.93215323486067,-0.1694477284666141,0,1,0
1776,34.941071334853355,-0.1723427039253216,0,1,0
1777,34.86493077381994,-0.1938878750840205,0,1,0
1778,34.976448527947646,-0.162409151962937,0,0,0
1779,34.86243406522216,-0.2744949831584035,0,1,0
1780,34.95165903301336,-0.1541268655081598,0,0,0
1781,34.881789235892576,-0.2559376787465379,0,0,0
1782,34.80633421450832,-0.1832215561430732,0,0,0
1783,34.96063694666057,-0.167598295927826,0,1,0
1784,34.82096948311125,-0.2195891938868752,0,1,0
1785,34.99835984596818,-0.1878303326528574,0,0,0
1786,34.88414838378611,-0.1721030697149416,0,0,0
1787,35.04129900700692,-0.2218041825437236,0,1,0
1788,35.009503879728435,-0.1837880395937075,0,0,0
1789,34.98063248483257,-0.1883149410656702,0,0,0
1790,35.106597269144594,-0.1776315499332216,0,0,0
1791,35.044486163916474,-0.2733115872306036,0,1,0
1792,35.0782740883058,-0.1653204906523057,0,1,0
1793,35.09803371686824,-0.1593320116330404,0,1,0
1794,34.96943533329676,-0.2292779111982401,0,1,0
1795,35.04859824767606,-0.2253789548783885,0,0,0
1796,34.86016843289373,-0.1875044578797053,0,0,0
1797,34.891218862745006,-0.2611729632300262,0,0,0
1798,34.99928979288692,-0.216706603803309,0,0,0
1799,35.0058929796539,-0.170621010193553,0,1,0
1800,35.01659349515038,-0.2705147794588733,0,0,0
1801,34.87162842980006,-0.1391905092843308,0,0,0
1802,34.891449449299145,-0.1595448179522138,0,0,0
1803,34.80923699682301,-0.2121501474990704,0,0,0
1804,35.01032125983837,-0.2549568602235714,0,0,0
1805,34.82448788316756,-0.241539878313705,0,0,0
1806,34.924342188255764,-0.1956153089505217,0,0,0
1807,34.82385640461179,-0.2338171033622472,0,0,0
1808,35.11712487535669,-0.1492073986501871,0,1,0
1809,34.84407412617965,-0.169925721064078,0,0,0
1810,35.054295231765,-0.1803510777028994,0,0,0
1811,34.875417576810804,-0.2821414579089519,0,0,0
1812,34.8732646399815,-0.1849376781381793,0,1,0
1813,35.12861242328443,-0.1621998150098681,0,1,0
1814,34.93635399836088,-0.162016985886248,0,1,0
1815,34.78314824949978,-0.175519950250353,0,0,0
1816,34.9433234448491,-0.2111096705372517,0,0,0
1817,35.07606194316251,-0.1867731010154837,0,0,0
1818,35.02055521233204,-0.2039381493494435,0,0,0
1819,34.85112496702319,-0.1797677720591474,0,1,0
1820,34.83223662344327,-0.2531897966306684,1,0,0
1821,34.83117071942689,-0.2524483879575802,1,0,0
1822,34.83223271314777,-0.2535482303699103,1,0,0
1823,34.83277153069735,-0.2533812841633512,1,0,0
1824,34.85968163596049,-0.2807059309049797,1,0,0
1825,34.83363111934721,-0.2566276337904602,1,0,0
1826,34.83384525556047,-0.253405826940305,1,0,0
1827,34.857543960886225,-0.2797607792479518,1,0,0
1828,34.83098589930403,-0.2529819494726649,1,0,0
1829,34.860237951489474,-0.2789261065137178,1,0,0
1830,34.77700790300697,-0.1803992301723368,1,0,0
1831,34.776480921562104,-0.1794908053934144,1,0,0
1832,34.828334829999854,-0.249873904541635,1,0,0
1833,34.83400075126323,-0.2555605147844569,1,0,0
1834,34.83134771828756,-0.2526316951110177,1,0,0
1835,34.861500342011816,-0.2780587064697309,1,0,0
1836,34.830626035831614,-0.2531529871401265,1,0,0
1837,34.857720965317284,-0.2799440813329136,1,0,0
1838,34.8318611219464,-0.2547945690281182,1,0,0
1839,34.862037194149025,-0.2780709858418556,1,0,0
1840,34.83079326134781,-0.2542323802286303,1,0,0
1841,34.83364675233943,-0.2551939015470351,1,0,0
1842,34.83152276191773,-0.2529942192748005,1,0,0
1843,34.858086651216,-0.2792354221077056,1,0,0
1844,34.830629946035025,-0.2527945526070719,1,0,0
1845,34.85914089332474,-0.2810520762008791,1,0,0
1846,34.776124975125846,-0.1793033928918738,1,0,0
1847,34.83134576295734,-0.2528109121984818,1,0,0
1848,34.82904673599292,-0.2502486994740758,1,0,0
1849,34.86022627176946,-0.280001366593646,1,0,0
1850,34.776657903522114,-0.1796741268379099,1,0,0
1851,34.83399293457151,-0.2562773805513186,1,0,0
1852,34.861675397874585,-0.2784212188401703,1,0,0
1853,34.830993720603345,-0.2522650807702675,1,0,0
1854,34.861673450580184,-0.2786004284918341,1,0,0
1855,34.83151494171822,-0.2537110874628922,1,0,0
1856,34.77665988604712,-0.1794948964809018,1,0,0
1857,34.833312303896854,-0.2530351221054344,1,0,0
1858,34.833475616930535,-0.2544729451748853,1,0,0
1859,34.83294657452671,-0.2537438078786037,1,0,0
1860,34.83223466825197,-0.253369013499733,1,0,0
1861,34.83188262563831,-0.2528231824558389,1,0,0
1862,34.83080499001479,-0.2531570768687473,1,0,0
1863,34.83115898837617,-0.2535236907584994,1,0,0
1864,34.83203812151924,-0.254977875656905,1,0,0
1865,34.8587907759537,-0.2803270516190468,1,0,0
1866,34.86041884903825,-0.2787509890217172,1,0,0
1867,34.85736111845342,-0.2801151093100262,1,0,0
1868,34.829400732861025,-0.2506153145600175,1,0,0
1869,34.85932762718903,-0.2803393268458453,1,0,0
1870,34.83382766077656,-0.2550187752194867,1,0,0
1871,34.83276175568029,-0.254277367860142,1,0,0
1872,34.83366630141918,-0.2534017363432437,1,0,0
1873,34.86023989841492,-0.2787468965042906,1,0,0
1874,34.829746906825136,-0.2516987994232846,1,0,0
1875,34.77558808158336,-0.1792911201442507,1,0,0
1876,34.85808081236152,-0.2797730537490432,1,0,0
1877,34.77647893906205,-0.1796700357946003,1,0,0
1878,34.83240384762906,-0.2542691878075663,1,0,0
1879,34.83151298688607,-0.2538903045127098,1,0,0
1880,34.82815391916591,-0.2500490326355373,1,0,0
1881,34.86076896281211,-0.2794760137284784,1,0,0
1882,34.83401052408781,-0.2546644326009971,1,0,0
1883,34.831349673704885,-0.2524524780246704,1,0,0
1884,34.83152080673722,-0.2531734363201464,1,0,0
1885,34.85986642459394,-0.2801723924478437,1,0,0
1886,34.82940268896698,-0.2504360969981642,1,0,0
1887,34.830828456754176,-0.2510064702696098,1,0,0
1888,34.83381984313737,-0.2557356411503806,1,0,0
1889,34.77577101133281,-0.1789367498560924,1,0,0
1890,34.80325857079172,-0.1539302023986074,0,0,0
1891,35.00594466554368,-0.1978636691144339,0,1,0
1892,35.0562448458169,-0.1979589347775269,0,0,0
1893,34.98016349235117,-0.1504872591671495,0,1,0
1894,35.09297367512795,-0.1792837131339796,0,0,0
1895,34.83332736554065,-0.2352885891512036,0,1,0
1896,34.790885843364684,-0.1880667932033414,0,1,0
1897,34.96932572524894,-0.1909204198359125,0,0,0
1898,34.86462222401688,-0.2872720449397887,0,1,0
1899,35.051705797177995,-0.1560974326053238,0,1,0
1900,34.864758805592494,-0.2419240104332831,0,0,0
1901,34.873401939438565,-0.2535943393433877,0,0,0
1902,34.95989096067271,-0.2183034381792626,0,0,0
1903,34.95011813765156,-0.179721573626634,0,1,0
1904,34.86376630164484,-0.2182397045665425,0,0,0
1905,34.97540237832069,-0.1758269337194035,0,0,0
1906,34.95315650745732,-0.180150407592738,0,1,0
1907,34.993204780189515,-0.2326955683603312,0,0,0
1908,34.83934114695172,-0.1931208104531395,0,0,0
1909,35.042191436018975,-0.2703910092904306,0,1,0
1910,34.82457822382851,-0.2169828237023946,0,1,0
1911,34.8892505979558,-0.228504691692313,0,1,0
1912,35.05005177244051,-0.1915422575622963,0,0,0
1913,34.972707955830984,-0.1926118656234274,0,0,0
1914,34.87946652588707,-0.2067698060586163,0,0,0
1915,34.90530840319623,-0.1688271376468977,0,1,0
1916,34.91977448793298,-0.1718500277786926,0,0,0
1917,34.83933916159896,-0.1933000253453141,0,0,0
1918,34.96356294972275,-0.1621100123103912,0,1,0
1919,35.040491972284414,-0.2784160814809563,0,1,0
1920,34.94432136250338,-0.1539567164792234,0,0,0
1921,34.87284155109089,-0.2557325130523327,0,0,0
1922,34.78790092864827,-0.1827996126373682,0,1,0
1923,34.94345623983736,-0.1672000943460297,0,0,0
1924,35.03393173267788,-0.2243210872270691,0,1,0
1925,34.97974771647283,-0.1873982846874044,0,0,0
1926,34.86195668776292,-0.1715918700277978,0,0,0
1927,34.99960178262853,-0.2208359291179166,0,0,0
1928,34.982122488645935,-0.1831519565851836,0,1,0
1929,34.96130450604948,-0.1878668878029233,0,0,0
1930,35.08404781571925,-0.1771036780442537,0,1,0
1931,35.01818037307444,-0.2727021079406539,0,0,0
1932,35.06503062802706,-0.1650107839090896,0,1,0
1933,35.0896222939197,-0.1591349164306582,0,1,0
1934,34.90393696947378,-0.2277669989694264,0,0,0
1935,35.004753650342835,-0.2243605827799794,0,0,0
1936,34.839229737532364,-0.1870233962889638,0,0,0
1937,34.86741811370106,-0.2606273061283162,0,0,0
1938,34.960097804558345,-0.2157989875219048,0,0,0
1939,34.9871016382756,-0.1701841214930836,0,0,0
1940,34.87253733773992,-0.2671976511777462,0,0,0
1941,34.869838731084336,-0.1391492106239099,0,0,0
1942,34.87910072664517,-0.1592598905950747,0,1,0
1943,35.032043228786634,-0.2171086674562141,0,1,0
1944,34.87270573800269,-0.2517858608944547,0,0,0
1945,35.01418242449708,-0.2457269837493256,0,0,0
1946,34.89839270902733,-0.1950166646145094,0,0,0
1947,35.02071030236492,-0.2381720325846245,0,0,0
1948,35.11426139070217,-0.1491401547778096,0,1,0
1949,34.82295617366241,-0.1694406273292358,0,0,0
1950,35.0285244602584,-0.1797502744184703,0,0,0
1951,34.87595442718005,-0.2821537470216674,0,1,0
1952,34.85465243360747,-0.184509548158147,0,0,0
1953,35.11859032920118,-0.161964505634123,0,1,0
1954,34.922931508594864,-0.1617063049178147,0,0,0
1955,35.09759018756134,-0.1826173290358499,0,0,0
1956,34.906994612907326,-0.2102714771570599,0,0,0
1957,35.05566019259036,-0.1862967932125509,0,1,0
1958,34.98995296178789,-0.2032275882201957,0,1,0
1959,34.82302756733036,-0.1791225532762823,0,0,0
1960,34.844476960124496,-0.2633289082813774,1,0,0
1961,34.843055098768296,-0.26240010730902,1,0,0
1962,34.84444963886822,-0.2658379025469272,1,0,0
1963,34.84319892269521,-0.2656300538795048,1,0,0
1964,34.84532879549711,-0.2672920666829918,1,0,0
1965,34.8449708910585,-0.2672838853104041,1,0,0
1966,34.84337787514466,-0.2656341444019927,1,0,0
1967,34.84406832999366,-0.2679802887530499,1,0,0
1968,34.84484072256659,-0.2627994499517017,1,0,0
1969,34.84210375578962,-0.2675768709966042,1,0,0
1970,34.83038651879691,-0.258704634673133,1,0,0
1971,34.830575234886474,-0.2578126364761292,1,0,0
1972,34.83091752237271,-0.2592545513804438,1,0,0
1973,34.84694131601592,-0.2671496722442885,1,0,0
1974,34.840368853341936,-0.262517959615914,1,0,0
1975,34.84461298661583,-0.2672757041524071,1,0,0
1976,34.84054195079389,-0.2630596945602755,1,0,0
1977,34.845140092826895,-0.268184044560087,1,0,0
1978,34.844616887260365,-0.2669172764577699,1,0,0
1979,34.84586565214735,-0.2673043391442028,1,0,0
1980,34.84479974057295,-0.2665629394973199,1,0,0
1981,34.84783802797524,-0.2669909162029142,1,0,0
1982,34.84054390251627,-0.2628804797172016,1,0,0
1983,34.845861751510256,-0.2676627662217981,1,0,0
1984,34.84144257060983,-0.2625425029316505,1,0,0
1985,34.83021732778876,-0.2578044594859288,1,0,0
1986,34.830219280533804,-0.2576252421011463,1,0,0
1987,34.84412686361877,-0.2626038696726799,1,0,0
1988,34.830555711736785,-0.2596048094984229,1,0,0
1989,34.845319044923805,-0.2681881350512401,1,0,0
1990,34.83057328217963,-0.2579918537733465,1,0,0
1991,34.84425508216907,-0.2672675232089811,1,0,0
1992,34.84264256218486,-0.2674099259563056,1,0,0
1993,34.84341495700805,-0.262229075769739,1,0,0
1994,34.845147893013674,-0.2674671896856883,1,0,0
1995,34.84552140234961,-0.2660416620917196,1,0,0
1996,34.830933141980104,-0.2578208136810582,1,0,0
1997,34.84161761948517,-0.2629050228223582,1,0,0
1998,34.84766102658944,-0.2668076115590408,1,0,0
1999,34.84337202299006,-0.2661717868543831,1,0,0
2000,34.84482120253689,-0.2645915877692724,1,0,0
2001,34.840903760035,-0.2627094457843969,1,0,0
2002,34.84531514530474,-0.2685465624063363,1,0,0
2003,34.844270686449285,-0.2658338117469326,1,0,0
2004,34.84228855760082,-0.2670433174309475,1,0,0
2005,34.8445973875246,-0.2687094149754845,1,0,0
2006,34.84604265397556,-0.2674876435657435,1,0,0
2007,34.84155910133315,-0.2682814606110755,1,0,0
2008,34.830014948383365,-0.2599509803078568,1,0,0
2009,34.844772440601666,-0.2690719328006611,1,0,0
2010,34.84801698022749,-0.2669950078094978,1,0,0
2011,34.8442394834678,-0.2687012347422962,1,0,0
2012,34.84283906706104,-0.2658010872783217,1,0,0
2013,34.84640055835317,-0.2674958254932749,1,0,0
2014,34.840020708002214,-0.2616137040867828,1,0,0
2015,34.83093704775283,-0.2574623792673581,1,0,0
2016,34.84371042573579,-0.2679721084866061,1,0,0
2017,34.830394328655714,-0.2579877652957462,1,0,0
2018,34.847662977544104,-0.266628398469219,1,0,0
2019,34.84462468959552,-0.2662004210818574,1,0,0
2020,34.83019975700199,-0.2594174159991802,1,0,0
2021,34.84496504059924,-0.2678215265943664,1,0,0
2022,34.845511648603186,-0.266937730199026,1,0,0
2023,34.84377091032068,-0.2624164727021032,1,0,0
2024,34.84429995951174,-0.263145602947779,1,0,0
2025,34.844062480946064,-0.268517930716216,1,0,0
2026,34.830911666456856,-0.2597922030361037,1,0,0
2027,34.83090581132479,-0.2603298547017866,1,0,0
2028,34.84531709507069,-0.2683673487282315,1,0,0
2029,34.830584999727016,-0.2569165500067871,1,0,0
2030,34.799858178902944,-0.1538522075155845,0,0,0
2031,34.976952918118386,-0.1971909490389098,0,0,0
2032,35.02743208388695,-0.1972878837474698,0,1,0
2033,34.9783738124717,-0.1504456544237529,0,0,0
2034,35.0842044546794,-0.1790785530108575,0,1,0
2035,35.04217103096779,-0.2399247499266973,0,1,0
2036,35.09029191579668,-0.1948113076698256,0,1,0
2037,34.94194446893802,-0.1902864921661009,0,1,0
2038,34.86480117347405,-0.2872761367079646,0,1,0
2039,35.04902129205267,-0.1560347184378037,0,1,0
2040,34.825388542042674,-0.2410226767084309,0,1,0
2041,35.04716778416968,-0.2574241662230558,0,0,0
2042,34.92553088607915,-0.2175099727102769,0,0,0
2043,34.940096152807946,-0.1794895770305635,0,0,0
2044,34.82904825824891,-0.2174436925460985,0,0,0
2045,34.96663311858459,-0.1756235000883573,0,1,0
2046,34.94313452641411,-0.1799183646826933,0,0,0
2047,34.955802837307566,-0.2318305536267443,0,0,0
2048,34.81070714585244,-0.1924643756704558,0,0,0
2049,35.00300107997147,-0.2694834270343533,0,0,0
2050,35.048278365169296,-0.2219665358502028,0,1,0
2051,34.8523853502846,-0.227658418180274,0,0,0
2052,35.0230284872121,-0.1909128926077608,0,0,0
2053,34.944789849893226,-0.191965423786369,0,0,0
2054,34.84743259280079,-0.2060339059789326,0,0,0
2055,34.8981497773785,-0.1686618517900012,0,1,0
2056,34.91190001971337,-0.1716680552466841,0,1,0
2057,34.81034723934303,-0.192635401041109,0,0,0
2058,34.95873085645819,-0.1619979070667097,0,0,0
2059,34.864223577122694,-0.2745359278454549,0,1,0
2060,34.941636848451985,-0.1538944895133429,0,0,0
2061,35.01350083773683,-0.2587940683453912,0,0,0
2062,35.0960773879938,-0.189749842254122,0,1,0
2063,34.937013472244345,-0.1670508969461409,0,1,0
2064,34.998677065890554,-0.2235028116362247,0,0,0
2065,34.95344016771106,-0.1867885955389882,0,0,0
2066,34.85390324566385,-0.1714065591756726,0,0,0
2067,34.96488387852791,-0.2200319708144878,0,0,0
2068,34.96923711952445,-0.1828530599376889,0,0,0
2069,34.934817996538534,-0.1872539096587381,0,0,0
2070,35.07581547133396,-0.1769111761084739,0,1,0
2071,35.04430721303361,-0.2733074372010358,0,1,0
2072,35.06001958746528,-0.1648936745951123,0,1,0
2073,35.086400897264625,-0.1590594647230519,0,1,0
2074,34.86725066657765,-0.2269238694764989,0,0,0
2075,34.96932001142239,-0.2235399293362387,0,0,0
2076,34.81220627183507,-0.1864036298479023,0,0,0
2077,35.02346677707572,-0.2640429633264709,0,1,0
2078,34.92645350049807,-0.2150219045405119,0,0,0
2079,34.98012199419122,-0.1700219999960826,0,0,0
2080,34.8494525005185,-0.2666693173007734,0,1,0
2081,34.86912285156803,-0.1391326926734482,0,0,0
2082,34.87462655051932,-0.1591567194866185,0,0,0
2083,34.998398994769026,-0.2163275026226309,0,0,0
2084,34.82438805018664,-0.2506800359087024,0,1,0
2085,34.90430403296371,-0.243190456992853,0,0,0
2086,34.869400850905514,-0.1943491740330298,0,1,0
2087,34.98259270774776,-0.2372889812377902,0,0,0
2088,35.11336655169058,-0.1491191439015961,0,1,0
2089,34.81508167912715,-0.1692599372677353,0,1,0
2090,35.01903937905844,-0.1795294267890011,0,0,0
2091,34.87613337730111,-0.2821578434997514,0,1,0
2092,34.82852374006372,-0.1839095034968657,0,0,0
2093,35.114832043045304,-0.161876308225374,0,1,0
2094,34.90503484623779,-0.1612925359246396,0,1,0
2095,35.08774721099005,-0.1823870238649547,0,0,0
2096,34.87424493926728,-0.2095177652701143,0,0,0
2097,35.03418465069006,-0.1857961729034576,0,0,0
2098,34.95935068038149,-0.2025186010410224,0,0,0
2099,34.81139487833183,-0.1788558136407737,0,0,0
2100,34.83098003424398,-0.2535196010111911,1,0,0
2101,34.82815783164452,-0.2496905968988901,1,0,0
2102,34.83239993832978,-0.2546276214715072,1,0,0
2103,34.83096830647526,-0.2545949041183881,1,0,0
2104,34.847163203946934,-0.2632110728404038,1,0,0
2105,34.84608167827058,-0.2639033739004555,1,0,0
2106,34.832584756459944,-0.2540940610210594,1,0,0
2107,34.85223774155808,-0.2739032768670235,1,0,0
2108,34.83134380771419,-0.2529901292870611,1,0,0
2109,34.845887111884885,-0.2653329902970453,1,0,0
2110,34.78977247278316,-0.1916267767865066,1,0,0
2111,34.78052774849632,-0.1858579432039542,1,0,0
2112,34.79118439036851,-0.1934517841403589,1,0,0
2113,34.84715929895786,-0.2635694992451741,1,0,0
2114,34.829044779848864,-0.2504279171234992,1,0,0
2115,34.83749975293072,-0.2629901670073379,1,0,0
2116,34.83151689663746,-0.253531870414196,1,0,0
2117,34.858798560609095,-0.27961021013043,1,0,0
2118,34.833759303688524,-0.2612913527200465,1,0,0
2119,34.83570632277267,-0.2633077077764387,1,0,0
2120,34.8332302510331,-0.2605622203433642,1,0,0
2121,34.833220493069526,-0.2614583035979603,1,0,0
2122,34.83098394419693,-0.2531611666510514,1,0,0
2123,34.84677406904009,-0.2660703011364603,1,0,0
2124,34.83101132362148,-0.2506521262552413,1,0,0
2125,34.99637114458922,-0.1895763646070609,1,0,0
2126,34.97278423409521,-0.1858029641405414,1,0,0
2127,34.82975472987744,-0.2509819295105009,1,0,0
2128,34.793504968233314,-0.1940426657288,1,0,0
2129,34.85279213293776,-0.272302644239218,1,0,0
2130,34.98453953172855,-0.1910939681250749,1,0,0
2131,34.83444780161646,-0.2638167367369403,1,0,0
2132,34.83480570705339,-0.2638249133760812,1,0,0
2133,34.821744804565505,-0.2468551073529992,1,0,0
2134,34.83372029040316,-0.2648756833332884,1,0,0
2135,34.822180032607285,-0.256186778966724,1,0,0
2136,34.78070275204806,-0.1862204927477635,1,0,0
2137,34.829381176590694,-0.2524074902399992,1,0,0
2138,34.83769431884906,-0.2615605320409755,1,0,0
2139,34.820561640827904,-0.2568668828074563,1,0,0
2140,34.82972149152758,-0.2540286267632624,1,0,0
2141,34.831176586127974,-0.251910736572206,1,0,0
2142,34.832055714101465,-0.2533649233859132,1,0,0
2143,34.83113944359211,-0.2553158621826931,1,0,0
2144,34.83661084261489,-0.2624320732240249,1,0,0
2145,34.84734020415293,-0.2633943783222136,1,0,0
2146,34.83765334636868,-0.2653240587249914,1,0,0
2147,34.85151609259744,-0.2744245488390347,1,0,0
2148,34.9413235707151,-0.1978000333477421,1,0,0
2149,34.85861571764448,-0.2799645391485778,1,0,0
2150,34.84162933252826,-0.2618297353849415,1,0,0
2151,34.82232385869591,-0.2594168134403807,1,0,0
2152,34.82309042369794,-0.2547734583773926,1,0,0
2153,34.84695497262626,-0.2658951793802088,1,0,0
2154,34.8916818944892,-0.2190604675106192,1,0,0
2155,34.77682695653261,-0.1805743695163524,1,0,0
2156,34.83781670022208,-0.2667618718538997,1,0,0
2157,34.78123568281824,-0.1865912236525317,1,0,0
2158,34.84325553326021,-0.2604328427363429,1,0,0
2159,34.82199717444258,-0.2565411314467279,1,0,0
2160,34.79225618726404,-0.193655564725088,1,0,0
2161,34.83513436462056,-0.2665213330589261,1,0,0
2162,34.84377481542852,-0.2620580446237593,1,0,0
2163,34.82957968739406,-0.2506194045335616,1,0,0
2164,34.83241166727278,-0.2535523204930672,1,0,0
2165,34.8573630643793,-0.2799358985818569,1,0,0
2166,34.94114261087362,-0.1979750857763439,1,0,0
2167,34.79809866814777,-0.1995258487166402,1,0,0
2168,34.835529320851386,-0.2631244029410211,1,0,0
2169,34.77594799321142,-0.179120071390617,1,0,0
2170,35.09282941119923,-0.1604644446215116,0,1,0
2171,34.834141313953054,-0.1938978101855151,0,0,0
2172,34.88229408967139,-0.1939288450589286,0,0,0
2173,34.95546590051778,-0.1499135906749274,0,0,0
2174,34.96161406316627,-0.1762240478477449,0,0,0
2175,35.043067801094786,-0.2397663746057978,0,1,0
2176,34.9453327427405,-0.1914402775294503,0,0,0
2177,34.79770031900387,-0.186967804854366,0,0,0
2178,34.86086428518212,-0.2871861301842724,0,1,0
2179,34.998194615919616,-0.154849621843567,0,0,0
2180,35.03691762141302,-0.2455375034049732,0,1,0
2181,35.03106398968455,-0.2568712827458883,0,1,0
2182,35.0345186160872,-0.2198544085223808,0,1,0
2183,34.80104077058549,-0.1762880759830785,0,0,0
2184,34.934278008411354,-0.2196833880839118,0,0,0
2185,34.84780044946253,-0.1728795334169782,0,0,0
2186,34.803184372900844,-0.1766957200080564,0,0,0
2187,34.999828162058094,-0.2326697744882373,0,0,0
2188,34.985734062982615,-0.1963192066726515,0,0,0
2189,34.88256648083926,-0.2667104656099462,0,0,0
2190,34.89580586975952,-0.2184383625489147,0,0,0
2191,34.90965371402795,-0.2287948009577682,0,0,0
2192,34.876994951378364,-0.187533075343429,0,0,0
2193,34.801261746490404,-0.1886627494575834,0,1,0
2194,34.99078170859966,-0.2091611885121319,0,0,0
2195,34.80365575756543,-0.1664881708742999,0,0,0
2196,34.80523656620176,-0.1692134448873504,0,0,0
2197,34.985195172548174,-0.1964859320213398,0,0,0
2198,34.88159622522929,-0.1602137024980717,0,0,0
2199,35.02957600810255,-0.2781631792883289,0,1,0
2200,34.88490406184032,-0.152582268067816,0,1,0
2201,35.03121915508157,-0.259025439057493,0,0,0
2202,34.95917099597643,-0.1865628478201515,0,0,0
2203,34.84144559101811,-0.1648460150109774,0,0,0
2204,34.84226754732723,-0.2198976581555664,0,0,0
2205,34.815280421079166,-0.1836058101893891,0,0,0
2206,35.08602251072756,-0.1766122687901744,0,1,0
2207,34.8125899276199,-0.2165292454176305,0,1,0
2208,34.82713976810222,-0.1795754283910877,0,0,0
2209,34.792721057654155,-0.1839855222582219,0,1,0
2210,34.962173094635666,-0.1742654677961489,0,0,0
2211,34.880387772609865,-0.2695285217718021,0,0,0
2212,34.993444254326725,-0.1633418071672736,0,0,0
2213,35.04684927648669,-0.1581345103711299,0,1,0
2214,34.92988777332284,-0.228185530643536,0,0,0
2215,34.81040500660952,-0.2198853526947769,0,1,0
2216,34.996003167506686,-0.1904639315198196,0,1,0
2217,34.84182976782922,-0.2598624666471164,0,1,0
2218,35.041347070433275,-0.2175042343740226,0,1,0
2219,34.87846955813077,-0.1676701456152477,0,0,0
2220,34.84676821601867,-0.2666079410652012,0,1,0
2221,34.859100536539216,-0.1389015321914611,0,0,0
2222,34.81467252632319,-0.1577774828055462,0,1,0
2223,34.852547232620566,-0.2129630561399127,0,0,0
2224,35.0285784746471,-0.2550215090280324,0,1,0
2225,34.86994655225232,-0.2422222240571502,0,0,0
2226,35.04317463683502,-0.198191988364055,0,0,0
2227,34.99207935845492,-0.2373293029411911,0,0,0
2228,34.98647810554438,-0.1461534675719354,0,0,0
2229,35.05292832753332,-0.1745845045407075,0,1,0
2230,34.88785860978763,-0.1764905922050807,0,0,0
2231,34.87362807551396,-0.2821004976833091,0,0,0
2232,35.02466937109875,-0.1882628411659798,0,0,0
2233,35.06633221228441,-0.1607402759204519,0,1,0
2234,34.838817102933646,-0.1597662847192419,0,0,0
2235,34.950661055903026,-0.1791964454531922,0,1,0
2236,35.0032768715047,-0.2123185709342033,0,0,0
2237,34.89870942092994,-0.1826559801803518,0,0,0
2238,34.840162554450785,-0.1997722898308615,0,0,0
2239,35.00933096329825,-0.1832463608352466,0,1,0
2240,34.793504968233314,-0.1940426657288,1,0,0
2241,34.79404581195746,-0.1936964919800105,1,0,0
2242,34.81174819104029,-0.2279830697886957,1,0,0
2243,34.79207129102519,-0.1941891520960082,1,0,0
2244,34.88998187418282,-0.2597106003756908,1,0,0
2245,34.89034370191943,-0.2593604080413697,1,0,0
2246,34.811032360304004,-0.2279667099488677,1,0,0
2247,34.89050893131731,-0.2606189313901397,1,0,0
2248,34.79243317168026,-0.1938388837184412,1,0,0
2249,34.88962004698728,-0.2600607932854853,1,0,0
2250,34.77647497432219,-0.1800284966003708,1,0,0
2251,34.84038642411393,-0.2609050256990414,1,0,0
2252,34.79119428152443,-0.1925556500631202,1,0,0
2253,34.890170631524306,-0.2588186941481969,1,0,0
2254,34.79135939696949,-0.1938143298945367,1,0,0
2255,34.84126947424023,-0.262000768261556,1,0,0
2256,34.79064156941903,-0.1939771887103213,1,0,0
2257,34.84038837685767,-0.2607258108249574,1,0,0
2258,34.842168143990406,-0.2616627940249624,1,0,0
2259,34.88962396791149,-0.2597023880150466,1,0,0
2260,34.8115633406311,-0.2285166454507192,1,0,0
2261,34.88945089674331,-0.2591606738843756,1,0,0
2262,34.792612134128404,-0.1938429762110667,1,0,0
2263,34.89033389890199,-0.2602564203238481,1,0,0
2264,34.84198528602874,-0.2620171318632094,1,0,0
2265,34.776303939637906,-0.1793074839156488,1,0,0
2266,34.77612695774949,-0.1791241624046173,1,0,0
2267,34.79279109657549,-0.1938470687575892,1,0,0
2268,34.79137126572419,-0.1927389692569852,1,0,0
2269,34.8414562371811,-0.2612880006301835,1,0,0
2270,34.77612299258894,-0.1794826233802763,1,0,0
2271,34.890524615990635,-0.2591853120900147,1,0,0
2272,34.89069768671318,-0.2597270257409245,1,0,0
2273,34.79332996209263,-0.1936801204312762,1,0,0
2274,34.890518733582134,-0.2597229193191298,1,0,0
2275,34.811030396048714,-0.2281459319814826,1,0,0
2276,34.776124975125846,-0.1793033928918738,1,0,0
2277,34.84234319191686,-0.2620253139860165,1,0,0
2278,34.81102253989723,-0.2288628201231898,1,0,0
2279,34.81210414199913,-0.2281704717981909,1,0,0
2280,34.790458651849725,-0.194331550854213,1,0,0
2281,34.792075246780854,-0.1938306988948884,1,0,0
2282,34.790999494285444,-0.1939853725830866,1,0,0
2283,34.790637614234775,-0.1943356426213055,1,0,0
2284,34.889454818493306,-0.2588022685360998,1,0,0
2285,34.88962592850479,-0.2595231853815107,1,0,0
2286,34.89033978045006,-0.2597188129509893,1,0,0
2287,34.8416351902264,-0.2612920916812857,1,0,0
2288,34.79405372595229,-0.1929795875420628,1,0,0
2289,34.84127142658314,-0.2618215536026829,1,0,0
2290,34.8898107640433,-0.2589896838193179,1,0,0
2291,34.81227720689258,-0.2287122271304452,1,0,0
2292,34.792966103017314,-0.1942096141168424,1,0,0
2293,34.889445014774296,-0.2596982819152149,1,0,0
2294,34.7915423153778,-0.1934599686018398,1,0,0
2295,34.77576902867231,-0.1791159804305651,1,0,0
2296,34.84056537721418,-0.2609091165169009,1,0,0
2297,34.77594402810078,-0.1794785324546267,1,0,0
2298,34.811561376562814,-0.2286958673538503,1,0,0
2299,34.812281135313164,-0.2283537836796124,1,0,0
2300,34.79155220678237,-0.192563834966857,1,0,0
2301,34.88979311927106,-0.2606025071303652,1,0,0
2302,34.88927782621475,-0.2586189595502501,1,0,0
2303,34.79368788702713,-0.1936883060978532,1,0,0
2304,34.79153638157722,-0.1939976487964496,1,0,0
2305,34.8410963785075,-0.2614590333888799,1,0,0
2306,34.79119032480153,-0.1929141036906162,1,0,0
2307,34.793872784784064,-0.1931547205491156,1,0,0
2308,34.88998971727611,-0.258993790204627,1,0,0
2309,34.77613092325705,-0.17876570143351,1,0,0
2310,34.80737483414457,-0.1540246433514197,0,1,0
2311,35.02258806355131,-0.1982504987048202,0,0,0
2312,35.06966693048363,-0.1982720126045815,0,1,0
2313,34.98213214009431,-0.1505330306221096,0,0,0
2314,35.10335356539123,-0.1795267229326409,0,0,0
2315,34.892025082020204,-0.2366346039380975,0,0,0
2316,34.80305534222518,-0.1883452687655356,0,1,0
2317,34.98095827762018,-0.1911901172013594,0,0,0
2318,34.86462222401688,-0.2872720449397887,0,1,0
2319,35.05474823602653,-0.1561685233414572,0,1,0
2320,34.99468032066137,-0.2449168578312333,0,1,0
2321,35.0011748415825,-0.2565373245976115,0,0,0
2322,35.00212516613118,-0.2192814557214708,0,0,0
2323,34.96157183053797,-0.1799869196149326,0,0,0
2324,34.906537445608194,-0.2192231424484872,0,0,0
2325,34.9854243863155,-0.1760595878212841,0,0,0
2326,34.964789159849126,-0.1804199551135542,0,1,0
2327,35.04635483108303,-0.233928836998413,0,1,0
2328,34.85294228807603,-0.1934331002720742,0,0,0
2329,34.83496320968735,-0.2658003803142664,0,1,0
2330,34.867349434042175,-0.2179634667506345,0,0,0
2331,34.95922286430226,-0.2301172427325606,0,0,0
2332,35.061326380957645,-0.1918052033255612,0,1,0
2333,34.984877378566125,-0.1928940582104103,0,0,0
2334,34.919195714776336,-0.2076848829195107,0,0,0
2335,34.921057374008086,-0.1691910704114095,0,0,0
2336,34.92890170988568,-0.1720610811649079,0,1,0
2337,34.85276133851579,-0.1936082007365626,0,1,0
2338,34.96911090769424,-0.1622387742546702,0,0,0
2339,34.86314986999459,-0.2745113603898103,0,1,0
2340,34.94736381147011,-0.1540272550612516,0,1,0
2341,34.878210162279785,-0.2558555963659262,0,0,0
2342,34.79828083855993,-0.1830371415125815,0,0,0
2343,34.9507938345794,-0.1673700987738846,0,1,0
2344,34.82096948311125,-0.2195891938868752,0,1,0
2345,34.99030652211513,-0.1876433172984111,0,0,0
2346,34.871441850152806,-0.1718102651552065,0,0,0
2347,35.04219379660434,-0.2218249925010353,0,1,0
2348,34.99429199886799,-0.1834345044005326,0,1,0
2349,34.97204227356665,-0.1881157286947275,0,0,0
2350,35.09371186927447,-0.1773298040902315,0,1,0
2351,35.045917770942204,-0.2733447893962124,0,1,0
2352,35.07057856480749,-0.1651404899751307,0,1,0
2353,35.09320162312582,-0.1592187721629162,0,1,0
2354,34.96728784817166,-0.2292282589239833,0,1,0
2355,35.04841929026403,-0.2253747917005139,0,0,0
2356,34.85068338464138,-0.1872864496644185,0,0,0
2357,34.88173435589928,-0.2609554071686857,0,0,0
2358,35.001616256364194,-0.2167605616752886,0,0,0
2359,34.994976106573574,-0.1703671262841486,0,0,0
2360,35.01820405712163,-0.270552061752079,0,1,0
2361,34.87073358045561,-0.1391698592783604,0,0,0
2362,34.884290770117495,-0.1593796113575584,0,0,0
2363,34.811921394755345,-0.2122115509164316,0,0,0
2364,35.013721375528576,-0.2550356091492751,0,0,0
2365,34.82985655634823,-0.2416626222732031,0,0,0
2366,34.9125307039033,-0.1953426821283108,0,0,0
2367,34.83119363454458,-0.2339849349120222,0,1,0
2368,35.11551416527275,-0.1491695722716354,0,1,0
2369,34.83190446042438,-0.1696460837760364,0,0,0
2370,35.03944124811552,-0.1800046449357427,0,1,0
2371,34.8755965269349,-0.282145554226271,0,0,0
2372,34.86521128285274,-0.1847523580202595,0,0,0
2373,35.1228855127952,-0.1620653317983582,0,1,0
2374,34.92865843829611,-0.1618388249963782,0,0,0
2375,35.10886486583191,-0.182881333385712,0,0,0
2376,34.94743951667995,-0.211204778120622,0,0,0
2377,35.06621899505759,-0.1865432159930607,0,0,0
2378,35.02789258944804,-0.2041087517112779,0,1,0
2379,34.83519714490742,-0.1794018478843696,0,0,0
2380,34.93855711680139,-0.2212160365717974,1,0,0
2381,34.94559217389258,-0.2163598899242158,1,0,0
2382,34.94926678761082,-0.2239725927514084,1,0,0
2383,34.94872991399659,-0.2239601935541094,1,0,0
2384,34.888268863109275,-0.2526806249494416,1,0,0
2385,34.896138912915376,-0.2532198059969107,1,0,0
2386,34.939620933996885,-0.2221367709415399,1,0,0
2387,34.8314934433546,-0.2556824750722678,1,0,0
2388,34.951986939012144,-0.2208092310491937,1,0,0
2389,34.893981644026745,-0.2540665010062788,1,0,0
2390,34.95088561739788,-0.2071620618154036,1,0,0
2391,34.79080404805773,-0.1631460699367746,1,0,0
2392,34.95086766355979,-0.2087747462722418,1,0,0
2393,34.897751463837466,-0.2530775949487752,1,0,0
2394,34.955969798537424,-0.2167789322825926,1,0,0
2395,34.898829118348495,-0.252743856688654,1,0,0
2396,34.95144211006756,-0.2215135752867995,1,0,0
2397,34.867017179657985,-0.2645616897806047,1,0,0
2398,34.90045149953077,-0.2517056552047146,1,0,0
2399,34.890235394133995,-0.2529050124310812,1,0,0
2400,34.89419596336673,-0.2508449833371239,1,0,0
2401,34.896154633044006,-0.2517861981241535,1,0,0
2402,34.95287974164649,-0.2210090922213494,1,0,0
2403,34.829548401149665,-0.2534868849656757,1,0,0
2404,34.94737778283012,-0.2167596077086032,1,0,0
2405,34.79571994318753,-0.1557292998406449,1,0,0
2406,34.79608986205435,-0.154662152643894,1,0,0
2407,34.946302039746165,-0.2169139909488625,1,0,0
2408,34.952452379497586,-0.2111414129053097,1,0,0
2409,34.895210758282815,-0.2562456788888611,1,0,0
2410,34.90917342723267,-0.1753691893715922,1,0,0
2411,34.89953903880117,-0.2532979001230199,1,0,0
2412,34.89631786691863,-0.2532239157309456,1,0,0
2413,34.94631597061802,-0.2156596726065549,1,0,0
2414,34.896846870566776,-0.2539530485055996,1,0,0
2415,34.89333658327956,-0.247598805348343,1,0,0
2416,34.79061711175986,-0.1638588779244386,1,0,0
2417,34.93911187490435,-0.2196157170933529,1,0,0
2418,34.89257358401655,-0.2518832094589768,1,0,0
2419,34.89404846839204,-0.2479736496744598,1,0,0
2420,34.950181450675345,-0.222201385219828,1,0,0
2421,34.940016606214,-0.2187404237180077,1,0,0
2422,34.93981181149578,-0.2210657617358967,1,0,0
2423,34.93439145369942,-0.2256008315513394,1,0,0
2424,34.89650468048077,-0.2525112219297454,1,0,0
2425,34.89954296923755,-0.2529394998416051,1,0,0
2426,34.89505340333323,-0.2542703562761244,1,0,0
2427,34.832923119940844,-0.255894408292372,1,0,0
2428,34.9449281048235,-0.2116844491420559,1,0,0
2429,34.83637923423895,-0.2672668126340181,1,0,0
2430,34.888813581451366,-0.2519761362512392,1,0,0
2431,34.89277022507897,-0.2502745020314707,1,0,0
2432,34.93494023157953,-0.224538069112154,1,0,0
2433,34.8880683131564,-0.2546477505114741,1,0,0
2434,34.9549219381969,-0.2144246910708185,1,0,0
2435,34.79448114820832,-0.1544460008466947,1,0,0
2436,34.831507122912164,-0.2544279556688552,1,0,0
2437,34.909165409858744,-0.176085979209647,1,0,0
2438,34.900821206040526,-0.2506386792079541,1,0,0
2439,34.892976706825614,-0.2477697867531167,1,0,0
2440,34.951040640412764,-0.2093164450512879,1,0,0
2441,34.8325828016552,-0.2542732778070063,1,0,0
2442,34.8900642964593,-0.252184094477799,1,0,0
2443,34.95507301315776,-0.2169374342442925,1,0,0
2444,34.95251585926186,-0.2215383827631981,1,0,0
2445,34.868090894841544,-0.2645862789323123,1,0,0
2446,34.94582091043076,-0.2118843124727093,1,0,0
2447,34.94491416180885,-0.2129387698116251,1,0,0
2448,34.89882715309684,-0.2529230570059532,1,0,0
2449,34.79633279485833,-0.1489310429392836,1,0,0
2450,35.091934579802405,-0.1604434807874528,0,1,0
2451,34.96317488247358,-0.1966925108108756,0,0,0
2452,35.025286559045306,-0.197058754944679,0,1,0
2453,34.96727779481845,-0.1501878255500293,0,0,0
2454,34.91383051963551,-0.1751182679775734,0,1,0
2455,35.048257508839235,-0.2398869775495833,0,1,0
2456,34.79983598662047,-0.1880923057245725,0,1,0
2457,34.990266325213874,-0.1912268617274954,0,1,0
2458,34.86820121296801,-0.2873538904825679,0,1,0
2459,35.000521191019395,-0.1549037741386808,0,0,0
2460,35.028685704934425,-0.2453464471228894,0,1,0
2461,34.84208497162371,-0.2528771947377371,0,1,0
2462,34.983336525522354,-0.2186667718715801,0,1,0
2463,35.09346997678388,-0.1828793022004834,0,0,0
2464,34.895086071941826,-0.2187802926813039,0,1,0
2465,34.80323807821702,-0.1718566780969246,0,0,0
2466,35.09310799359168,-0.183229229881823,0,0,0
2467,35.02112398309001,-0.233163585353093,0,1,0
2468,34.80748780006678,-0.1922113903160928,0,0,0
2469,34.86270082688894,-0.266434655316555,0,0,0
2470,34.85267677512228,-0.2174474537809508,0,0,0
2471,34.95922484963454,-0.2299380575785015,0,0,0
2472,35.08316176022213,-0.1921358537154117,0,1,0
2473,34.97736297732427,-0.1925405529055011,0,0,0
2474,35.008500726224675,-0.2093930813898692,0,0,0
2475,35.118278776958434,-0.173604721313257,0,1,0
2476,35.11610066538718,-0.176241537682515,0,0,0
2477,34.805517230284174,-0.1923455445670192,0,0,0
2478,34.88320692721016,-0.1602508571574232,0,0,0
2479,34.879255473067346,-0.2748800748946728,0,1,0
2480,34.88615683746804,-0.1526111859671483,0,0,0
2481,34.886263077331144,-0.2560403119146017,0,0,0
2482,34.84982439920023,-0.1840400698595902,0,0,0
2483,34.828560010841954,-0.1645499050737411,0,1,0
2484,34.846204638789594,-0.2199879016360466,0,0,0
2485,35.03898637544908,-0.1885962193961638,0,0,0
2486,35.04879796583969,-0.1757425818427362,0,1,0
2487,35.028058117695394,-0.2213171844543182,0,1,0
2488,35.097197776317884,-0.1856545060698136,0,1,0
2489,35.011237105832734,-0.1888464719711012,0,0,0
2490,34.92297979726189,-0.1733580531906575,0,1,0
2491,34.847100765972826,-0.2689458958519249,0,0,1
2492,34.99272838972252,-0.1633251609918918,0,0,0
2493,35.049175843873265,-0.1581888464972795,0,1,0
2494,34.97999578835444,-0.2293429674984734,0,1,0
2495,34.828121922738084,-0.2202906877428849,0,0,0
2496,34.86983443391476,-0.187547527888459,0,0,0
2497,34.88871352159385,-0.2611154809427303,0,1,0
2498,34.9205498345733,-0.2147065030878753,0,0,0
2499,34.860036069078625,-0.1672455295839315,0,0,0
2500,35.04701520716236,-0.2712197340370412,0,1,0
2501,34.87001770096073,-0.1391533402466781,0,0,0
2502,34.82004154827344,-0.1579007494656548,0,0,0
2503,34.98909513288318,-0.215932593721328,0,0,0
2504,34.99421742213333,-0.2544049256956055,0,0,0
2505,34.860282949662505,-0.2420006650505613,0,0,0
2506,34.86027576683946,-0.1939601210506446,0,0,0
2507,35.00049028571226,-0.2375240810270903,0,1,0
2508,34.99220509930855,-0.1462867354254524,0,0,0
2509,35.02125160853853,-0.1738459958053206,0,0,0
2510,34.83703261973664,-0.1753209871655468,0,0,0
2511,34.857341663993445,-0.2819072166527983,0,1,0
2512,34.91460717320469,-0.1857115103851523,0,0,0
2513,35.07080636973282,-0.1608449100643502,0,1,0
2514,34.83828020171756,-0.1597539399188777,0,0,0
2515,34.90090900708887,-0.1780463296276384,0,0,0
2516,35.043365741033575,-0.2130709303733919,0,1,0
2517,34.809943287761044,-0.1806152211551776,0,0,0
2518,34.87541993669755,-0.2004029433253832,0,0,0
2519,34.94365134785292,-0.181722679926928,0,1,0
2520,34.889075347213115,-0.2607652865030198,1,0,0
2521,34.88871940117094,-0.2605778723504668,1,0,0
2522,34.887639803896136,-0.2610908488961538,1,0,0
2523,34.88907730720841,-0.2605860837291318,1,0,0
2524,34.88852673053267,-0.2618281871177226,1,0,0
2525,34.88853456864679,-0.2611113754674884,1,0,0
2526,34.888865046579134,-0.2636284260790612,1,0,0
2527,34.88781483781158,-0.2614533602822481,1,0,0
2528,34.88818450206775,-0.2603863526894504,1,0,0
2529,34.88870960231308,-0.2614738866765269,1,0,0
2530,34.88872920221522,-0.2596818580524962,1,0,0
2531,34.887997709799485,-0.2610990593637198,1,0,0
2532,34.88890423462761,-0.2600443695644219,1,0,0
2533,34.88835953523169,-0.2607488641384629,1,0,0
2534,34.88818058223377,-0.2607447586814734,1,0,0
2535,34.8881688248307,-0.261819976684495,1,0,0
2536,34.88836149512935,-0.2605696611864262,1,0,0
2537,34.88871352159385,-0.2611154809427303,1,0,0
2538,34.88798399453045,-0.2623534806986435,1,0,0
2539,34.88834190008807,-0.2623616907573577,1,0,0
2540,34.8888983541902,-0.2605819780129643,1,0,0
2541,34.888874840311615,-0.2627324119082801,1,0,0
2542,34.88800554901999,-0.2603822471970499,1,0,0
2543,34.888884636230536,-0.2618363977655685,1,0,0
2544,34.88871744122445,-0.26075707521343,1,0,0
2545,34.88886700515072,-0.263449223242662,1,0,0
2546,34.888371295929524,-0.2596736464431026,1,0,0
2547,34.88764176352128,-0.2609116457637345,1,0,0
2548,34.88890619494834,-0.2598651667504887,1,0,0
2549,34.88869001115651,-0.2632659154129178,1,0,0
2550,34.88855024907288,-0.2596777522209686,1,0,0
2551,34.88871548136542,-0.2609362780775197,1,0,0
2552,34.88852868993002,-0.261648984203479,1,0,0
2553,34.888511058502225,-0.2632618104721034,1,0,0
2554,34.888349737055144,-0.2616448789155056,1,0,0
2555,34.8888963942193,-0.2607611808313961,1,0,0
2556,34.88855220951968,-0.2594985493202155,1,0,0
2557,34.88887092255626,-0.2630908175732236,1,0,0
2558,34.8881766627496,-0.2611031646779863,1,0,0
2559,34.88834777768219,-0.2618240818742789,1,0,0
2560,34.88851889381781,-0.2625449987859256,1,0,0
2561,34.88817078417925,-0.2616407736811832,1,0,0
2562,34.88870764280386,-0.2616530895451072,1,0,0
2563,34.88854044815067,-0.2605737667416174,1,0,0
2564,34.88782071649787,-0.2609157510152179,1,0,0
2565,34.88817274361524,-0.2614615706789901,1,0,0
2566,34.888355615698714,-0.2611072700459137,1,0,0
2567,34.88833994106494,-0.2625408937206281,1,0,0
2568,34.88872332132628,-0.2602194666278969,1,0,0
2569,34.8885149759851,-0.2629034046267694,1,0,0
2570,34.88780700078751,-0.2621701726540084,1,0,0
2571,34.8881668655696,-0.261999179688929,1,0,0
2572,34.88853260898708,-0.261290578378366,1,0,0
2573,34.88799966947344,-0.2609198563203632,1,0,0
2574,34.88836345511449,-0.2603904582355115,1,0,0
2575,34.888705683382106,-0.2618322924148196,1,0,0
2576,34.88780895991235,-0.2619909695593848,1,0,0
2577,34.88873116268644,-0.2595026551962782,1,0,0
2578,34.88835757542148,-0.2609280670916267,1,0,0
2579,34.88833798212925,-0.2627200966850234,1,0,0
2580,34.888546328441635,-0.2600361580258522,1,0,0
2581,34.88799183130234,-0.2616366685005147,1,0,0
2582,34.8881747031387,-0.2612823676779285,1,0,0
2583,34.88872136120488,-0.26039866948862,1,0,0
2584,34.88782267623486,-0.2607365479284569,1,0,0
2585,34.88798595359225,-0.2621742776474226,1,0,0
2586,34.88872724183145,-0.2598610609098345,1,0,0
2587,34.88836541518707,-0.2602112552857266,1,0,0
2588,34.88817862244796,-0.2609239616791636,1,0,0
2589,34.888159029399745,-0.262715991717908,1,0,0
2590,34.81345974415942,-0.154164304066143,0,1,0
2591,35.03511534632824,-0.1985419679022639,0,0,0
2592,35.084520697208845,-0.1986188383433982,0,0,0
2593,34.98517459544125,-0.1506037811775346,0,0,0
2594,34.77602538222548,-0.1721300815525989,0,1,0
2595,34.88951969395451,-0.2365770339620513,0,0,0
2596,34.81594068868064,-0.1886403969632106,0,0,0
2597,34.99330667446952,-0.1914766603598563,0,0,0
2598,34.86444327455869,-0.2872679532251983,0,1,0
2599,35.05922241023719,-0.1562730968749709,0,1,0
2600,34.99396450113819,-0.2449002907696409,0,1,0
2601,35.00332228081928,-0.2565870202824184,0,0,0
2602,35.004272666542654,-0.2193312654447653,0,0,0
2603,34.97911028933404,-0.1803936585830624,0,1,0
2604,34.909579742283725,-0.2192932111539265,0,0,0
2605,35.00063635634752,-0.1764130466059421,0,0,0
2606,34.98250657563319,-0.1808309343324456,0,0,0
2607,35.04617587483755,-0.2339246766282488,0,1,0
2608,34.86779615895982,-0.1937745091944082,0,1,0
2609,34.83281578023703,-0.2657513289099465,0,1,0
2610,34.870212776538146,-0.2180292262596162,0,0,0
2611,34.966023229527835,-0.2302743993680011,0,0,0
2612,35.07313787105943,-0.1920808995549811,0,1,0
2613,34.998120568330336,-0.1932014331324775,0,0,0
2614,34.91740611278359,-0.2076436061812056,0,1,0
2615,34.93340599308697,-0.169476719017944,0,0,0
2616,34.942503055114365,-0.1723758524122312,0,1,0
2617,34.86779416965672,-0.1939537170223416,0,1,0
2618,34.97734335956274,-0.1624299359381124,0,0,0
2619,34.86225511402651,-0.2744908889846012,0,1,0
2620,34.95201696811409,-0.1541351677826319,0,0,0
2621,34.88089446752787,-0.2559171561385418,0,0,0
2622,34.80866074494215,-0.1832748518121791,0,0,0
2623,34.96188970614839,-0.1676273509092054,0,1,0
2624,34.824906576746194,-0.2196792955338598,0,1,0
2625,35.00068636134754,-0.187884379622137,0,0,0
2626,34.88575907076658,-0.1721402052082821,0,0,0
2627,35.04505712313934,-0.2218915933952876,0,1,0
2628,35.011472475513074,-0.1838338196597863,0,0,0
2629,34.98295899996323,-0.1883689157788583,0,0,0
2630,35.10820794373682,-0.1776692878059514,0,0,0
2631,35.04430721303361,-0.2733074372010358,0,1,0
2632,35.0791689164903,-0.165341427435708,0,1,0
2633,35.09874958254081,-0.1593487911957196,0,1,0
2634,34.97373030309613,-0.229377238964685,0,0,0
2635,35.052535310475065,-0.2254705583883491,0,0,0
2636,34.8624949537119,-0.1875579547180925,0,0,0
2637,34.8790500609864,-0.2608938620641792,0,0,0
2638,35.00286896739379,-0.2167896196786572,0,0,0
2639,35.0071457353266,-0.1706501572483827,0,1,0
2640,35.01623559247876,-0.2705064950944308,0,0,0
2641,34.87180739966573,-0.1391946394477102,0,0,0
2642,34.89216531712356,-0.15956134336283,0,0,0
2643,34.81299515386284,-0.2122361156748449,0,1,0
2644,35.0153319565144,-0.255072918032153,0,0,0
2645,34.829319689071816,-0.2416503457010712,0,1,0
2646,34.92720557771078,-0.1956814356372601,0,0,0
2647,34.82833032550877,-0.2339194289214276,0,1,0
2648,35.11730384313836,-0.1492116018510339,0,1,0
2649,34.84550585124112,-0.1699586359742666,0,0,0
2650,35.056084867852114,-0.1803928416494652,0,0,0
2651,34.875238626685686,-0.2821373616452354,0,0,0
2652,34.87559116497692,-0.1849912353854328,0,0,0
2653,35.129328287017664,-0.1622166292945627,0,1,0
2654,34.93724883079841,-0.1620377087456025,0,0,0
2655,34.78511686466605,-0.1755649883191172,0,0,0
2656,34.946902637776965,-0.2111923711693755,0,0,0
2657,35.078030532395694,-0.1868190975727109,0,1,0
2658,35.02359753964468,-0.2040088759353579,0,1,0
2659,34.85309357367122,-0.1798130283055498,0,0,0
2660,34.854379398381354,-0.2909815556050456,1,0,0
2661,34.83063190126737,-0.2526153353422275,1,0,0
2662,34.821814316722765,-0.256895484162137,1,0,0
2663,34.83326930466282,-0.2569778876036435,1,0,0
2664,34.84483291350862,-0.263516305065351,1,0,0
2665,34.84625867888024,-0.2640866791535901,1,0,0
2666,34.82218393737706,-0.2558283402263118,1,0,0
2667,34.85187983895244,-0.2738950945080128,1,0,0
2668,34.831507122912164,-0.2544279556688552,1,0,0
2669,34.83353743846202,-0.2652300287494867,1,0,0
2670,34.79422081789511,-0.1940590371392603,1,0,0
2671,34.7910093840144,-0.1930892382677131,1,0,0
2672,34.79563076029975,-0.1960632654907707,1,0,0
2673,34.833912893837244,-0.2636252556904624,1,0,0
2674,34.830806945097414,-0.2529778596460072,1,0,0
2675,34.83427470045563,-0.2632749992967224,1,0,0
2676,34.833648706855435,-0.255014685021631,1,0,0
2677,34.85808470484391,-0.2794146326537003,1,0,0
2678,34.84180633308313,-0.2620130408823008,1,0,0
2679,34.834091846583675,-0.2636293438665869,1,0,0
2680,34.8407384724586,-0.2614508517510899,1,0,0
2681,34.83428835714242,-0.2620204845330347,1,0,0
2682,34.822557468007496,-0.2544027590636604,1,0,0
2683,34.83657378167877,-0.2658371739376399,1,0,0
2684,34.83277544131387,-0.2530228506924471,1,0,0
2685,34.783701585237814,-0.1902330729376726,1,0,0
2686,34.78087973567246,-0.186403812833507,1,0,0
2687,34.83152080673722,-0.2531734363201464,1,0,0
2688,34.80193907197405,-0.2083978888179974,1,0,0
2689,34.85278628632645,-0.272840279752031,1,0,0
2690,34.78993165280307,-0.1934231402229574,1,0,0
2691,34.834087945854364,-0.2639877767593949,1,0,0
2692,34.835161662018734,-0.2640123064106682,1,0,0
2693,34.82258677605549,-0.2517144701160373,1,0,0
2694,34.83282357787685,-0.2650344618423569,1,0,0
2695,34.823057233295664,-0.2578201839321732,1,0,0
2696,34.79064948082964,-0.1932602809019799,1,0,0
2697,34.83294266455806,-0.2541022412697328,1,0,0
2698,34.83446731010648,-0.2620245732156852,1,0,0
2699,34.82233751611828,-0.2581622780383353,1,0,0
2700,34.83381984313737,-0.2557356411503806,1,0,0
2701,34.833483436813,-0.2537560789204143,1,0,0
2702,34.833292753564294,-0.2548272881739903,1,0,0
2703,34.820197878769385,-0.2573963710697123,1,0,0
2704,34.84465981736411,-0.2629745721108846,1,0,0
2705,34.844830961462044,-0.2636955188465533,1,0,0
2706,34.83299863139133,-0.2653969827845731,1,0,0
2707,34.863128431294506,-0.2764826624387415,1,0,0
2708,34.80561445418418,-0.2160112081119854,1,0,0
2709,34.85718411390878,-0.2799318072867257,1,0,0
2710,34.83446535886549,-0.2622037895628091,1,0,0
2711,34.840024612781995,-0.261255274153315,1,0,0
2712,34.82252817954224,-0.2570910482621373,1,0,0
2713,34.845881258183006,-0.2658706308783546,1,0,0
2714,34.823682009074304,-0.2497675878467489,1,0,0
2715,34.78034680489518,-0.186033081945222,1,0,0
2716,34.83459750756744,-0.2665090698548838,1,0,0
2717,34.79046854033738,-0.1934354158641657,1,0,0
2718,34.833759303688524,-0.2612913527200465,1,0,0
2719,34.833434585412384,-0.2582364933039125,1,0,0
2720,34.79667685562708,-0.1985969804827877,1,0,0
2721,34.83406259960674,-0.2663175906711499,1,0,0
2722,34.836252936807874,-0.2624238948018973,1,0,0
2723,34.83205962452222,-0.253006489560201,1,0,0
2724,34.82237265478671,-0.2549363301121902,1,0,0
2725,34.857901861870765,-0.2797689621950772,1,0,0
2726,34.80596449628345,-0.2167362834094717,1,0,0
2727,34.811213282356505,-0.2277915778409478,1,0,0
2728,34.845906629891246,-0.2635408550984633,1,0,0
2729,34.77771186828495,-0.1814909752124639,1,0,0
2730,35.098377365256745,-0.1605944504946122,0,1,0
2731,34.84666867443006,-0.1941853092990798,0,0,0
2732,34.898579645151294,-0.194303988637739,0,0,0
2733,34.95904526292137,-0.1499966673088484,0,0,0
2734,34.98362668130539,-0.1767347454127828,0,0,0
2735,34.82921332650779,-0.2350152033664209,0,1,0
2736,34.97074538881034,-0.1920286938323568,0,0,0
2737,34.82543963164983,-0.1876032944264449,0,0,0
2738,34.86104323466057,-0.2871902208273443,0,1,0
2739,35.00034222371048,-0.1548996082536177,0,0,0
2740,34.829506487193974,-0.2409375678212806,0,1,0
2741,35.05522265571445,-0.2574320261293155,0,1,0
2742,35.044719232252454,-0.2200916309376935,0,1,0
2743,34.826990665060386,-0.1768830532708747,0,0,0
2744,34.94680510083059,-0.2199725927636621,0,0,0
2745,34.86873937236887,-0.1733613074525089,0,0,0
2746,34.82877632900163,-0.177282562902444,0,0,0
2747,35.02613476235781,-0.2332798867084372,0,1,0
2748,35.00201956296872,-0.1966971833028295,0,1,0
2749,35.01141179981994,-0.2696779883007449,0,0,0
2750,34.90815402264282,-0.2187226420932394,0,0,0
2751,34.926475696795336,-0.2291823029704994,0,0,0
2752,34.90509214469812,-0.1881805712658045,0,0,0
2753,34.82363213125874,-0.1891752249151269,0,0,0
2754,34.99972969720538,-0.2093687314910733,0,1,0
2755,34.81850995068332,-0.1668288701535234,0,0,0
2756,34.82331211077593,-0.1696280617762264,0,0,0
2757,35.000764824684715,-0.1968472669651116,0,0,0
2758,34.891797336318184,-0.1604490891969495,0,0,0
2759,35.0356603164794,-0.2783041165769367,0,1,0
2760,34.88723064510731,-0.1526359748445332,0,0,0
2761,35.04893548294667,-0.2594365070978939,0,1,0
2762,34.98476269563134,-0.1871561907674923,0,0,0
2763,34.85468909825273,-0.165150641836806,0,1,0
2764,34.854436737496194,-0.2201766766929257,0,0,0
2765,34.8412301623276,-0.1842011624788672,0,0,0
2766,35.10517165756449,-0.1770605641181878,0,0,0
2767,34.824759154689445,-0.2168077018148646,0,1,0
2768,34.85183683669421,-0.1801426516044319,0,0,0
2769,34.819565618335126,-0.1846003717626037,0,0,0
2770,34.981859206473814,-0.1747222226714459,0,0,0
2771,35.0085170157462,-0.2724785084308689,0,0,0
2772,35.004361187415654,-0.1635957683098896,0,0,0
2773,35.050965510969746,-0.1582306497231272,0,1,0
2774,34.9638896495821,-0.2289704746684125,0,0,0
2775,34.82329003752838,-0.2201800895222331,0,1,0
2776,35.024458170861045,-0.1911253742837092,0,1,0
2777,34.85578811737064,-0.2601817658676513,0,0,0
2778,35.05262145467698,-0.2177666061786914,0,1,0
2779,34.89368165226736,-0.1680209880919985,0,0,0
2780,34.8601896362226,-0.266914942945931,0,1,0
2781,34.86160611561146,-0.1389593064174537,0,0,0
2782,34.823799863070576,-0.1579870650498468,0,0,0
2783,34.86417960721567,-0.2132300746624686,0,0,0
2784,35.05166345593633,-0.2555572709463632,0,0,0
2785,34.90716928967241,-0.2430771002936673,0,0,0
2786,35.05749152719488,-0.1985256236226511,0,0,0
2787,35.02518618647495,-0.238096668257248,0,1,0
2788,34.99023644532666,-0.1462409183621818,0,0,0
2789,35.07064579979199,-0.1749983052606833,0,1,0
2790,34.91183985715572,-0.1770439586743636,0,1,0
2791,34.87362807551396,-0.2821004976833091,0,0,0
2792,35.050618936465334,-0.1888673430483671,0,1,0
2793,35.07259603252346,-0.1608867731631648,0,1,0
2794,34.84955512524875,-0.1600132827840038,0,0,0
2795,34.976073941266364,-0.1797855224567316,0,0,0
2796,35.01526714422148,-0.2125969133333179,0,0,0
2797,34.92304847660133,-0.1832178603366548,0,0,0
2798,34.85054231964073,-0.2000105084833659,0,0,0
2799,35.03241722460698,-0.1837836567264567,0,1,0
2800,34.824506431809766,-0.2562399064476847,1,0,0
2801,34.89609963709506,-0.2568038259946462,1,0,0
2802,34.827719788124135,-0.2570303545510923,1,0,0
2803,34.83076395339656,-0.2569206388041456,1,0,0
2804,34.84555067666578,-0.2633534579369495,1,0,0
2805,34.846079726227586,-0.264082587373135,1,0,0
2806,34.82468148048112,-0.2566024310566383,1,0,0
2807,34.83584432649679,-0.2670753328122734,1,0,0
2808,34.8286262749675,-0.2559754878986915,1,0,0
2809,34.84731287743252,-0.2659033626433593,1,0,0
2810,34.831701716120264,-0.2529983093162415,1,0,0
2811,34.83099567614589,-0.2520858635974605,1,0,0
2812,34.828832584577924,-0.2534705282315674,1,0,0
2813,34.84608558261811,-0.2635449469584453,1,0,0
2814,34.827379458252665,-0.2554092161562541,1,0,0
2815,34.84465591288393,-0.2633329997564919,1,0,0
2816,34.895552963426006,-0.2576875055265268,1,0,0
2817,34.84568279934328,-0.2676586754365389,1,0,0
2818,34.83983589855372,-0.2621472586491067,1,0,0
2819,34.84500991417064,-0.2636996103401999,1,0,0
2820,34.83805222488386,-0.2615687117653924,1,0,0
2821,34.838581276195754,-0.2622978430547781,1,0,0
2822,34.8957338792947,-0.2575124128801821,1,0,0
2823,34.84713002265652,-0.2662576974231849,1,0,0
2824,34.829347950915604,-0.2554541891522632,1,0,0
2825,34.83063972306758,-0.2518984662939903,1,0,0
2826,34.82402036599341,-0.2515679537004055,1,0,0
2827,34.89520290675754,-0.2569624838201763,1,0,0
2828,34.82847076736642,-0.2538207857928745,1,0,0
2829,34.84568865035657,-0.2671210346886302,1,0,0
2830,34.831351629209294,-0.2522732609394443,1,0,0
2831,34.84643763153187,-0.2640907709877017,1,0,0
2832,34.84625672690004,-0.2642658925829805,1,0,0
2833,34.8955647394321,-0.2566122986439725,1,0,0
2834,34.84355487676333,-0.2658174490834247,1,0,0
2835,34.82179285107885,-0.258866898338032,1,0,0
2836,34.82974104045026,-0.2522364518696008,1,0,0
2837,34.89537793496614,-0.2573249947333855,1,0,0
2838,34.84466762737056,-0.2622577168330553,1,0,0
2839,34.83020170896331,-0.2592381986043525,1,0,0
2840,34.8284414615718,-0.2565090529816791,1,0,0
2841,34.82451229004871,-0.2557022500672788,1,0,0
2842,34.8289822292149,-0.256162882494605,1,0,0
2843,34.831110142745224,-0.2580041195282181,1,0,0
2844,34.84573548670939,-0.2628199090663407,1,0,0
2845,34.84554872443445,-0.2635326715394676,1,0,0
2846,34.843195021220424,-0.2659884822687555,1,0,0
2847,34.845149843278314,-0.2672879759698723,1,0,0
2848,34.82864776711039,-0.2540040924602346,1,0,0
2849,34.843531473605324,-0.2679680184338437,1,0,0
2850,34.84466567473819,-0.26243693065084,1,0,0
2851,34.840024612781995,-0.261255274153315,1,0,0
2852,34.82735992818298,-0.2572013970148269,1,0,0
2853,34.83800345125793,-0.2660490985121969,1,0,0
2854,34.8288189045409,-0.254725052252063,1,0,0
2855,34.830285725680234,-0.2515318516822122,1,0,0
2856,34.845692551468,-0.2667626075289218,1,0,0
2857,34.823117775857604,-0.2522643905153563,1,0,0
2858,34.839843707318465,-0.2614303985957553,1,0,0
2859,34.82196985358073,-0.259050203405995,1,0,0
2860,34.82775690528421,-0.2536252127211141,1,0,0
2861,34.84676821601867,-0.2666079410652012,1,0,0
2862,34.842695240709254,-0.2625711392416168,1,0,0
2863,34.82809527378078,-0.2554255692213558,1,0,0
2864,34.82504329313966,-0.2562521679240584,1,0,0
2865,34.84550189703624,-0.2678337983341844,1,0,0
2866,34.82972149152758,-0.2540286267632624,1,0,0
2867,34.83294070970438,-0.254281457966968,1,0,0
2868,34.84537172391145,-0.2633493661935384,1,0,0
2869,34.80524669046002,-0.216899143114449,1,0,0
2870,35.1078625746266,-0.1608168386810591,0,1,0
2871,34.85507989929661,-0.1943784925759898,0,0,0
2872,34.908243597031536,-0.194526812231195,0,1,0
2873,34.9636984334035,-0.1501046992295415,0,0,0
2874,35.007965817552964,-0.1773003686915691,0,0,0
2875,35.04593108823487,-0.239832908576664,0,1,0
2876,34.98058830937243,-0.1922568933898281,0,0,0
2877,34.8351036443295,-0.1878249950213823,0,0,0
2878,34.86587487019587,-0.2873006884420848,0,1,0
2879,35.02700834087253,-0.1555209203220811,0,0,0
2880,35.04568639958458,-0.2457411448160577,0,1,0
2881,35.002968332088905,-0.256220388561232,0,0,0
2882,35.02002299776229,-0.2195176034702652,0,1,0
2883,34.85437225382758,-0.1775120866887538,0,0,0
2884,34.926761750502294,-0.2195099917746988,0,0,0
2885,34.89254172012853,-0.1739098620145894,0,1,0
2886,34.856515837500766,-0.1779198971871825,0,0,0
2887,34.99553320476306,-0.2325702745759516,0,0,0
2888,35.011683481892135,-0.1969216879362193,0,0,0
2889,35.01051704249742,-0.2696572846651253,0,0,0
2890,34.888468559173646,-0.2182695641277834,0,1,0
2891,34.90303229275976,-0.2286424038521502,0,0,0
2892,34.91905125018314,-0.1885027510804282,0,0,0
2893,34.83401198422745,-0.1894132996122869,0,0,0
2894,34.971990923959545,-0.2087257861196204,0,0,0
2895,34.83783828745062,-0.1672727464470501,0,0,0
2896,34.844609025702816,-0.1701172772505744,0,0,0
2897,35.01078666549916,-0.1970800659770508,0,0,0
2898,34.904682945378205,-0.1607466704776471,0,0,0
2899,34.868697356428655,-0.2746383130207277,0,1,0
2900,34.894568329613165,-0.1528054175480538,0,0,0
2901,35.016902923124746,-0.2586936468905357,0,0,0
2902,34.99925868371029,-0.1874927689435329,0,1,0
2903,34.872048821912784,-0.165550397642975,0,1,0
2904,34.83457232165503,-0.2197213483589749,0,0,0
2905,34.85590517862484,-0.1845383462955241,0,0,0
2906,34.78392769202922,-0.1698010135545334,0,1,0
2907,35.062954912483406,-0.2221290016865708,0,1,0
2908,34.87707077734304,-0.1807232665338662,0,1,0
2909,34.834956489137774,-0.1849534326875834,0,0,0
2910,35.004587701366496,-0.1752503784318741,0,0,0
2911,35.052538952577365,-0.2734983940216556,0,1,0
2912,35.017783640661904,-0.163908290780898,0,0,0
2913,35.05955591153194,-0.1584313803218856,0,1,0
2914,34.926129668902085,-0.2280988927645519,0,1,0
2915,35.059695607648216,-0.225458016963254,0,1,0
2916,35.03788033293083,-0.1914378482180274,0,1,0
2917,34.87529400566211,-0.2606285129974692,0,1,0
2918,35.0255987171891,-0.2171381040222872,0,1,0
2919,34.92106340236682,-0.1686534870085393,0,0,0
2920,34.86323182400421,-0.2669845719888827,0,0,0
2921,34.86339581482021,-0.1390005802093506,0,0,0
2922,34.83614860839466,-0.1582708410914972,0,1,0
2923,34.836798780004926,-0.2126019164734973,0,0,0
2924,35.006925104410904,-0.2545197840953869,0,0,0
2925,34.87889432974728,-0.2424275109645665,0,0,0
2926,35.067692307428686,-0.1987635489201748,0,0,0
2927,34.99351100581025,-0.2373624482786253,0,0,0
2928,34.99292097345143,-0.1463033977961333,0,0,0
2929,35.09194254545918,-0.1754964012614217,0,1,0
2930,34.93778969293876,-0.177643841581466,0,0,0
2931,34.85268895837634,-0.2818008731049365,0,1,0
2932,35.065293853170026,-0.1892097005869308,0,1,0
2933,35.08279710837001,-0.1611254958410113,0,1,0
2934,34.86297764776507,-0.1603223037216634,0,0,0
2935,35.00309747892897,-0.1804131278173124,0,0,0
2936,34.988065324690304,-0.2119657974932919,0,0,0
2937,34.94273446319248,-0.1836730515797481,0,1,0
2938,34.824413938480355,-0.1994112006846408,0,1,0
2939,35.05961961825659,-0.1844179002587352,0,0,0
2940,34.82223277637266,-0.2513478563473795,1,0,0
2941,34.823514789591144,-0.248688185362733,1,0,0
2942,34.83135749624507,-0.2517356096904637,1,0,0
2943,34.83153840649719,-0.2515604829522382,1,0,0
2944,34.83276957551975,-0.2535605009004699,1,0,0
2945,34.83330839313352,-0.2533935553102084,1,0,0
2946,34.83010481559229,-0.2517069791067621,1,0,0
2947,34.831866985544515,-0.2542569181313679,1,0,0
2948,34.83118636570489,-0.2510146509522641,1,0,0
2949,34.83384134499874,-0.2537642598834193,1,0,0
2950,34.82301510583341,-0.2452707561566229,1,0,0
2951,34.984121747947555,-0.2285423353776053,1,0,0
2952,34.82336714352324,-0.2458165919783374,1,0,0
2953,34.831878715092294,-0.2531816163680179,1,0,0
2954,34.8311902781453,-0.2506562167121101,1,0,0
2955,34.83187480489466,-0.253540050284668,1,0,0
2956,34.82975081817712,-0.2513403644646541,1,0,0
2957,34.83365457092607,-0.2544770354521171,1,0,0
2958,34.82973126490041,-0.2531325393024745,1,0,0
2959,34.832590621396776,-0.2535564106699245,1,0,0
2960,34.83099176514788,-0.2524442979441921,1,0,0
2961,34.832415577617226,-0.2531938868425306,1,0,0
2962,34.82187877683799,-0.2509812424434444,1,0,0
2963,34.833660435780644,-0.2539393858926545,1,0,0
2964,34.82205968618143,-0.2508061106457193,1,0,0
2965,34.85279214323268,-0.2887942255795183,1,0,0
2966,34.98448364204231,-0.2281922632193221,1,0,0
2967,34.82993368435945,-0.2509860195027634,1,0,0
2968,34.82336518607388,-0.2459958110195507,1,0,0
2969,34.83400661469667,-0.2550228654710283,1,0,0
2970,34.98340194019088,-0.2288841232400414,1,0,0
2971,34.832413622401454,-0.2533731036672488,1,0,0
2972,34.83008330884421,-0.2536783704835085,1,0,0
2973,34.82495034087241,-0.2483624587060346,1,0,0
2974,34.83346388971997,-0.2555482445900968,1,0,0
2975,34.83028181435552,-0.2518902863770096,1,0,0
2976,34.98358288685068,-0.228709086602194,1,0,0
2977,34.8462625831022,-0.2637282522981497,1,0,0
2978,34.83331425940918,-0.2528559055047173,1,0,0
2979,34.83153449482977,-0.2519189170261796,1,0,0
2980,34.84572962941909,-0.263357549734017,1,0,0
2981,34.82975472987744,-0.2509819295105009,1,0,0
2982,34.82992977261018,-0.2513444543682316,1,0,0
2983,34.82276768504669,-0.2515393385286636,1,0,0
2984,34.830447081647414,-0.2531488974652085,1,0,0
2985,34.83098003424398,-0.2535196010111911,1,0,0
2986,34.831335987612555,-0.2537069976525521,1,0,0
2987,34.83400466013175,-0.2552020819077202,1,0,0
2988,34.82228754062614,-0.2463297152311733,1,0,0
2989,34.8459105345387,-0.2631824280721273,1,0,0
2990,34.831341852558154,-0.2531693463767549,1,0,0
2991,34.8304509918019,-0.2527904628434647,1,0,0
2992,34.82223082176845,-0.2515270756891535,1,0,0
2993,34.83097807939814,-0.2536988181929331,1,0,0
2994,34.82406143610272,-0.2478043570652585,1,0,0
2995,34.984125727647246,-0.2281839775562646,1,0,0
2996,34.83419338784432,-0.2543100902180812,1,0,0
2997,34.984119758229824,-0.2287215142900047,1,0,0
2998,34.83134771828756,-0.2526316951110177,1,0,0
2999,34.83099567614589,-0.2520858635974605,1,0,0
3000,34.82372505393218,-0.2458247706320759,1,0,0
3001,34.833300572652085,-0.2541104217331681,1,0,0
3002,34.83277544131387,-0.2530228506924471,1,0,0
3003,34.824948384421106,-0.2485416773639706,1,0,0
3004,34.83118245361286,-0.2513730851968838,1,0,0
3005,34.83346193548974,-0.2557274611632071,1,0,0
3006,34.823184273554574,-0.2461709409042334,1,0,0
3007,34.82246453869806,-0.2465130233420762,1,0,0
3008,34.83295244013294,-0.2532061578002916,1,0,0
3009,34.79046458468179,-0.1937938698567804,1,0,0
3010,34.80540618652412,-0.1539794723735446,0,0,0
3011,35.001291670913965,-0.1977556064981228,0,1,0
3012,35.05105497147662,-0.197837959193498,0,0,0
3013,34.98123730022719,-0.1505122246052875,0,1,0
3014,35.09852154795914,-0.1794135751313834,0,0,0
3015,34.84299102162466,-0.2355097915303916,0,0,0
3016,34.78498005540853,-0.1879317405013021,0,0,0
3017,34.96306204134973,-0.1907752924515943,0,0,0
3018,34.86426432509948,-0.287263861564177,0,1,0
3019,35.05331650013666,-0.1561350669345222,0,1,0
3020,34.874959274833884,-0.242157961957779,0,0,0
3021,34.994016709716945,-0.2563717281109618,0,0,0
3022,34.96293325708486,-0.2183737884855095,0,0,0
3023,34.956202912539226,-0.1798625111886463,0,1,0
3024,34.867166520286474,-0.2183177733820675,0,0,0
3025,34.980592347163785,-0.1759473941988683,0,0,0
3026,34.959241280037496,-0.1802913732708701,0,1,0
3027,35.001078867620976,-0.2328779757984421,0,0,0
3028,34.83415123624224,-0.1930017292790088,0,0,0
3029,34.835321114581475,-0.2658085562994493,0,1,0
3030,34.82797844773191,-0.2170606703096556,0,0,0
3031,34.89694576546017,-0.2286816288567848,0,0,0
3032,35.04360913710484,-0.1913920988059499,0,1,0
3033,34.96680220479839,-0.1924750089861865,0,0,0
3034,34.88125613009973,-0.206810968673649,0,0,0
3035,34.91729909763069,-0.1691041848631767,0,0,0
3036,34.92460654695825,-0.1719617444469458,0,1,0
3037,34.833970289181046,-0.1931768400633738,0,0,0
3038,34.96642641203,-0.1621764636121293,0,0,0
3039,34.86314986999459,-0.2745113603898103,0,1,0
3040,34.94593207081847,-0.1539940584905106,0,1,0
3041,34.89771610848909,-0.25630320568681,0,0,0
3042,34.78110029610391,-0.1826440886458209,0,1,0
3043,34.947214520295084,-0.1672871584544861,0,0,0
3044,35.0376898419634,-0.2244084376119176,0,1,0
3045,34.972947127832335,-0.1872405663752609,0,0,0
3046,34.86696771732062,-0.1717072297014822,0,0,0
3047,35.00282302946218,-0.2209106257804368,0,0,0
3048,34.98659657385792,-0.1832558054911066,0,0,0
3049,34.95468288084585,-0.1877135326119525,0,0,0
3050,35.08905880684227,-0.1772209089697926,0,1,0
3051,35.04609672181577,-0.2733489399080461,0,1,0
3052,35.06789407939777,-0.1650777225030585,0,1,0
3053,35.091411958576806,-0.1591768415992286,0,1,0
3054,34.91145318224049,-0.2279400165792929,0,0,0
3055,35.008690718799286,-0.2244518965888301,0,0,0
3056,34.832966022449135,-0.1868796323724711,0,1,0
3057,34.889071427484886,-0.2611236920541751,0,0,0
3058,34.96296114787515,-0.2158652100360692,0,0,0
3059,34.991217837871275,-0.1702797700631657,0,1,0
3060,35.01856195977057,-0.2705603472957319,0,1,0
3061,34.87019667083606,-0.139157469923508,0,0,0
3062,34.881964199016515,-0.159325937814325,0,0,0
3063,35.0347276075582,-0.2171710763111033,0,1,0
3064,34.89901200322448,-0.2523895668195423,0,0,0
3065,35.02438284164382,-0.2459634861320077,0,1,0
3066,34.89338177255852,-0.1949011948023099,0,0,0
3067,35.030373910381805,-0.2383962919422127,0,0,0
3068,35.114977261891866,-0.1491569644504036,0,1,0
3069,34.82760928310832,-0.1695474478430252,0,1,0
3070,35.0342513002856,-0.1798836896827121,0,1,0
3071,34.875417576810804,-0.2821414579089519,0,0,0
3072,34.84785181689882,-0.1843532615103116,0,0,0
3073,35.120737921076085,-0.1620149148328641,0,1,0
3074,34.925973940134725,-0.1617766993276499,0,0,0
3075,35.10349597194806,-0.1827555903623421,0,0,0
3076,34.90914213126667,-0.2103209638602746,0,0,0
3077,35.05225989947954,-0.1862174766405319,0,1,0
3078,34.99084776487368,-0.2032483425244697,0,1,0
3079,34.82857546359437,-0.179249847826219,0,0,0
3080,34.8279104597451,-0.2559591347213955,1,0,0
3081,34.82702155048246,-0.2554010399458314,1,0,0
3082,34.82772564663874,-0.2564927005511749,1,0,0
3083,34.88853652839396,-0.2609321725577458,1,0,0
3084,34.88818254210703,-0.2605655556849016,1,0,0
3085,34.82753692926947,-0.2573847028048665,1,0,0
3086,34.82808355410731,-0.2565008766590578,1,0,0
3087,34.88854044815067,-0.2605737667416174,1,0,0
3088,34.826126781039086,-0.255380600359312,1,0,0
3089,34.88870960231308,-0.2614738866765269,1,0,0
3090,34.82703131853765,-0.2545049491150238,1,0,0
3091,34.88872136120488,-0.26039866948862,1,0,0
3092,34.88780700078751,-0.2621701726540084,1,0,0
3093,34.82790069456116,-0.256855224488429,1,0,0
3094,34.826124827811526,-0.2555598187504777,1,0,0
3095,34.88798595359225,-0.2621742776474226,1,0,0
3096,34.827019597132626,-0.2555802581153406,1,0,0
3097,34.88800358908368,-0.2605614502370252,1,0,0
3098,34.88834777768219,-0.2618240818742789,1,0,0
3099,34.88836345511449,-0.2603904582355115,1,0,0
3100,34.82826446092576,-0.2563257469287972,1,0,0
3101,34.82789288398125,-0.2575720963221287,1,0,0
3102,34.82630573492981,-0.2553846881692352,1,0,0
3103,34.888530649414825,-0.2614697812903605,1,0,0
3104,34.827735412571094,-0.2555966105736044,1,0,0
3105,34.88833798212925,-0.2627200966850234,1,0,0
3106,34.88870764280386,-0.2616530895451072,1,0,0
3107,34.888159029399745,-0.262715991717908,1,0,0
3108,34.888355615698714,-0.2611072700459137,1,0,0
3109,34.8881688248307,-0.261819976684495,1,0,0
3110,34.82559968643756,-0.2544722446475722,1,0,0
3111,34.82771783546006,-0.2572095725532991,1,0,0
3112,34.887824636059314,-0.2605573448428201,1,0,0
3113,34.827379458252665,-0.2554092161562541,1,0,0
3114,34.88818646211591,-0.2602071496951273,1,0,0
3115,34.82808550716855,-0.2563216587499837,1,0,0
3116,34.82578059415464,-0.2542971140449434,1,0,0
3117,34.82808941355224,-0.2559632229351922,1,0,0
3118,34.82772369371346,-0.256671918550028,1,0,0
3119,34.827546692902914,-0.2564886125777553,1,0,0
3120,34.82844536787914,-0.2561506173420079,1,0,0
3121,34.82755841213623,-0.255413304342,1,0,0
3122,34.82791436642815,-0.2556006988223867,1,0,0
3123,34.827912413043094,-0.2557799167713302,1,0,0
3124,34.82843755561274,-0.2568674886258119,1,0,0
3125,34.88817078417925,-0.2616407736811832,1,0,0
3126,34.82753497680398,-0.2575639208536459,1,0,0
3127,34.88834385919866,-0.2621824877952086,1,0,0
3128,34.82666950313335,-0.2548552091823219,1,0,0
3129,34.88834190008807,-0.2623616907573577,1,0,0
3130,34.827357975654856,-0.2573806151068143,1,0,0
3131,34.887812878424384,-0.2616325633735017,1,0,0
3132,34.82809136687468,-0.2557840050294674,1,0,0
3133,34.82825469636802,-0.2572218362636111,1,0,0
3134,34.82720441137788,-0.255046691777194,1,0,0
3135,34.82560164011409,-0.2542930261300978,1,0,0
3136,34.88853260898708,-0.261290578378366,1,0,0
3137,34.82703327240988,-0.2543257309522091,1,0,0
3138,34.82843950854873,-0.2566882708031865,1,0,0
3139,34.88888267687184,-0.2620156005918688,1,0,0
3140,34.88799183130234,-0.2616366685005147,1,0,0
3141,34.88835953523169,-0.2607488641384629,1,0,0
3142,34.828079648246046,-0.2568593124805382,1,0,0
3143,34.82738141173849,-0.2552299980765362,1,0,0
3144,34.82683869003211,-0.2557553883499489,1,0,0
3145,34.88781091912464,-0.2618117664658873,1,0,0
3146,34.825416825377495,-0.2548265939576966,1,0,0
3147,34.827027411054395,-0.2548633854440001,1,0,0
3148,34.82807769544601,-0.2570385303929579,1,0,0
3149,34.826140456069645,-0.2541260716523424,1,0,0
3150,34.81149109693597,-0.1541191128832631,0,0,0
3151,35.02634624892988,-0.1983379117658774,0,1,0
3152,35.076109528999375,-0.1984223975094453,0,1,0
3153,34.984100787707256,-0.1505788086112407,0,0,0
3154,35.113733452043505,-0.1797699139899397,0,1,0
3155,34.875382143212185,-0.2362523722194745,0,0,0
3156,34.80806631093665,-0.1884600076331417,0,0,0
3157,34.98579025959701,-0.1913022122427823,0,0,0
3158,34.86444327455869,-0.2872679532251983,0,1,0
3159,35.05761170759907,-0.15623544651723,0,1,0
3160,34.97929019725033,-0.2445608553198079,0,0,0
3161,34.89738176782425,-0.2541445786598859,0,0,0
3162,34.992640370839,-0.2190615553998305,0,0,0
3163,34.97338344676835,-0.1802607889339391,0,0,0
3164,34.89758951246293,-0.2190171481214159,0,0,0
3165,34.995446390967345,-0.1762924110066405,0,0,0
3166,34.976600771529824,-0.1806938825580133,0,0,0
3167,35.03275415344241,-0.2336128019563244,0,1,0
3168,34.85920596945087,-0.19357702262712,0,1,0
3169,34.83353159007011,-0.2657676785196085,0,0,0
3170,34.85822252805884,-0.2177539502388449,0,0,0
3171,34.92790537345014,-0.2293944967776542,0,1,0
3172,35.06562146880449,-0.1919054293602395,0,0,0
3173,34.990067277948896,-0.1930144808064466,0,1,0
3174,34.90702641915874,-0.2074043072469789,0,0,0
3175,34.92928978729039,-0.1693814742759946,0,1,0
3176,34.93802892907261,-0.1722722748525005,0,1,0
3177,34.85920398134013,-0.1937562325892202,0,0,0
3178,34.97465886463714,-0.1623675880598566,0,0,0
3179,34.862613016416795,-0.2744990773858294,0,1,0
3180,34.95058522768544,-0.1541019599806392,0,0,0
3181,34.870157245150175,-0.2556709895116854,0,0,0
3182,34.80168115310846,-0.1831149921469415,0,0,0
3183,34.95813142752804,-0.1675401938956741,0,0,0
3184,34.812558417756186,-0.2193967912528165,0,1,0
3185,34.993706814670944,-0.1877222660293708,0,0,0
3186,34.88092700956762,-0.1720288118381538,0,1,0
3187,35.03306694147713,-0.2216127939925383,0,1,0
3188,35.00520876120571,-0.183688178445703,0,0,0
3189,34.97580049129612,-0.1882028688323576,0,0,0
3190,35.10337591969908,-0.1775560872824539,0,0,0
3191,35.04484406567909,-0.2733198874504863,0,1,0
3192,35.0763054662051,-0.1652744344749825,0,1,0
3193,35.09678095189957,-0.159302649475414,0,1,0
3194,34.96066643475685,-0.2290752131328054,0,0,0
3195,35.04018724817431,-0.2251833436146634,0,1,0
3196,34.854978501197124,-0.187385151606536,0,0,0
3197,34.883165979758566,-0.2609882361610412,0,0,0
3198,34.991594566274046,-0.2165281925177874,0,0,0
3199,35.00302953791945,-0.1705543982772248,0,1,0
3200,35.01695139781787,-0.2705230640377166,0,0,0
3201,34.87144945993331,-0.1391863791750141,0,0,0
3202,34.88965977966353,-0.159503508204941,0,1,0
3203,35.06318200796067,-0.2178333539693381,0,1,0
3204,34.99994195699675,-0.2547165885746357,0,0,0
3205,34.814645313266844,-0.2413149733251713,0,0,0
3206,34.91861540853661,-0.1954830969454678,0,1,0
3207,34.81437169017927,-0.2336002842983181,0,0,0
3208,35.11676693979008,-0.1491989924104328,0,1,0
3209,34.84103171019925,-0.1698557883475725,0,0,0
3210,35.050536995633955,-0.1802633909560293,0,1,0
3211,34.875417576810804,-0.2821414579089519,0,0,0
3212,34.86861158945627,-0.1848305909761886,0,0,0
3213,35.12718069576601,-0.1621661890292944,0,1,0
3214,34.93438536690432,-0.1619714003452791,0,1,0
3215,34.77938998382921,-0.1754339866129349,0,1,0
3216,34.93598609803551,-0.2109402015315441,0,0,0
3217,35.071587876242646,-0.1866685876241302,0,1,0
3218,35.013933675359986,-0.2037842687802792,0,0,0
3219,34.84700878907415,-0.1796731664494117,0,0,0
3220,34.832220984351544,-0.2546235316144523,1,0,0
3221,34.83009894907054,-0.2522446312870167,1,0,0
3222,34.82199912658543,-0.2563619120294165,1,0,0
3223,34.82343270912239,-0.2562153849444429,1,0,0
3224,34.83570437197062,-0.2634869238208305,1,0,0
3225,34.8358755222966,-0.2642078765891702,1,0,0
3226,34.83364479791054,-0.2553731180735584,1,0,0
3227,34.85294965045043,-0.2742780658337929,1,0,0
3228,34.83025639923563,-0.2542201120020922,1,0,0
3229,34.847135876347366,-0.2657200577675188,1,0,0
3230,34.79081855419236,-0.1941605075304524,1,0,0
3231,34.7936938222438,-0.1931506275022858,1,0,0
3232,34.7966847617306,-0.1978800785765973,1,0,0
3233,34.84518496294904,-0.2640621292756854,1,0,0
3234,34.83098980977952,-0.2526235151192358,1,0,0
3235,34.834451702617606,-0.2634583040237859,1,0,0
3236,34.83275784628318,-0.2546358013466784,1,0,0
3237,34.858259762851254,-0.2797771453566122,1,0,0
3238,34.83375344947455,-0.2618290022836436,1,0,0
3239,34.83516361248624,-0.2638330902298504,1,0,0
3240,34.84270890847669,-0.2613166391148925,1,0,0
3241,34.84395376836288,-0.2620621361949624,1,0,0
3242,34.83383547980945,-0.2543019093064594,1,0,0
3243,34.833348739169715,-0.2661220243110663,1,0,0
3244,34.830808900267144,-0.2527986424243852,1,0,0
3245,34.79047447447205,-0.1928977348837448,1,0,0
3246,34.79119823859471,-0.192197196440165,1,0,0
3247,34.830627990889774,-0.2529737698730473,1,0,0
3248,34.80405898749671,-0.2109561263682189,1,0,0
3249,34.85223968974494,-0.273724064888382,1,0,0
3250,34.792797031158685,-0.1933093894951567,1,0,0
3251,34.833726140174804,-0.2643380337129199,1,0,0
3252,34.8342629981213,-0.2643502977090133,1,0,0
3253,34.82205382192005,-0.2513437687972935,1,0,0
3254,34.83335653640543,-0.2654051577668136,1,0,0
3255,34.82019397610394,-0.2577548108050909,1,0,0
3256,34.79064948082964,-0.1932602809019799,1,0,0
3257,34.83276566542582,-0.2539189343780739,1,0,0
3258,34.83410940417734,-0.2620163959040498,1,0,0
3259,34.822160513980286,-0.257978972735627,1,0,0
3260,34.82201279402231,-0.2551073761394421,1,0,0
3261,34.822746189336776,-0.2535107498992542,1,0,0
3262,34.83383352492057,-0.2544811257830452,1,0,0
3263,34.82002087657612,-0.2572130657066025,1,0,0
3264,34.8459105345387,-0.2631824280721273,1,0,0
3265,34.84572377291343,-0.2638951904117157,1,0,0
3266,34.84641811540923,-0.2658829048878545,1,0,0
3267,34.863309330778144,-0.276307547153392,1,0,0
3268,34.94183602569903,-0.2160939005192062,1,0,0
3269,34.855750564400864,-0.2800782899833847,1,0,0
3270,34.83768651160467,-0.2622773942286272,1,0,0
3271,34.83376320693337,-0.2609329196832272,1,0,0
3272,34.8336272119702,-0.256986066862475,1,0,0
3273,34.83460335535305,-0.2659714208698141,1,0,0
3274,34.82388052460501,-0.2479794870122059,1,0,0
3275,34.79013831393434,-0.1909180529900088,1,0,0
3276,34.835663425251376,-0.2672504610101876,1,0,0
3277,34.79387080626678,-0.1933339467022707,1,0,0
3278,34.83411916144479,-0.2611203137416239,1,0,0
3279,34.83343653842317,-0.2580572767151816,1,0,0
3280,34.79863160087108,-0.199896577413065,1,0,0
3281,34.83710089097454,-0.2667455179809669,1,0,0
3282,34.83625098549701,-0.2626031107076348,1,0,0
3283,34.8304509918019,-0.2527904628434647,1,0,0
3284,34.83401052408781,-0.2546644326009971,1,0,0
3285,34.85897361856825,-0.2799727226500567,1,0,0
3286,34.94290778986741,-0.2162978875376009,1,0,0
3287,34.810699987521495,-0.2256286428785168,1,0,0
3288,34.8348076575592,-0.2636456971076608,1,0,0
3289,34.78052774849632,-0.1858579432039542,1,0,0
3290,35.08656559085426,-0.1603177261054132,0,1,0
3291,34.80335977784453,-0.1931925053522532,0,1,0
3292,34.8500808773789,-0.1931881169539097,0,0,0
3293,34.953139314725014,-0.1498596024477239,0,0,0
3294,34.9533816977735,-0.1760332648489818,0,1,0
3295,35.01425595936979,-0.2390976416491838,0,0,0
3296,34.921709700520765,-0.1908942732564121,0,0,0
3297,35.10515988960511,-0.1939046916070691,0,0,0
3298,34.86086428518212,-0.2871861301842724,0,1,0
3299,34.99157282425625,-0.1546955460161041,0,0,0
3300,35.00846381379656,-0.2448775954640782,0,1,0
3301,35.00511577178723,-0.2562700917619098,0,0,0
3302,35.003021955137314,-0.2191230346961006,0,0,0
3303,34.79316631547218,-0.1761077554796957,0,0,0
3304,34.90403400705041,-0.2189862515824936,0,1,0
3305,34.83938908319494,-0.172686208194526,0,0,0
3306,34.79441509627934,-0.176494887759653,0,1,0
3307,34.96976344836866,-0.2319739250366789,0,0,0
3308,34.95352096029335,-0.1955728740365994,0,0,0
3309,34.87558734422555,-0.2665505185283963,0,0,0
3310,34.86556182217617,-0.2177431655816532,0,0,0
3311,34.877620338478344,-0.2280582117402683,0,0,0
3312,34.85784589391793,-0.1870925495972788,0,0,0
3313,35.10120451875034,-0.1954249044462141,0,1,0
3314,34.952663247659274,-0.2082785626090451,0,0,0
3315,34.7947074449462,-0.1662831098411153,0,0,0
3316,34.79664620461027,-0.1690165922493244,0,0,0
3317,34.95244518848227,-0.1957272130577757,0,1,0
3318,34.875690317228454,-0.1600775061622071,0,0,0
3319,35.027070704307704,-0.2781051642875377,0,1,0
3320,34.87828224693893,-0.1524294602820262,0,1,0
3321,35.00616574480877,-0.2584450280492724,0,0,0
3322,34.93948505841573,-0.1861071800078359,0,0,0
3323,34.83339210405147,-0.164660913504765,0,1,0
3324,34.8100549619595,-0.2191602805629171,0,1,0
3325,34.79577335966937,-0.1831590159913103,0,0,0
3326,35.07761119935327,-0.1764155490620801,0,1,0
3327,35.04004830297978,-0.2215958860254351,0,1,0
3328,34.81747569232462,-0.1793537510829204,0,0,0
3329,35.105908147128275,-0.1910550757267187,0,0,0
3330,34.95376175201109,-0.1740705078564085,0,1,0
3331,34.87627188040168,-0.2694342153170333,0,0,0
3332,34.98753837082934,-0.16320450203913,0,1,0
3333,35.04040647354251,-0.1579840886948324,0,1,0
3334,34.89821230741433,-0.2274560393039804,0,0,0
3335,35.03428365037908,-0.2248669041797096,0,1,0
3336,34.976854187883106,-0.1900195762362677,0,0,0
3337,34.82733455210854,-0.2595312322975892,0,0,1
3338,35.004660553095846,-0.2166519619681238,0,0,0
3339,34.8702371275175,-0.1674804405188653,0,0,0
3340,34.84301021733344,-0.2665220346140771,0,1,0
3341,34.85927950647991,-0.1389056585704757,0,0,0
3342,34.80858763362588,-0.1576378393546515,0,1,0
3343,34.8151446445052,-0.2121060300477041,0,1,0
3344,35.00209335856817,-0.2544079361448514,0,0,0
3345,34.84185051417018,-0.2415784961625974,0,0,0
3346,35.010961608697215,-0.1974425687560252,0,0,0
3347,34.963267441261664,-0.2366629838177544,0,1,0
3348,34.98665707411622,-0.1461576313551345,0,0,0
3349,35.044338034171865,-0.1743840640739025,0,1,0
3350,34.87980520155622,-0.176304977398894,0,0,0
3351,34.87362807551396,-0.2821004976833091,0,0,0
3352,35.005162441712564,-0.187809168209976,0,0,0
3353,35.0600683907245,-0.1605938447677209,0,1,0
3354,34.83291118903138,-0.1596305186452885,0,1,0
3355,34.9427866363722,-0.1790141351583778,0,1,0
3356,34.965874348651305,-0.2114518604265686,0,0,0
3357,34.88546610301271,-0.182350670164283,0,0,0
3358,34.80830739105204,-0.1990423364836948,0,0,0
3359,34.997877307698474,-0.1829801282408953,0,0,0
3360,34.90333248641341,-0.185451305483899,1,0,0
3361,34.904235299093784,-0.1847551539494095,1,0,0
3362,34.90404434218523,-0.1858262176165119,1,0,0
3363,34.903330487727935,-0.1856305044351343,1,0,0
3364,34.90313753626424,-0.1868807689712159,1,0,0
3365,34.903676423734865,-0.186713954727571,1,0,0
3366,34.90297056259611,-0.1858014465964262,1,0,0
3367,34.90313354043161,-0.1872391669825333,1,0,0
3368,34.904591226701626,-0.1849426106647152,1,0,0
3369,34.902419685924414,-0.1870434560739042,1,0,0
3370,34.90407233191785,-0.1833174348857761,1,0,0
3371,34.90169983826824,-0.1873853437609524,1,0,0
3372,34.90496514999504,-0.1835172805426072,1,0,0
3373,34.90260464294002,-0.1865099865555533,1,0,0
3374,34.903517446384974,-0.1849178373365233,1,0,0
3375,34.90240370619163,-0.1884770495831312,1,0,0
3376,34.90494715429326,-0.1851300674184018,1,0,0
3377,34.90116294910894,-0.1873729613143801,1,0,0
3378,34.90224671659667,-0.1865017305523978,1,0,0
3379,34.90277961002674,-0.1868725128230334,1,0,0
3380,34.901534859982625,-0.1861268203881969,1,0,0
3381,34.90421531143281,-0.1865471412377277,1,0,0
3382,34.90494915346539,-0.1849508688720046,1,0,0
3383,34.900449094293634,-0.1871772524639439,1,0,0
3384,34.90423329993364,-0.1849343526730294,1,0,0
3385,34.90335847729262,-0.1831217192232696,1,0,0
3386,34.90479218648343,-0.1829755553169956,1,0,0
3387,34.90347348920516,-0.1888602134734274,1,0,0
3388,34.903710405211015,-0.1836675741122425,1,0,0
3389,34.9027716189107,-0.1875893092070461,1,0,0
3390,34.90389536820566,-0.183134106820933,1,0,0
3391,34.90278160802464,-0.1866933137299217,1,0,0
3392,34.90403235183954,-0.1869014102848611,1,0,0
3393,34.903519445445575,-0.1847386384345155,1,0,0
3394,34.90385338872659,-0.18689728191434,1,0,0
3395,34.90099996839709,-0.1859352376326136,1,0,0
3396,34.9055080410978,-0.1829920741252218,1,0,0
3397,34.90369241186544,-0.1852803638080921,1,0,0
3398,34.90135389869385,-0.1863018920402477,1,0,0
3399,34.90207374790661,-0.1859600048276714,1,0,0
3400,34.90240770059949,-0.188118651198884,1,0,0
3401,34.904412263318164,-0.1849384816419193,1,0,0
3402,34.90333448518642,-0.1852721065338261,1,0,0
3403,34.904046340882665,-0.1856470188425037,1,0,0
3404,34.90170982707375,-0.186489346951917,1,0,0
3405,34.900632052513046,-0.1868229804614222,1,0,0
3406,34.90367442561258,-0.1868931535977079,1,0,0
3407,34.90062206532924,-0.1877189786196249,1,0,0
3408,34.903350478522896,-0.1838385149749269,1,0,0
3409,34.90169184879976,-0.188102141229,1,0,0
3410,34.90314153244712,-0.186522370964518,1,0,0
3411,34.90421930826446,-0.1861887437708044,1,0,0
3412,34.90386737759556,-0.1856428901598026,1,0,0
3413,34.902958573146016,-0.1868766408701802,1,0,0
3414,34.90442026058373,-0.1842216869327642,1,0,0
3415,34.9044342591699,-0.1829672962363501,1,0,0
3416,34.90152087521619,-0.1873812162248666,1,0,0
3417,34.90371640456903,-0.1831299775678003,1,0,0
3418,34.90350345541253,-0.1861722296829736,1,0,0
3419,34.90404234357537,-0.1860054163916777,1,0,0
3420,34.905144113574465,-0.1835214100839038,1,0,0
3421,34.90223872507867,-0.187218527462247,1,0,0
3422,34.903680420242125,-0.1863555569907533,1,0,0
3423,34.90387737227179,-0.1847468960841544,1,0,0
3424,34.903871375203366,-0.1852844925260755,1,0,0
3425,34.90187480636015,-0.1877478699934709,1,0,0
3426,34.904426259452386,-0.1836840909130677,1,0,0
3427,34.90478218680649,-0.1838715482198094,1,0,0
3428,34.903499458779905,-0.1865306275066584,1,0,0
3429,34.90533107771859,-0.1828087458990215,1,0,0
3430,34.807016898223125,-0.154016429960127,0,1,0
3431,35.08236105171919,-0.1996435964164697,0,1,0
3432,34.81195988396122,-0.1924930658314164,0,0,0
3433,34.981953172123035,-0.1505288693107435,0,0,0
3434,35.10263771100623,-0.1795099578168308,0,0,0
3435,34.974881730007674,-0.2385444583728546,0,0,0
3436,34.86587135482699,-0.1897866582044267,0,1,0
3437,35.04395294492116,-0.1926545853084249,0,0,0
3438,34.86462222401688,-0.2872720449397887,0,1,0
3439,35.05456926904408,-0.1561643411017021,0,1,0
3440,35.02259726908967,-0.2455636432410029,0,1,0
3441,35.02891258691399,-0.2571798217341562,0,0,0
3442,35.04203285738873,-0.220208351381175,0,1,0
3443,34.961034938781125,-0.1799744765889793,0,0,0
3444,34.94662415407411,-0.2201476476821126,0,0,0
3445,34.984708528712424,-0.1760429640636925,0,0,0
3446,34.96407330444694,-0.1804033609970508,0,0,0
3447,34.82802546996779,-0.2290723599050143,0,1,0
3448,34.915579043907066,-0.1948752939539205,0,1,0
3449,34.83514216213492,-0.2658044682800324,0,1,0
3450,34.90725724604314,-0.2188812316131162,0,0,0
3451,34.99913024923411,-0.2310406125705035,0,0,0
3452,34.79109056168548,-0.185740937952345,0,1,0
3453,35.047692997362205,-0.194354630300947,0,0,0
3454,34.95928277191534,-0.2086108924450247,0,0,0
3455,34.92069944294474,-0.1691827945721894,0,1,0
3456,34.92836481455325,-0.1720486623759978,0,1,0
3457,34.91557704797444,-0.1950544898858147,0,1,0
3458,34.96875297495292,-0.1622304654674387,0,0,0
3459,34.86314986999459,-0.2745113603898103,0,1,0
3460,34.9471848438924,-0.1540231053009172,0,0,0
3461,35.003477493819105,-0.2587412518409152,0,0,0
3462,34.81796686490298,-0.1834881256263981,0,0,0
3463,34.95025693746396,-0.1673576563501855,0,1,0
3464,34.860877272616364,-0.220503702743374,0,0,0
3465,35.01249789819561,-0.1881589123777145,0,0,0
3466,34.87090495424789,-0.1717978991202763,0,0,0
3467,34.8236834280022,-0.2169623409819743,0,0,0
3468,34.9917865118713,-0.1833763124202008,0,0,0
3469,35.01034027994514,-0.1890048407887184,0,0,0
3470,35.09317497749241,-0.177317237409384,0,1,0
3471,35.045917770942204,-0.2733447893962124,0,1,0
3472,35.07022063343352,-0.1651321202776853,0,1,0
3473,35.09302265667578,-0.1592145788637659,0,1,0
3474,35.00719525551146,-0.2301522280514382,0,1,0
3475,34.83241496007295,-0.220568246907542,0,0,0
3476,34.91188873830858,-0.1886958833613407,0,0,0
3477,34.99966415099865,-0.2636712031383459,0,0,0
3478,35.041702983748586,-0.2176917247613271,0,1,0
3479,34.99461817624128,-0.1703588056193071,0,0,0
3480,35.01838300844661,-0.2705562044971069,0,0,0
3481,34.87055461058348,-0.1391657294393471,0,0,0
3482,34.88411180311611,-0.1593754822995084,0,0,0
3483,34.85182941643138,-0.2131258435220721,0,1,0
3484,35.04145914743851,-0.255678758062913,0,0,0
3485,34.85777364196124,-0.2423016703828785,0,0,0
3486,34.97480938784025,-0.1967828118777057,0,0,0
3487,34.859110883798,-0.2346243394985953,0,0,0
3488,35.11533519748021,-0.1491653696105769,0,1,0
3489,34.83136756329317,-0.1696337525843907,0,0,0
3490,35.038725393295834,-0.1799879587578787,0,1,0
3491,34.875775477057985,-0.2821496505971783,0,0,0
3492,34.886150006947425,-0.1852344173942968,0,1,0
3493,35.122527580852825,-0.1620569284314208,0,1,0
3494,34.9283005052218,-0.1618305408722044,0,0,0
3495,35.10832797648695,-0.1828687569016318,0,0,0
3496,34.98752644807559,-0.2121325317644288,0,1,0
3497,35.06102907566516,-0.186422069498974,0,0,0
3498,35.06815865169819,-0.2050465945478113,0,1,0
3499,34.8337654301511,-0.1793689767502959,0,1,0
3500,34.83419338784432,-0.2543100902180812,1,0,0
3501,34.82955817570635,-0.2525907972999243,1,0,0
3502,34.83400270565394,-0.2553812983455315,1,0,0
3503,34.822549655835346,-0.2551196361587373,1,0,0
3504,34.84519081897357,-0.2635244881950956,1,0,0
3505,34.84554482023332,-0.2638910987478339,1,0,0
3506,34.833471707511926,-0.2548313783088231,1,0,0
3507,34.86349023039669,-0.2761324320116657,1,0,0
3508,34.8340183439154,-0.2539475668743243,1,0,0
3509,34.84695887529963,-0.2655367528576453,1,0,0
3510,34.79117450138368,-0.1943479182459525,1,0,0
3511,34.79118241239785,-0.1936310109592056,1,0,0
3512,34.79563076029975,-0.1960632654907707,1,0,0
3513,34.83463065538538,-0.2634623924052448,1,0,0
3514,34.83188262563831,-0.2528231824558389,1,0,0
3515,34.83516946441143,-0.2632954416940922,1,0,0
3516,34.83365652579048,-0.2542978189311797,1,0,0
3517,34.85629519940484,-0.2793737186375438,1,0,0
3518,34.84091156833984,-0.2619925867827126,1,0,0
3519,34.8455467722903,-0.2637118851430965,1,0,0
3520,34.841991143611885,-0.2614794884225003,1,0,0
3521,34.83428835714242,-0.2620204845330347,1,0,0
3522,34.83240580240935,-0.2540899709772712,1,0,0
3523,34.83585602230819,-0.2660000366952351,1,0,0
3524,34.83134380771419,-0.2529901292870611,1,0,0
3525,34.79351090285423,-0.193504986993729,1,0,0
3526,34.79028957782699,-0.1934313239298623,1,0,0
3527,34.83313334970355,-0.2530310315807486,1,0,0
3528,34.79862962489754,-0.2000758024136927,1,0,0
3529,34.853305604875345,-0.2744654603740749,1,0,0
3530,34.79368788702713,-0.1936883060978532,1,0,0
3531,34.84590272559251,-0.2638992821292632,1,0,0
3532,34.835521517915,-0.2638412672982606,1,0,0
3533,34.822405867199265,-0.2518896018468745,1,0,0
3534,34.845887111884885,-0.2653329902970453,1,0,0
3535,34.833094258237914,-0.2566153647166075,1,0,0
3536,34.79225618726404,-0.193655564725088,1,0,0
3537,34.82274423570354,-0.2536899691214554,1,0,0
3538,34.84413272129622,-0.2620662278198228,1,0,0
3539,34.833625258412354,-0.257165283400164,1,0,0
3540,34.82273446884291,-0.2545860652491976,1,0,0
3541,34.832053759021726,-0.2535441403004403,1,0,0
3542,34.83168803151429,-0.2542528283466863,1,0,0
3543,34.822543797620085,-0.2556572939917418,1,0,0
3544,34.836070081417034,-0.2627782375726442,1,0,0
3545,34.834451702617606,-0.2634583040237859,1,0,0
3546,34.836935586322184,-0.2654869193930328,1,0,0
3547,34.86366138710402,-0.2768533627605149,1,0,0
3548,34.82336714352324,-0.2458165919783374,1,0,0
3549,34.8575420148488,-0.2799399899305837,1,0,0
3550,34.834107452985165,-0.2621956123398807,1,0,0
3551,34.84306681455195,-0.2613248220220871,1,0,0
3552,34.833284935870154,-0.255544154632681,1,0,0
3553,34.84838659182682,-0.2659279137203882,1,0,0
3554,34.82940268896698,-0.2504360969981642,1,0,0
3555,34.79369184375138,-0.1933298536996803,1,0,0
3556,34.85190322236725,-0.2717445497718391,1,0,0
3557,34.79404581195746,-0.1936964919800105,1,0,0
3558,34.84091742548356,-0.2614549425431531,1,0,0
3559,34.82199327041795,-0.2568995702846935,1,0,0
3560,34.796503823221684,-0.1980552113367606,1,0,0
3561,34.83638703104219,-0.2665499490794416,1,0,0
3562,34.83392654896283,-0.2623707402902105,1,0,0
3563,34.83277739675278,-0.2528436339586766,1,0,0
3564,34.82291732938299,-0.2542317138505274,1,0,0
3565,34.857901861870765,-0.2797689621950772,1,0,0
3566,34.82300727570988,-0.245987632669336,1,0,0
3567,34.82317644507376,-0.2468878172620237,1,0,0
3568,34.83534841719953,-0.263299530334545,1,0,0
3569,34.79047249634032,-0.1930769618760831,1,0,0
3570,35.02599838181445,-0.1974337442705235,0,1,0
3571,35.06662840811666,-0.2137919481936963,0,1,0
3572,34.86462222401688,-0.2872720449397887,0,1,0
3573,34.86689577609861,-0.1781587167399261,0,1,0
3574,34.89743181576243,-0.1528715661592837,0,0,0
3575,34.838735734615746,-0.2155144779543294,0,0,0
3576,35.02349005545794,-0.2457635642398315,0,1,0
3577,35.0498383846749,-0.2105334577755289,0,1,0
3578,34.95454604899316,-0.1839464793835596,0,0,0
3579,34.86798872130515,-0.1604377493973409,0,0,0
3580,35.02653727717542,-0.1972670659954063,0,1,0
3581,34.86287391957463,-0.2669763795321185,0,0,0
3582,35.07692640399871,-0.1894813388693446,0,0,0
3583,34.92291848105247,-0.1948654743700606,0,0,0
3584,34.86475219605377,-0.1777508738588238,0,0,0
3585,35.09999593271511,-0.1756849557779067,0,1,0
3586,34.81657415328227,-0.2286311831965769,0,0,0
3587,34.88091996923105,-0.2535874939202736,0,0,0
3588,34.84377425595775,-0.2131203433039203,0,0,0
3589,34.91625679945388,-0.2144282835731189,0,0,0
3590,34.85284144258572,-0.1703065905527855,0,0,0
3591,34.904366158607125,-0.2213240773505186,0,0,0
3592,34.95862033493051,-0.2198871422901624,0,1,0
3593,35.02053832303778,-0.2698892419300431,0,0,0
3594,34.92293754875212,-0.1611687230020115,0,0,0
3595,34.99383150652758,-0.1925641826164673,0,1,0
3596,34.87126811553494,-0.2359787063665156,0,0,0
3597,35.010306526589005,-0.2725199039566456,0,0,0
3598,34.931578647071305,-0.1887921659587316,0,0,0
3599,35.08451463921644,-0.1991562989527565,0,0,0
3600,35.037807719152006,-0.278353873935145,0,1,0
3601,34.87393531528988,-0.2213412715463647,0,0,0
3602,34.90148996631854,-0.1741163323272188,0,1,0
3603,34.890672041611175,-0.1810366667579193,0,1,0
3604,34.87867056954358,-0.1657030156204229,0,0,0
3605,34.87682364823328,-0.2517010359334506,0,0,0
3606,34.84694704588733,-0.1852287681366399,0,1,0
3607,34.79251805000987,-0.1699976695006654,0,1,0
3608,34.847810026711414,-0.1881167294642803,0,0,0
3609,34.99673446110141,-0.2211278981485429,0,0,0
3610,34.81813174755371,-0.2335069553806655,0,0,0
3611,34.87749630818861,-0.2556599768278813,0,0,0
3612,34.99876238320151,-0.2319281955936546,0,1,0
3613,34.8641116944737,-0.1390170912398735,0,0,0
3614,34.9975216288836,-0.2308241192145959,0,0,0
3615,34.867537808464675,-0.1848058837296511,0,0,0
3616,34.847255239786435,-0.1897173133497378,0,0,0
3617,35.05058664084362,-0.1917339360114953,0,0,0
3618,34.84080175749546,-0.1583778378911938,0,0,0
3619,35.010891261695605,-0.1877631181874041,0,0,0
3620,34.96548811416472,-0.1501462596894879,0,0,0
3621,35.0134773743564,-0.1806545214687067,0,0,0
3622,35.01435552278773,-0.2301390737564645,0,1,0
3623,34.87522560392721,-0.2179651324740449,0,0,0
3624,35.08673436477648,-0.1612176812983728,0,1,0
3625,35.11144189812782,-0.1609007981297618,0,1,0
3626,35.01335695857262,-0.1754543875540976,0,1,0
3627,34.998234507189096,-0.2634589192758234,0,0,0
3628,34.94763272825997,-0.1778716799486616,0,0,0
3629,34.928222025738016,-0.1688190544722726,0,1,0
3630,35.02969284798713,-0.1555835349101325,0,0,0
3631,35.022973654298845,-0.1640292141612903,0,0,0
3632,34.87531915297765,-0.2419869678216342,0,0,0
3633,34.851615256982704,-0.2817763374314056,0,1,0
3634,34.89599849122246,-0.2010558761164874,0,0,0
3635,34.84517589354688,-0.1674414199102732,0,0,0
3636,35.06295627773464,-0.158510870529697,0,1,0
3637,35.07125221327312,-0.1846895027827679,0,0,0
3638,35.01727195266812,-0.177516899926554,0,0,0
3639,34.87906082555327,-0.1949299238474742,0,1,0
3640,34.831505168428386,-0.2546071727231409,1,0,0
3641,34.831153124026514,-0.2540613421740396,1,0,0
3642,34.83221707544958,-0.2549819653715661,1,0,0
3643,34.831324260072805,-0.2547823002342808,1,0,0
3644,34.84394791075866,-0.2625997781809866,1,0,0
3645,34.84377091032068,-0.2624164727021032,1,0,0
3646,34.831322305787666,-0.2549615173351493,1,0,0
3647,34.837112588855554,-0.2656702237405425,1,0,0
3648,34.829717582788,-0.2543870617553907,1,0,0
3649,34.84430191174661,-0.2629663890367486,1,0,0
3650,34.9461549288185,-0.2140428430123422,1,0,0
3651,34.946335879329254,-0.2138677893583805,1,0,0
3652,34.94686877453712,-0.2142385701843911,1,0,0
3653,34.84269914534986,-0.2622127106284101,1,0,0
3654,34.83079326134781,-0.2542323802286303,1,0,0
3655,34.842158382101346,-0.262558866215378,1,0,0
3656,34.83258084693753,-0.2544524945940676,1,0,0
3657,34.83800540115739,-0.2658698830289627,1,0,0
3658,34.842341239514646,-0.262204528379719,1,0,0
3659,34.84233733497167,-0.2625629571704644,1,0,0
3660,34.83275002853412,-0.2553526683331475,1,0,0
3661,34.84502553317923,-0.262265900476965,1,0,0
3662,34.830075490821024,-0.2543952401085578,1,0,0
3663,34.84483291350862,-0.263516305065351,1,0,0
3664,34.83637923423895,-0.2672668126340181,1,0,0
3665,34.83548252414082,-0.2674255893515841,1,0,0
3666,34.9447252458699,-0.2138305789016414,1,0,0
3667,34.829896536805016,-0.2543911509051283,1,0,0
3668,34.94543510980819,-0.2143846819777028,1,0,0
3669,34.83781864974863,-0.2665826563218439,1,0,0
3670,34.947230675658865,-0.2138884637173704,1,0,0
3671,34.84287614587765,-0.2623960160949106,1,0,0
3672,34.84484267504901,-0.2626202361760829,1,0,0
3673,34.83043730778523,-0.2540449840391126,1,0,0
3674,34.84466372219298,-0.2626161444697402,1,0,0
3675,34.8331118450859,-0.2550024147501923,1,0,0
3676,34.94651483859727,-0.2138719241225822,1,0,0
3677,34.83007353653293,-0.2545744575176156,1,0,0
3678,34.83310011973666,-0.2560777147177636,1,0,0
3679,34.83167825940853,-0.2551489134019271,1,0,0
3680,34.8318611219464,-0.2547945690281182,1,0,0
3681,34.83276175568029,-0.254277367860142,1,0,0
3682,34.82971562854883,-0.2545662792531333,1,0,0
3683,34.83204007590221,-0.2547986587334405,1,0,0
3684,34.842701097800905,-0.2620334963234754,1,0,0
3685,34.84448672185673,-0.2624328389537742,1,0,0
3686,34.84448476933594,-0.2626120528170588,1,0,0
3687,34.83692193866011,-0.2667414296468582,1,0,0
3688,34.94722470175293,-0.214426028008719,1,0,0
3689,34.83745489690616,-0.2671121260550472,1,0,0
3690,34.843593909920045,-0.2622331671892298,1,0,0
3691,34.83274416613688,-0.2558903185847242,1,0,0
3692,34.831682167989555,-0.254790479376482,1,0,0
3693,34.843768957897524,-0.262595686742949,1,0,0
3694,34.82973126490041,-0.2531325393024745,1,0,0
3695,34.9481274635634,-0.2137299515502419,1,0,0
3696,34.83728764162432,-0.2660327437147908,1,0,0
3697,34.946872757130166,-0.2138801938123773,1,0,0
3698,34.8314934433546,-0.2556824750722678,1,0,0
3699,34.830960489704545,-0.255311772878855,1,0,0
3700,34.947226692967064,-0.2142468399104527,1,0,0
3701,34.837832298874126,-0.2653281476286344,1,0,0
3702,34.8430609562679,-0.2618624646605354,1,0,0
3703,34.83079521590792,-0.2540531629991931,1,0,0
3704,34.8306103985014,-0.2545867253170086,1,0,0
3705,34.83781670022208,-0.2667618718538997,1,0,0
3706,34.94615094659865,-0.2144012197445246,1,0,0
3707,34.94704375146155,-0.2146010813076823,1,0,0
3708,34.8441307686499,-0.2622454417696635,1,0,0
3709,34.94687474855844,-0.2137010056280962,1,0,0
3710,34.807016898223125,-0.154016429960127,0,1,0
3711,35.00791323997925,-0.1979093988703773,0,1,0
3712,35.05785549629257,-0.1979964881294288,0,0,0
3713,34.981953172123035,-0.1505288693107435,0,0,0
3714,35.10263771100623,-0.1795099578168308,0,0,0
3715,34.864107889261376,-0.2359937051370342,0,0,0
3716,34.79124376987086,-0.1880749801026649,0,1,0
3717,34.96932572524894,-0.1909204198359125,0,0,0
3718,34.86462222401688,-0.2872720449397887,0,1,0
3719,35.05439030206054,-0.1561601589159147,0,1,0
3720,34.89661289141114,-0.2426551744154786,0,0,0
3721,34.882886500632566,-0.2538118560843022,0,0,0
3722,34.986376825162075,-0.2189164210182638,0,0,0
3723,34.96085597486005,-0.1799703290214731,0,1,0
3724,34.89078908152971,-0.2188606823750347,0,1,0
3725,34.984708528712424,-0.1760429640636925,0,0,0
3726,34.96407330444694,-0.1804033609970508,0,0,0
3727,35.022732597628774,-0.2333801325729901,0,1,0
3728,34.841130771129905,-0.1931618834355746,0,0,0
3729,34.82243653582541,-0.2655143560389848,0,0,1
3730,34.851422086548,-0.2175979308811607,0,0,0
3731,34.91842064136015,-0.2291759327679889,0,0,0
3732,35.04969384829139,-0.1915339135781368,0,0,0
3733,34.973244842231345,-0.1926243100446544,0,0,0
3734,34.884835338211246,-0.2068933100546584,0,0,0
3735,34.92052047741147,-0.1691786567335074,0,1,0
3736,34.9281858494403,-0.172044522887571,0,1,0
3737,34.840949823140384,-0.1933369903875351,0,1,0
3738,34.96875297495292,-0.1622304654674387,0,0,0
3739,34.86314986999459,-0.2745113603898103,0,1,0
3740,34.9471848438924,-0.1540231053009172,0,0,0
3741,34.86586235516498,-0.2555725769682517,0,0,0
3742,34.78664818066173,-0.1827709576291138,0,1,0
3743,34.95025693746396,-0.1673576563501855,0,1,0
3744,35.06149119000929,-0.2249622071276316,0,1,0
3745,34.9786739394209,-0.1873733766233868,0,0,0
3746,34.87090495424789,-0.1717978991202763,0,0,0
3747,35.026445495849764,-0.2214589335723938,0,1,0
3748,34.9917865118713,-0.1833763124202008,0,0,0
3749,34.96040969191752,-0.1878461598177757,0,0,0
3750,35.09299601356291,-0.1773130486235551,0,1,0
3751,35.045917770942204,-0.2733447893962124,0,1,0
3752,35.07022063343352,-0.1651321202776853,0,1,0
3753,35.09302265667578,-0.1592145788637659,0,1,0
3754,34.944918202521606,-0.2287115079497213,0,0,0
3755,35.032492076384926,-0.2250044841139248,0,1,0
3756,34.83905077426213,-0.1870192878320106,0,0,0
3757,34.86401800521604,-0.2605494326001005,0,0,0
3758,34.985867884743655,-0.2163954858677418,0,0,0
3759,34.99461817624128,-0.1703588056193071,0,0,0
3760,35.00979334368493,-0.2703574131977945,0,0,0
3761,34.87055461058348,-0.1391657294393471,0,0,0
3762,34.88393283611367,-0.1593713532954517,0,0,0
3763,35.057813255207776,-0.2177082918808227,0,1,0
3764,34.89847514089111,-0.2523772346942853,0,0,0
3765,35.04603634753293,-0.2464661131144592,0,1,0
3766,34.90018232899492,-0.1950579140688931,0,0,0
3767,35.05131171730223,-0.2388827244274725,0,1,0
3768,35.11533519748021,-0.1491653696105769,0,1,0
3769,34.83136756329317,-0.1696337525843907,0,0,0
3770,35.038725393295834,-0.1799879587578787,0,1,0
3771,34.875775477057985,-0.2821496505971783,0,0,0
3772,34.85357865212294,-0.1844848661430893,0,0,0
3773,35.122527580852825,-0.1620569284314208,0,1,0
3774,34.9283005052218,-0.1618305408722044,0,0,0
3775,35.108149013369825,-0.1828645648480108,0,0,0
3776,34.91290028803286,-0.2104075842393583,0,0,0
3777,35.057628783162656,-0.1863427222216401,0,0,0
3778,34.993532173972696,-0.2033106135112634,0,1,0
3779,34.8337654301511,-0.1793689767502959,0,1,0
