lon,lat,elevation,slope,rainfall_3day,distance_river,clay_percent,land_cover,population,flooded
34.934894826495515,-0.2753641026423578,1139,0.9274206281296139,112.00077390670776,1195.969892754412,41.0,30,1.2805898189544678,1
34.888793238006336,-0.2769793663252874,1136,0.4637407762827877,112.4322338104248,498.3207641513395,42.6,30,1.2631645202636719,1
35.20101992767514,-0.24518074374548915,1595,6.5299609633787705,129.68730449676514,1127.5725586409064,46.8,10,2.174440860748291,0
34.97075686397164,-0.2896260482078563,1182,1.4661886722813946,101.53885078430176,1409.46320400268,39.2,30,3.3786091804504395,0
35.19423843275622,-0.09115714406284361,1346,1.4661734983345276,119.70459175109863,1720.4787402647917,39.5,10,2.8619229793548584,0
35.101368119999435,-0.14148295199755062,1220,2.3174652705376717,114.65100383758545,1832.3108120920356,36.2,30,2.2187867164611816,0
35.00397807869675,0.043643343412773525,1906,10.457339202132918,108.59018850326538,140.94717954565462,32.8,10,2.765298366546631,0
35.34191806949569,-0.07021779756985157,2169,13.850856909604108,115.12260723114014,1904.0910750974135,40.4,10,0.2302144467830658,0
34.92099769008387,-0.23344779591722228,1141,1.3114466091071686,93.33990859985352,1096.307513457105,47.2,10,1.9341301918029785,0
34.97509950060983,-0.3157346042323961,1221,3.107857022612518,112.09769630432129,1096.3037949137035,35.1,20,3.6607160568237305,0
34.94249082881162,-0.10635692959954572,1168,0.9274115311825715,99.18256187438965,1127.5766049364452,37.6,30,3.4254770278930664,0
34.96392070880902,-0.2825951928687094,1167,2.3633335746070347,101.53885078430176,1720.4696062458136,41.6,40,6.392902851104736,0
34.981687435764044,-0.37977012533358767,1620,3.733543357555675,128.00864696502686,2475.5937860945605,44.7,10,10.669886589050293,0
34.99921854687989,-0.2733657372613093,1185,0.4637406249740085,101.53885078430176,563.7856696032634,38.9,20,3.4177098274230957,0
35.098803799022726,-0.0833330546558202,1224,0.655806834815504,107.6114559173584,2092.958012290485,36.6,30,0.2412233203649521,0
35.34246395276262,0.05846143723258379,2193,9.689287147423146,152.49081325531006,1556.8122528503557,44.0,20,0.002166873076930642,0
35.12587534204742,-0.10887783270736065,1223,1.0368546961391203,114.65100383758545,359.3459444776022,39.7,40,1.6100059747695923,0
34.99185381650909,0.08144984856430215,2034,2.930426289720884,146.29144191741943,4223.71308063178,36.3,10,0.16415244340896606,0
35.20995166648329,-0.2914876378372321,1986,6.006600537094441,140.4625997543335,1740.5584886866231,41.0,10,4.675353050231934,0
34.88969083758599,-0.3966788994523378,1420,3.5273303758784302,115.70798301696777,199.32711023591347,47.4,30,4.413407325744629,0
34.885076579639396,-0.058068645629013795,1176,0.9274099368611016,93.84386920928955,704.7357937997049,36.5,30,0.25233957171440125,0
35.2259497121427,-0.06391919987797433,1482,14.259992701606153,124.45808410644531,222.85701475034952,44.3,10,2.0011372566223145,0
35.303749628711344,0.013466011719383669,1667,6.0065892756128925,120.95885181427002,704.7359670139768,44.3,20,5.924700736999512,0
34.80733404772669,-0.027951280303404397,1203,1.9667327052541481,115.11287212371826,281.8943729484503,38.2,10,9.429576873779297,0
35.38930296946552,0.02543674214480939,1905,6.861088056139017,100.90661716461182,1026.1110565580243,39.7,20,7.889679431915283,0
34.89430014279573,-0.046982541080980385,1193,1.390963555813711,111.56751441955566,1040.5300322657079,35.8,30,0.23056283593177795,0
34.72854418296923,-0.3611104641185354,1168,2.3633078215021737,103.94532775878906,1550.404113146795,39.9,30,4.453219413757324,0
35.03360220992429,-0.18135855321443206,1191,2.073029789463509,93.87169170379639,498.3223809066777,32.2,10,1.486742615699768,0
35.059358037851936,-0.2837351840149267,1259,1.3114492155277362,116.11215019226074,199.32824686932858,34.3,10,1.9162368774414062,0
35.01023543121259,-0.09466108508649584,1189,0.9274112003005301,98.31086540222168,1550.4181366449181,34.7,30,7.614200115203857,0
34.954573043582805,-0.10654635005789503,1168,2.317466718455243,107.48606014251709,1837.7250287379773,36.2,20,4.864474773406982,0
34.87866182506359,-0.037150534357645995,1211,3.73354211272672,111.56751441955566,2897.1417614162738,37.9,40,0.2963367700576782,0
35.196008850691,-0.008343834148136223,1366,1.3909630959570312,118.15802955627441,359.3462447734949,39.8,30,0.9404902458190918,0
35.06159718909037,-0.2664648140531986,1316,3.7048317233904027,116.11215019226074,1166.5395168342723,36.1,10,0.77488112449646,0
35.182628744882784,-0.17426894963245274,1299,0.655808013569287,129.8203649520874,1096.3094535616985,36.1,30,2.2135283946990967,0
34.9070590493609,-0.11257843532395381,1154,1.0368535973114397,99.18256187438965,697.6523621112273,34.1,30,3.353053331375122,0
35.01347694682259,-0.1836305566015198,1171,0.6558081725015605,93.87169170379639,199.32894256416955,37.6,30,1.7781115770339966,0
34.89572547589831,0.04273514886439543,1716,4.982098111777594,131.36324834823608,704.7358977282731,40.3,20,6.111566066741943,0
34.92299067077513,0.014852915477852066,1797,7.393099220757252,138.7496542930603,1268.5247406251583,40.4,10,4.678893566131592,0
35.231380564881526,-0.3185088654444264,1998,3.372266762318623,132.63745498657227,2587.427191382035,38.9,10,10.144111633300781,0
34.77083189229789,-0.058774572291302354,1226,6.197514832800173,96.55889749526978,2648.1566893902827,36.7,10,21.976516723632812,0
34.89517037861161,-0.11511007372038329,1150,0.6558071535093122,82.33929634094238,996.646182595032,36.5,30,1.7669094800949097,0
35.396576387678216,-0.05794313529687992,2311,16.763283856323973,145.5918083190918,1634.6224824577237,39.4,10,0.188381165266037,0
35.28511283583249,-0.29165943278689993,1936,4.98210576219359,113.28399467468262,2396.087211231704,42.1,10,8.33790111541748,0
35.05587429637244,0.05575698247595462,1846,3.955946524521801,126.4190559387207,498.3234832368554,42.3,10,3.2967827320098877,0
35.37151493368439,-0.2678856726619787,1863,9.9316991385873,112.93021297454834,99.66418712512785,42.2,20,3.61053204536438,0
35.14452795175748,-0.09592575685592393,1248,3.1078484710323844,116.33408260345459,298.993957662609,34.9,30,2.418593645095825,0
35.10941869912782,-0.28123306916637303,1422,1.9667444690850806,130.93061923980713,1409.4636890055026,36.2,20,1.063352346420288,0
34.99560775008168,-0.3419464854366711,1422,5.566696752905602,112.09769630432129,1195.9662476947249,41.0,10,1.5203901529312134,0
35.21134290409127,-0.031903979515241807,1348,4.267612425161412,120.31810855865479,99.66471134508944,39.1,20,1.1185420751571655,0
34.84013535696228,-0.3250765369301364,1144,2.0730543183204304,116.1425199508667,1268.5148881603143,41.1,20,3.389209032058716,0
35.10805707263671,-0.07118846630777136,1232,0.463735342881014,116.33408260345459,1340.8511617217716,38.1,30,0.2825583815574646,0
35.07737500064302,-0.21732732915518968,1339,5.845604628793049,108.0540189743042,298.99311989105615,33.8,10,0.9162943363189697,0
34.90981492469146,-0.14789123627559173,1151,2.073029109894729,99.18256187438965,1232.7825174585996,39.7,30,4.366178512573242,0
34.764794969529284,0.03155419684536085,1472,5.8456012917738285,118.319899559021,581.1401374668592,46.6,10,10.50477409362793,0
34.86471221143008,-0.3169927408207422,1160,0.463735342881014,105.01800727844238,1127.5691774787035,39.0,20,5.104912757873535,0
35.06423891758501,-0.21881414867630908,1333,3.9828713621376224,108.0540189743042,986.6268618140929,37.8,10,1.3051514625549316,0
34.736824544521525,-0.07424970654119081,1165,1.0368538868995507,107.31008577346802,1763.2481327195733,36.5,10,26.947345733642578,0
35.111009054022986,-0.10863453780826651,1220,1.4661720882494838,114.65100383758545,422.8412268511669,39.6,30,7.48532772064209,0
34.88644216948154,-0.16207128922359182,1147,1.0368565243670023,85.5480785369873,2905.695259556007,45.7,30,3.4318015575408936,0
34.854834457280944,-0.30023415491077127,1137,1.3909630807829783,105.01800727844238,986.6237577988506,35.6,80,2.2422492504119873,0
34.959936865248444,-0.2463702323952798,1149,1.4661731852821829,99.08784103393555,422.83968870453725,42.6,50,4.720462799072266,0
35.37437050396488,-0.3282268121226734,2125,4.557737670199287,119.22164916992188,422.8382129099438,41.2,20,2.0363316535949707,0
34.869990947658934,-0.12159645516998334,1144,1.854338356205805,82.33929634094238,996.6460846101539,38.0,20,1.079668641090393,0
34.96458294125165,-0.2231785830567741,1145,0.6558089730188473,99.08784103393555,359.3449199367858,42.6,30,2.549597978591919,0
35.307134646476264,-0.25175275538118164,1616,31.967201558401943,107.16136646270752,398.6570032622028,40.1,20,1.7676024436950684,0
35.23524006152071,-0.04115233988029536,1404,1.6715837749677038,120.31810855865479,597.9882386751013,42.6,30,1.872131109237671,0
35.17741695028265,-0.12465914855107926,1302,1.9113664605411729,132.58636569976807,498.3230178088556,37.8,30,4.439665794372559,0
35.269528239325375,-0.16435664834218108,1440,2.4957749451679985,108.18236494064331,0.0,42.2,10,1.3534798622131348,0
35.14196002480851,-0.0071379506737974515,1374,4.390859880491668,144.83207511901855,697.6530137102989,39.3,30,1.0989018678665161,0
35.26528617886602,-0.3074173532799243,1895,10.555219350585348,117.83059692382812,996.6402054998333,38.1,10,5.960304260253906,0
35.04320063392776,-0.38677798773384436,1830,3.704791833671086,119.38974857330322,2944.7182842230427,39.8,40,6.582737445831299,0
35.20789897776975,-0.378776553653559,1897,3.3403768954467226,111.27314281463623,725.562382230372,41.0,10,5.8688883781433105,0
34.77701848415426,-0.038269632256537796,1286,7.505993751072194,109.24514961242676,1200.1219888352757,36.3,10,4.984039783477783,0
35.303088873995605,0.04041178813767634,2039,13.908117132844218,120.95885181427002,1832.31333409351,42.5,10,4.96136474609375,0
35.13335321517719,-0.25132307540038873,1431,6.529992469014508,130.93061923980713,845.6792526942469,35.6,10,0.9928483963012695,0
35.18982024754938,-0.1994122136892067,1437,4.267623319732093,129.8203649520874,697.6509560269465,35.5,30,1.5887302160263062,0
34.847532635678796,-0.14231836904661438,1145,1.3909673727309027,91.27813529968262,298.9937078011634,44.1,30,3.595484495162964,0
34.74472626778877,0.08218706672588161,1594,7.50600022441203,98.9084358215332,940.234590387387,44.3,20,9.788949012756348,0
35.237658432118515,-0.3162090604147014,2025,3.3722225925844773,132.63745498657227,2092.9435055868385,37.8,10,10.769762992858887,0
35.00876600282599,0.05516383143526058,1970,8.561863380368903,129.44190740585327,1166.5453659503828,33.0,10,2.044217348098755,0
35.341900299841676,-0.36701062273522617,2148,1.9667527202922717,128.01849174499512,1114.2743377663724,37.2,20,1.7325481176376343,0
34.77926087086294,-0.12878262276972205,1138,1.8543341688414132,97.51497077941895,0.0,34.9,40,4.150274276733398,0
35.3272400464136,0.019695532767885677,1724,11.474761985315347,120.95885181427002,986.6303538195675,44.1,20,4.402569770812988,0
35.111594167599634,0.08118227107705468,1890,5.717169471896287,135.17668628692627,199.32934430233797,36.6,10,2.5212414264678955,0
34.81140774779187,-0.33790873968318,1145,1.0368676179661978,116.1425199508667,1993.2774714336688,43.0,30,3.080683469772339,0
35.27584161239534,0.030360559488640183,1926,17.497259677750023,89.18272972106934,1508.2007570073356,42.3,20,2.699007749557495,0
34.81828755958908,-0.3926946670001057,1363,11.866904219124896,115.06833744049072,1268.5102736884414,41.7,30,2.757941484451294,0
34.798748922327285,0.09890762291928541,1639,8.301705152819327,113.54673433303833,1127.5767712222525,43.6,10,10.977007865905762,0
35.22254139271406,-0.17073685771858027,1318,2.930427300245885,102.35875844955444,1059.4481745561284,39.6,30,1.2856104373931885,0
34.71814123064712,0.03775149774169347,1648,5.566654456487446,103.89941215515137,3013.106551683308,41.0,10,14.264554023742676,0
34.97504862582476,0.04597023156758952,1936,3.34032731709812,145.6927137374878,2540.961290012847,34.1,10,3.991162061691284,0
35.21315458959466,-0.395759905859777,1863,4.267655339768742,111.27314281463623,99.66356491654811,38.6,20,6.259413242340088,0
35.360089960757925,-0.055389558081216025,2260,19.47085748435214,145.5918083190918,2931.22666651827,41.8,10,0.9837959408760071,0
35.16306560757697,-0.2511571625322089,1574,4.627383453230279,130.96662139892578,996.6425571481232,42.4,20,2.131251811981201,0
34.80287692972717,0.04357180011039914,1514,6.282323890711223,124.67988348007202,398.6588257834009,41.6,10,5.547085285186768,0
35.27795438116357,-0.005114444988224154,1514,4.581059079549506,107.24820518493652,281.89440066273045,44.3,10,3.502408504486084,0
35.05164797795905,-0.17858490184084036,1225,1.6715892564146024,100.60427951812744,797.315887838691,32.6,10,2.7508902549743652,0
35.222009777401446,-0.05098040045922298,1398,1.390963624996441,124.45808410644531,1136.3524345328565,42.4,30,2.3870866298675537,0
35.10174083787386,-0.026694128899939103,1237,3.52731733973009,144.83207511901855,0.0,41.3,10,0.9844907522201538,0
35.0143515669049,-0.23236433741261509,1181,2.702088852692376,100.98622608184814,797.3145552415308,34.0,30,1.6899027824401855,0
35.055845042457314,-0.29388073564722783,1273,1.4661891934060345,116.11215019226074,563.785170743254,36.0,40,1.2937675714492798,0
35.10852029056479,-0.22308196715695566,1473,3.2756028088872875,121.1725721359253,2515.414439557501,39.4,30,0.528877317905426,0
34.95475527938596,-0.39569944467395424,1603,2.317482612672164,128.00864696502686,2813.6208804642415,49.2,40,4.951955318450928,0
34.91711416560255,0.03731472915269858,1756,6.415610676232309,138.7496542930603,1114.285292852413,41.0,10,7.509629249572754,0
35.25475781609798,-0.24195029026903958,1435,3.955975663248107,98.5356035232544,298.9928553311308,37.5,30,3.4512619972229004,0
35.02684377268481,-0.043478587802640425,1254,2.4957661787831755,106.12790489196777,2633.110611089928,36.0,30,2.319908857345581,0
34.831391653841706,-0.06141909131040836,1165,1.0368533131625852,98.42325210571289,359.3461564511996,35.2,30,2.3023579120635986,0
34.71093762155728,-0.36812763089936407,1200,3.617185253143517,103.94532775878906,1694.2832687959458,38.4,20,3.9509353637695312,0
35.258788607279065,-0.02687468247211661,1470,2.930426269921273,107.24820518493652,398.6588453803578,44.1,40,3.7588584423065186,0
34.926021682659325,-0.1856817698720003,1146,1.0368542835721701,81.83048439025879,1694.2959285081738,43.3,30,7.6475830078125,0
35.24370919850225,0.08692542689592181,2091,3.372219000519674,131.724956035614,797.3172988214918,36.7,20,11.117288589477539,0
35.08460709594729,-0.1468451882329769,1225,1.390963080774087,102.59629154205322,1649.7420069371833,32.2,30,3.182502269744873,0
35.250724412971415,-0.11348375757845024,1530,9.731909992115519,122.74016284942627,1694.2985936986947,46.3,20,2.8371949195861816,0
35.36951200784756,-0.3664585186122187,2197,3.527328437006763,124.95374870300293,1337.1292710504845,42.3,20,1.1204698085784912,0
35.37934920748557,0.013477607444759317,1787,0.9274099614598085,100.90661716461182,199.32943248865683,42.0,40,6.779862403869629,0
34.78642175905407,-0.3406906174180649,1141,0.0,107.22574234008789,281.89196179564965,42.7,30,6.897918701171875,0
35.0523384790398,-0.15603643937055403,1217,1.6715879155834168,100.60427951812744,3288.9298157619314,35.6,30,3.0765700340270996,0
34.761543006833925,-0.06034590308075983,1254,10.728822019615881,96.55889749526978,2292.2879102070165,37.2,20,9.223115921020508,0
34.98619173932566,-0.244491184824977,1162,1.911363234683228,99.08784103393555,281.8931396602266,37.9,30,2.4880189895629883,0
34.96103012706883,0.0032264849564357183,1833,8.488391255435229,145.6927137374878,2369.003377362119,39.3,20,5.54719877243042,0
34.994861493045924,-0.07634864990275775,1184,0.4637357595156601,94.65282535552979,1096.3114475545087,35.3,30,5.1912455558776855,0
35.00222364994535,-0.358090655873833,1358,8.058709531405915,119.38974857330322,140.94585618243624,36.4,20,5.3622660636901855,0
34.760117882005986,-0.39801089658953015,1380,5.790946514233145,110.90058755874634,3572.628809620183,36.7,30,2.970726490020752,0
35.25041036163062,-0.31533754652391693,1960,8.301789818160108,117.83059692382812,697.6478694905386,35.2,20,6.024061679840088,0
34.749924523811536,-0.016301340059928813,1483,5.0877851281632935,124.56930828094482,2255.155094444726,45.1,10,11.588424682617188,0
34.96706385868174,-0.055836530324534575,1208,1.390963080774087,94.65282535552979,1494.970449710566,33.5,40,0.3751734495162964,0
35.04199845108162,-0.18154310661868142,1211,4.14064627672963,93.87169170379639,398.6579047253422,31.6,10,2.079444169998169,0
35.39621203055355,-0.3869735882945439,2311,8.339397210055036,124.95374870300293,630.3280395952572,40.7,10,0.045794758945703506,0
35.173136140284896,-0.020545058853996684,1563,22.825352311097156,118.15802955627441,498.3235812216421,42.5,20,1.5191869735717773,0
35.09846131189636,-0.3329773425477931,1519,5.642487100068125,108.93474006652832,563.784173021911,43.8,20,1.6494745016098022,0
35.092818633005464,-0.32866465445527,1424,14.581959171456786,108.93474006652832,398.6556902578966,46.1,20,0.9569007158279419,0
35.18657392870519,0.03751064739530071,1688,27.39596998906653,131.86794662475586,498.32353222925116,40.6,20,1.1442840099334717,0
35.31587765682644,-0.016502328211025107,1878,24.550206804022174,124.21498966217041,945.502517059381,42.9,20,1.7007228136062622,0
34.88294087501461,-0.26596248219740287,1135,0.9274199484555848,112.4322338104248,0.0,46.1,30,5.3631086349487305,0
34.92532300487225,-0.13648611902883226,1153,0.9274125586197294,99.18256187438965,1643.7104272803042,38.8,10,6.519465446472168,0
34.82022973506205,0.08780766942273971,1717,0.6558068750337583,123.45417833328247,1340.8508980715847,40.7,10,10.839580535888672,0
35.127518323650584,-0.13012558591563889,1230,1.4661751989463403,114.65100383758545,597.9875625796911,38.2,10,3.3207614421844482,0
35.28374045005262,-0.035531186273088496,1731,22.430256042860446,107.24820518493652,2092.9589382468785,44.7,10,2.24831485748291,0
35.102734275243506,-0.03378429468741184,1249,1.4661720506706524,144.83207511901855,563.7887458969007,39.9,30,0.2738303542137146,0
35.19815744399444,-0.03583722855740417,1355,3.275602631296943,118.15802955627441,896.982402105805,41.7,10,2.5057597160339355,0
34.81895667343508,0.08772823762473732,1708,7.3788690956810195,123.45417833328247,1409.4711718850444,43.9,10,10.572545051574707,0
35.28623412149943,-0.1942158466871897,1448,3.3722201752759613,108.18236494064331,845.6808324140378,37.9,10,1.2223317623138428,0
35.17509359432442,-0.1472551412028413,1284,1.4661723066795542,132.58636569976807,1694.2975109655515,37.8,30,1.7351447343826294,0
34.9455973665408,0.06043014682891376,1934,6.16325705999302,147.77320003509521,1670.6846708853382,33.8,10,6.826624393463135,0
35.29534622329929,0.03599307785707741,1900,9.889975595235711,89.18272972106934,2194.8875878817803,41.3,40,4.316168308258057,0
34.714251838908154,-0.02975247890527766,1464,1.4661718458830637,124.56930828094482,1127.5774917938013,46.8,10,7.4542107582092285,0
35.30518296462514,-0.019106129191800606,1756,30.78044648777633,124.21498966217041,1914.4966806027799,43.8,10,0.969967782497406,0
34.91831015006771,-0.3156122172963215,1157,2.7020833796844905,105.78975296020508,410.9251221995164,42.8,20,2.16133713722229,0
35.18342506725916,-0.3301803784090716,1879,6.4156884829082745,108.11863803863525,508.1882359944246,44.3,10,5.624001502990723,0
34.90455333879792,0.09340476144247538,1816,6.214574970277379,147.77320003509521,1114.284745100669,38.2,10,2.3919827938079834,0
35.2249667682715,-0.3568062547443981,1963,2.7803423428958616,111.27314281463623,704.7293155553592,37.7,30,5.300447463989258,0
34.835563437743474,-0.3184560854393103,1131,0.0,116.1425199508667,445.71083061919194,38.7,80,2.090186834335327,0
34.86897829637493,-0.20112077162446862,1140,1.3114452141703703,95.0595383644104,2054.6347010801733,48.2,30,4.752706050872803,0
35.233295326316174,0.028073377338771032,1546,13.63361714789,154.9666452407837,99.66471134508944,42.2,20,1.9230235815048218,0
35.08493210090754,0.02900119220857176,1805,11.883978426014817,112.8200478553772,778.4062794823151,42.2,10,4.330501556396484,0
34.95029852534099,0.003900075673356234,1853,9.689287129222599,145.6927137374878,2996.5785828382677,41.0,10,5.50499963760376,0
35.035508369414465,-0.21595955624939286,1266,1.8543473672955917,100.98622608184814,1195.9724795642246,31.1,30,0.8029709458351135,0
35.18476734436171,-0.24839435459437442,1557,21.892838175741467,134.27558517456055,0.0,40.0,20,1.6423707008361816,0
35.01090076227462,-0.17948784739510526,1169,0.463735342881014,93.87169170379639,697.6513675641025,41.3,30,1.8418458700180054,0
34.93440890917911,-0.02106834450403034,1743,10.02478948824296,103.33967447280884,359.3462447734949,42.4,20,4.774143218994141,0
34.807112700622845,-0.3959035500416291,1421,8.14918551495904,115.06833744049072,2326.6693498801833,46.0,30,4.899643898010254,0
35.079575398807606,0.02005868894792625,1894,16.07777889162972,112.8200478553772,1904.0917302963144,40.3,10,2.7173402309417725,0
35.07869483046812,-0.2537675512881944,1358,1.3114476072762262,116.11215019226074,1340.8452295800214,33.5,20,0.8537580966949463,0
34.96195390094574,-0.10790031565814544,1162,1.0368546808766304,107.48606014251709,1622.422679686924,35.2,10,3.6407582759857178,0
35.24438719293568,-0.18996121793372556,1344,4.718598631280294,102.35875844955444,222.85648890808073,35.4,10,1.4361047744750977,0
34.78704918931999,-0.021913561957846543,1232,2.4957662354614993,109.24514961242676,199.32943248865683,38.9,10,11.723837852478027,0
35.111599098869604,-0.2111257422008143,1379,8.754645089990214,121.1725721359253,1524.5719775870703,34.2,10,0.4958357512950897,0
35.05153946851012,-0.28615011828069964,1264,1.4661736546337256,116.11215019226074,498.3205681806391,34.1,20,3.4841060638427734,0
34.97481623147516,-0.3860151907293348,1632,1.3909945846802791,128.00864696502686,3179.8786106572725,44.9,40,7.652823448181152,0
34.79389995737268,-0.01904888305008149,1230,3.1078476400014963,109.24514961242676,1040.530185714385,38.3,20,13.356363296508789,0
34.94011304969758,-0.1643924228807802,1160,1.8543418139437677,81.83048439025879,1481.61961007045,37.9,30,9.792964935302734,0
35.223028287859044,-0.24492341173248441,1686,7.6721269459706205,129.68730449676514,2497.5795806577917,42.1,20,0.9662113785743713,0
35.226383587449554,0.022334491717966046,1537,2.9667656452525,154.9666452407837,281.8943868055907,42.3,30,3.3205058574676514,0
35.399390096810016,-0.38190064461778034,2348,5.170752122325613,124.95374870300293,498.31819202976374,41.3,10,0.040818266570568085,0
35.14915494448529,0.05089004185312654,2048,7.435647181402825,135.17668628692627,2591.28224021188,39.5,10,4.86220121383667,0
34.88720295878309,-0.2028520942586847,1139,0.6558085364618771,95.0595383644104,1837.7210538803217,49.1,30,3.3856945037841797,0
34.80366519509643,-0.38375798760059804,1431,8.849283934091671,115.06833744049072,2114.1848287778375,41.9,20,3.5464649200439453,0
35.070244191649834,-0.35375415743714345,1583,5.917775379120486,114.7891492843628,298.99138554950457,43.7,40,2.0560405254364014,0
34.902778807371845,0.042104284838371274,1755,10.106786313377976,138.7496542930603,1494.9705966877534,42.4,10,5.6835784912109375,0
35.1028419925145,-0.3399589451901901,1441,4.718600820050158,116.53495216369629,0.0,43.5,10,2.3257272243499756,0
35.18493256507405,-0.29546031229493086,1865,14.218440217994758,130.96662139892578,2616.063303703558,39.5,10,4.209951877593994,0
35.23595015297697,-0.1215369353281898,1433,4.267616463646012,162.29397678375244,1766.0613614543167,41.7,10,1.1062445640563965,0
35.32679557623589,-0.20548489363369107,1538,1.6715869400808125,98.85570621490479,222.8563903125172,45.3,20,1.193903923034668,0
35.33512971398841,-0.3781600162747194,2097,10.258792443872188,128.01849174499512,298.99097400935455,39.7,10,1.6830161809921265,0
35.26322577197614,-0.0920257372596499,1675,13.764431921064888,117.07273387908936,199.3293149068897,43.2,20,2.475531816482544,0
34.86438744404782,0.006906872775605713,1753,4.627367525104893,131.36324834823608,845.6831604167721,41.2,20,1.0435218811035156,0
35.093303244328986,0.05957793154984797,1907,1.9667331202393559,126.4190559387207,896.9822257331804,42.9,10,6.812621116638184,0
35.337812255661255,-0.263069480330878,1832,7.834495658736436,107.16136646270752,697.6494470552976,43.3,20,3.8426811695098877,0
34.930852252597454,-0.04513835536047068,1248,2.073027857999692,103.33967447280884,1697.2287096819775,36.4,30,0.3474854826927185,0
35.007160859177894,-0.3547256757370938,1334,5.717266421515769,119.38974857330322,99.66379028388394,37.3,20,3.125087022781372,0
34.839799790052616,-0.07326646808888847,1160,1.0368533625901648,98.42325210571289,638.165309237397,38.5,30,5.87131929397583,0
35.088363273573464,-0.012979076671522547,1319,2.7020725564921193,104.0775842666626,1494.9707436649262,40.1,30,1.1041561365127563,0
35.02057379163852,0.0434289105460486,1887,6.163255524435913,108.59018850326538,1059.4503619027828,42.4,10,4.061798572540283,0
34.77049855655483,-0.13818397862360443,1135,0.9274126231770785,97.51497077941895,315.16707188906173,39.2,90,2.0268330574035645,0
35.07146187284082,0.027787557357296717,1912,11.076428105113564,112.8200478553772,1973.2606106391522,40.2,20,3.669757127761841,0
35.17860613744383,-0.3814292390534319,1865,7.028121991459886,108.3173656463623,1212.460550260296,38.9,20,7.833517074584961,0
35.29452739232699,-0.06267690706814977,1946,17.218304514616708,117.07273387908936,778.4061264251778,42.2,20,2.980959415435791,0
35.34025842240159,-0.3515856837592051,2070,1.8543691007069585,128.01849174499512,398.6552199269439,40.6,10,2.841747760772705,0
34.83667425502134,-0.21580388882966703,1140,1.0368546714009441,95.18315553665161,845.6802504123528,43.0,30,8.020895957946777,0
34.95337102571021,-0.12441387754624289,1160,1.3114427424390076,107.48606014251709,1471.530236957858,37.5,30,5.32483434677124,0
34.76138560842003,-0.35824203592039244,1173,3.275603589636304,110.90058755874634,1993.275413734891,41.4,10,4.3478498458862305,0
34.83658895009257,-0.18857010706731756,1138,1.4661789196922703,90.85835933685303,1232.7812448509467,44.6,30,7.150561332702637,0
34.86824893033063,-0.33149857259890436,1197,2.317476712738034,105.01800727844238,222.85526193796167,40.6,30,5.855777263641357,0
34.909477902343596,-0.1541661898380581,1151,1.911362617008003,81.83048439025879,704.7347545131786,41.2,10,5.865142345428467,0
35.204502211980255,-0.010439328880046384,1384,2.8185777128276426,120.31810855865479,1204.253348325478,39.3,30,1.282067894935608,0
34.92263265146608,-0.17182986749031617,1152,0.9274099368670311,81.83048439025879,945.5004720136976,39.9,10,96.48270416259766,0
35.388606292554485,0.07607762532876859,2180,2.4957679688436785,147.08410167694092,99.66467705040989,45.6,10,1.8902690499089658E-4,0
34.87204185593163,0.012039622475539422,1641,27.751765860111973,131.36324834823608,422.84158020838606,44.0,30,0.9107164740562439,0
34.78155079507002,0.0793577030672389,1666,8.301706203656597,113.54673433303833,1026.1106025911631,42.3,10,11.169974327087402,0
35.07279722276547,-0.06575102225744225,1193,1.0368533332932464,107.6114559173584,222.85701475034952,38.1,30,0.4060699939727783,0
34.88090306426503,-0.04516542227599556,1194,1.4661722349137434,111.56751441955566,2114.207589256256,38.4,30,0.7732359766960144,0
34.820295758519464,-0.14379775284235094,1140,1.0368558148860607,91.27813529968262,0.0,46.4,30,5.740126609802246,0
35.35446725068062,-0.021609807441638148,2060,11.14085089961069,134.72788524627686,1340.8516231094745,37.6,20,2.1192564964294434,0
34.985092928583505,-0.3745798775251912,1594,3.818484507157328,128.00864696502686,1837.7075031646086,44.8,10,7.173422336578369,0
35.008155130711614,-0.05291325387828139,1209,1.3909630807829783,98.31086540222168,359.34617411566035,34.8,30,0.6826738119125366,0
34.97057286154123,-0.17626503506095273,1157,1.9113627425874118,92.81751441955566,498.3224543954321,44.5,40,3.7555015087127686,0
35.01101982244357,3.2501413323446246E-4,1844,6.658099665842213,108.59018850326538,1216.562961565543,40.1,30,3.6084389686584473,0
34.85787421620866,0.054273621599488744,1637,2.4957662342425446,134.11306190490723,0.0,45.9,30,6.943478107452393,0
35.31469733225899,0.0023813463143989803,1652,4.390859853094055,120.95885181427002,0.0,41.1,10,4.989418983459473,0
34.70500102063464,-0.08918044081118898,1137,2.3633087856279587,107.31008577346802,298.9939870580594,36.5,10,4.278508186340332,0
35.06592688219993,-0.2657020567482074,1332,3.3403512610381263,116.11215019226074,1059.444945607575,34.4,20,0.7614068388938904,0
34.96407969560176,-0.20309877389791403,1146,2.073038177913526,99.08784103393555,668.5692038027458,45.9,30,2.3305959701538086,0
34.957555230388415,-0.049894570265428984,1231,2.363306045227368,112.8185510635376,2451.427523769951,33.5,10,0.37188804149627686,0
34.897331327310006,-0.10376385105297042,1151,1.3909630807829783,82.33929634094238,298.99391356942783,34.6,30,1.598949909210205,0
34.973643207136746,-0.3692031579524721,1567,0.9274099368611016,128.00864696502686,2616.053787285107,40.3,30,5.499175071716309,0
34.81432274432394,-0.04823415738413238,1180,1.4661722868755989,115.11287212371826,0.0,38.1,10,2.474431037902832,0
35.24985784241957,-0.2736773301184689,1753,5.8456599854450335,113.28399467468262,298.9925025841994,43.2,20,11.532676696777344,0
35.25969170168844,-0.12586198035701288,1485,6.076731952990947,122.74016284942627,2114.205510683919,44.1,10,2.6322312355041504,0
35.01337049132363,-0.3621443818590528,1375,3.982914186260275,119.38974857330322,797.3100087168102,38.1,40,2.828155040740967,0
35.20674305711544,-0.1915642654633585,1367,3.3403323023771505,102.35875844955444,1310.8811303434895,35.1,40,1.3749810457229614,0
34.84505856124155,0.06929297649087655,1738,14.500380751154445,123.45417833328247,1904.0910750974135,43.2,10,11.33171558380127,0
34.767289071669545,0.061101665087686496,1670,3.7335421323913685,113.54673433303833,3184.594926777384,44.5,10,11.696330070495605,0
35.344696218147,0.03673060581021936,2103,6.28232305936323,120.95885181427002,638.1655288304908,42.1,20,4.785953521728516,0
34.75230715079756,0.05132996076461523,1668,3.2427527735831303,113.54673433303833,2648.156949742358,44.6,10,11.757508277893066,0
34.97088841219315,-0.1789411904059186,1150,1.6715861546911084,92.81751441955566,281.8937216620831,44.1,40,2.5260047912597656,0
35.06397714312602,-0.1366019409819826,1199,1.0368555586965396,102.59629154205322,1409.4699940270102,39.4,30,2.0027027130126953,0
35.335816842434966,-0.35538840625583384,2075,5.232139195396271,128.01849174499512,563.783507873368,40.5,20,2.1039369106292725,0
35.17283559087389,-0.16077224901356363,1266,1.0368564789722396,129.8203649520874,398.6581006953201,37.3,30,2.6457321643829346,0
35.105529066580395,-0.29623341787664037,1417,13.239901028380023,130.93061923980713,1204.2455341999923,35.4,10,1.191141963005066,0
34.94085543475037,0.05127401738110263,1805,11.08565824358055,147.77320003509521,1793.964627838994,37.3,20,7.866279125213623,0
35.27703736475638,-0.28974925596142515,1885,3.733553805683087,113.28399467468262,2292.27427558139,40.6,20,8.338743209838867,0
34.79232661775378,-0.1380608362758659,1141,0.0,97.51497077941895,697.652053458823,37.4,20,5.566160202026367,0
34.81572846579465,-0.21737264546524226,1134,0.6558088629387678,95.18315553665161,398.6574735910516,41.2,10,2.252713441848755,0
34.72020845123142,-0.38757989397684567,1280,3.81856159854526,103.94532775878906,3209.415812027508,39.0,30,2.375981330871582,0
35.01877441975205,-0.3566236827494072,1376,6.8148302384683905,119.38974857330322,359.3428531817664,35.8,10,2.0227549076080322,0
35.2155076040188,-0.3674714538764828,1893,2.9304320248428906,111.27314281463623,803.5146124507476,38.8,10,5.716452121734619,0
35.29927589589079,0.028563671166552538,1910,11.076427853523255,89.18272972106934,1295.6412474861627,41.8,20,4.678449630737305,0
35.076272747516015,-0.13545214176094006,1204,2.0730323383787947,102.59629154205322,359.3457678328423,39.1,30,2.2140185832977295,0
35.06542070108136,0.014434680891552431,1883,17.234866406866,112.8200478553772,2638.7633506072143,36.7,30,2.532987356185913,0
35.03994384938704,-0.09465955903903417,1188,0.6558069382272804,98.31086540222168,668.5708141952878,37.2,30,2.7271454334259033,0
34.82767398959588,-0.1509760544362153,1144,1.0368539170792133,90.85835933685303,797.3163973605459,47.1,50,9.386073112487793,0
34.94555223723144,-0.08300976215161911,1172,0.0,88.86924982070923,638.1652464964991,36.2,30,2.2035975456237793,0
35.278081332069696,-0.09589822286765744,1886,23.232955181656397,117.07273387908936,1310.8838368039137,40.5,20,3.0328807830810547,0
34.77223974653354,-0.11887759667272474,1137,1.0368549842193278,97.51497077941895,359.3458738197087,35.8,20,78.882080078125,0
35.06640051340971,-0.0439219390361361,1250,2.0730278486817926,104.0775842666626,597.9882386751013,35.0,30,1.8971459865570068,0
35.344129443258986,-0.2997143689718713,1953,0.6558109735042685,107.16136646270752,0.0,41.5,10,8.36734676361084,0
34.99739687475786,-0.1723983098672146,1159,1.0368569230288927,92.81751441955566,498.322503387929,43.2,30,2.4152989387512207,0
35.167632118599585,-0.21114791960389728,1351,2.702077392772953,134.27558517456055,597.9863279687087,33.2,40,1.8015446662902832,0
35.12597389914629,-0.13663013578688332,1212,0.463735342881014,114.65100383758545,199.3291581310923,39.6,30,3.0753350257873535,0
35.066230696594104,-0.2274042590862035,1324,6.024237280411526,108.0540189743042,1649.7382764727788,35.3,10,1.0428539514541626,0
34.78251461026479,-0.3900148355252044,1418,2.7020890957298525,110.90058755874634,4327.0530825154265,42.1,30,1.3809000253677368,0
34.840339516474714,-0.04244299772293986,1180,2.363306036056756,115.11287212371826,1426.9814332156488,36.8,30,1.104625940322876,0
35.29279726513862,-0.002256755020440429,1553,21.29847982124251,107.24820518493652,222.85709143557673,43.5,10,1.8475189208984375,0
34.9506115312087,-0.18992414126037996,1140,0.9274150426814509,92.81751441955566,1078.0358726746701,46.2,30,3.876357316970825,0
34.982475707651204,-0.27149965373631757,1176,1.0368625263546372,101.53885078430176,1634.613964963326,40.2,30,8.033400535583496,0
35.16466351481193,-0.2553149123931384,1566,6.415625766688527,130.96662139892578,498.32118058882213,42.6,20,2.940375566482544,0
34.97204203918114,0.06430619996199945,1990,7.378860558780502,146.29144191741943,3593.461387867379,36.0,10,3.5080108642578125,0
35.17375388532423,-0.37778329025885043,1899,3.2756037361477803,108.3173656463623,1622.4068883384725,40.3,10,7.69106912612915,0
34.984547225722864,-0.3094374571053245,1207,2.7020829640133166,112.09769630432129,0.0,40.5,20,3.519702672958374,0
35.18770722216461,-0.04903772061437567,1529,13.807722723432443,118.15802955627441,1426.9813630692151,42.1,10,1.3143949508666992,0
35.2672340067028,-0.07342463154207007,1712,7.161733282124495,117.07273387908936,996.6467705040989,40.6,10,2.40034818649292,0
35.16658314261355,-0.33235575037073667,1717,15.059005715376143,108.11863803863525,199.3278059347215,42.7,30,5.544342994689941,0
35.291166838765584,-0.3844816650627423,2045,7.821166707683525,124.79443073272705,896.9726133726854,39.2,20,6.977261543273926,0
35.025916370906685,-0.09240795431061484,1191,0.6558069123634919,98.31086540222168,222.85694902013375,33.6,30,2.36665678024292,0
35.27978617393707,0.046935710530639635,1801,7.887831347360793,89.18272972106934,298.9941046398323,42.3,20,8.158489227294922,0
35.242890098077254,0.023510705430032513,1577,8.301703793043073,154.9666452407837,398.65886497731367,41.8,20,1.866947889328003,0
35.275401627588174,0.049324774912915516,1788,8.884514909714492,89.18272972106934,199.32940309322154,44.0,10,7.50818395614624,0
35.28868733765192,-0.20944544533189033,1438,3.7335482316917576,98.5356035232544,638.1634897488555,40.2,30,1.09708571434021,0
35.04267181521176,-0.09542675156296522,1189,0.6558069487789348,98.31086540222168,857.3477588980448,36.8,30,3.0171091556549072,0
34.851981950652984,0.052086322085877435,1658,21.265016297610273,134.11306190490723,563.788690468335,46.6,30,5.108072757720947,0
35.07618849799449,-0.38682675879107997,1713,0.6558139633298166,114.7891492843628,718.6845404974285,46.3,10,6.867464542388916,0
35.295936026630194,-0.2881540131616806,1925,6.861097169368264,113.28399467468262,1958.0890541904944,37.5,30,3.663379430770874,0
35.03653638320971,-0.10672846000587273,1183,1.3114423199321652,102.38191223144531,498.32316478616565,37.3,10,4.551170349121094,0
35.258907636605244,0.011192690968832731,1655,13.056923462555257,89.18272972106934,2400.244213649155,42.4,20,1.5267208814620972,0
35.11065800063002,-0.18117181759755704,1274,2.7020760900256513,115.02675151824951,1340.848393392221,33.3,30,3.6994683742523193,0
35.13037488059688,-0.1462034953061045,1233,1.3114433121160454,114.65100383758545,359.34567951042976,36.0,30,1.2558043003082275,0
35.05782410391762,-0.24953287843417266,1303,12.902325554803667,108.0540189743042,797.3140849125895,35.9,10,1.35755455493927,0
34.805605437322164,-0.36508884595773655,1429,6.024204319431618,115.06833744049072,996.637363917413,35.2,20,1.2145756483078003,0
35.346991280199966,-0.2877436145103177,1955,1.6715901355939653,107.16136646270752,410.92564740511455,41.7,10,8.02710247039795,0
35.0214783097194,-0.2692371223193912,1207,0.9274201584725047,94.70985174179077,1136.3465133653115,37.3,20,1.5181716680526733,0
35.36837029930799,0.017612521518687363,1766,2.702072572205986,100.90661716461182,298.99414873298525,42.9,40,4.01176643371582,0
35.04853395040371,-0.1852860743111271,1196,2.3633179324147684,93.87169170379639,0.0,35.3,30,2.165576934814453,0
35.12633859315335,0.015336246887388286,1417,2.317462738066788,113.46054029464722,1763.2488261307767,43.7,10,2.224111795425415,0
35.065022434804334,-0.12939367895759968,1195,0.4637365288610023,102.59629154205322,918.8621530186125,37.1,30,1.4092085361480713,0
34.89439757122141,-0.3300052636331488,1189,1.3114520744870612,105.01800727844238,99.66391276591794,43.2,20,5.6248393058776855,0
34.998649444804265,-0.12182318922034079,1171,0.463735342881014,107.48606014251709,359.34585615523315,39.5,10,3.9781057834625244,0
34.74386367079149,-0.011438282464754953,1527,1.0368532106705204,124.56930828094482,2352.1717634736656,44.8,10,14.651225090026855,0
34.999849678717446,-0.32017596092101214,1298,10.457349130557413,112.09769630432129,563.7845055958882,35.8,10,5.187629222869873,0
35.35693598774537,-0.06930308019667569,2488,7.435649655305808,145.5918083190918,3589.3125149641296,42.6,10,0.2336086481809616,0
35.272782978362734,-0.2917504383044394,1882,2.818578694252508,113.28399467468262,1793.9536045160837,39.8,10,9.074349403381348,0
35.25952257208113,-0.35459382440584575,2008,6.937520031072473,124.79443073272705,2274.8683126378432,37.3,10,15.110835075378418,0
35.21064348332173,-0.14191549516452123,1353,8.48840218557597,162.29397678375244,718.6914296787947,37.6,10,4.142909049987793,0
35.24981484016897,-0.25150009287408515,1496,12.070252896507926,140.4625997543335,222.85603975016022,40.1,20,1.676426887512207,0
34.957195767804215,-0.06105917179317048,1199,2.7802885155465065,94.65282535552979,2591.28198545141,36.3,30,0.5260193347930908,0
34.88294410936929,-0.12829143908260648,1149,1.3114428264647995,82.33929634094238,2228.568175596441,40.8,40,2.1221272945404053,0
35.20950947695677,0.04998236709612593,1665,6.861088872041396,154.9666452407837,778.4062029537502,41.5,30,1.9652063846588135,0
34.98962476673936,-0.17865661820719142,1156,0.6558080821347756,92.81751441955566,498.3224298991819,43.9,40,1.8801497220993042,0
34.724420449573564,-0.08688506664470587,1150,1.4661719938118671,107.31008577346802,315.16733526612495,36.9,30,6.378225803375244,0
35.17680181539552,-0.11310302490802616,1324,1.3114424658016182,132.58636569976807,1670.6835211177415,39.2,30,1.587554693222046,0
35.03148843071282,0.040346215403426776,1865,6.076733040370448,108.59018850326538,1494.9705966877534,43.0,20,4.888360500335693,0
35.04401292437674,-0.26806848957902263,1248,2.0730458447254825,94.70985174179077,1200.1157353856804,34.3,30,1.210913062095642,0
35.01826034795723,0.008224290682392846,1938,6.024203605550512,108.59018850326538,2396.102287847521,36.6,10,4.074890613555908,0
35.34942229308544,-0.20770297802638724,1545,4.140647555783513,98.85570621490479,222.85636840238604,43.2,40,3.634221315383911,0
34.82942718698561,-0.1424747790547981,1142,0.46373677428302645,91.27813529968262,199.32913853410895,45.8,20,2.823822498321533,0
35.38306315482739,-0.3877807487244419,2308,1.46617517500232,124.95374870300293,725.5620255565251,40.9,10,0.11979593336582184,0
34.90899201627851,-0.01962302080853884,1776,5.717164079119094,103.33967447280884,1691.3663208335443,41.0,40,3.5966956615448,0
34.81163351960183,0.09527735333745846,1639,0.6558069514460743,123.45417833328247,1195.975830650436,42.5,10,12.560298919677734,0
35.141173898784395,-0.3369793575371576,1630,6.658178852870504,116.53495216369629,199.3277569419272,44.9,40,3.4156906604766846,0
34.87431465108499,-0.06956182497044493,1159,1.0368538062582364,93.84386920928955,140.94714490279682,38.4,30,0.29290252923965454,0
35.09738713050687,-0.2225990540157471,1407,5.547586411763181,108.0540189743042,2277.0633135651665,41.3,30,0.48569753766059875,0
35.07752787130365,0.0786876191499713,1946,6.197515341765743,126.4190559387207,1963.1663677589831,40.4,20,5.417285442352295,0
35.32175783746199,-0.05990152514942082,2074,13.217067884266482,115.12260723114014,996.6469174813114,37.3,10,1.2830257415771484,0
35.28578121106068,-0.16648064111600527,1475,2.3633063960149063,108.18236494064331,422.8407279934136,41.6,30,6.5509114265441895,0
35.07127042757195,0.05303372373015557,1844,3.733543647616098,126.4190559387207,99.66469664737107,42.2,10,6.090437412261963,0
34.89063988062958,-0.2788380997027857,1135,1.0368556532494373,112.4322338104248,697.6490012221404,44.1,30,1.5015783309936523,0
34.8772589392663,-0.20826554218669646,1140,1.466172790560235,95.0595383644104,2711.1647347127396,48.1,30,4.6251935958862305,0
34.994588968961885,-0.01971551417249441,1298,6.282322260703721,112.8185510635376,845.6831604167721,39.0,30,0.995892345905304,0
34.89073956875584,-0.3748636882930225,1397,8.598359184394594,115.70798301696777,2206.1496568895204,36.8,30,2.523869752883911,0
35.133804722890524,-0.14617028813545535,1257,4.830183985486095,114.65100383758545,725.5689449978634,35.5,20,1.2041196823120117,0
34.80460620886514,0.051163655985952225,1543,4.390860025882165,123.45417833328247,630.3349184163924,38.4,40,5.965378284454346,0
35.23309841082489,-0.06931150530804121,1453,2.495766333378922,124.45808410644531,99.66468194965054,44.0,10,1.4528089761734009,0
34.78222378666938,-0.12964939844500314,1136,1.0368553156654352,97.51497077941895,281.8940403768764,35.8,40,4.5196404457092285,0
35.361383798933694,0.034191843793950884,2024,18.605867793918193,100.90661716461182,1575.8374509685318,42.4,20,3.911022424697876,0
35.22005268511873,-0.13741773910509952,1352,3.617159053582386,162.29397678375244,759.0228208546334,37.7,30,0.9788033366203308,0
35.205013521593706,-0.2338573069592033,1591,6.610383210096148,129.68730449676514,1216.5579979206448,40.4,20,1.3008272647857666,0
35.20454461541315,-0.38553171165438843,1892,3.982921175302633,111.27314281463623,1040.5187281509222,41.1,20,6.3953537940979,0
35.33475188432651,-0.06727406386350757,2037,7.505995171230609,115.12260723114014,1114.2850737517476,40.0,10,0.4817388653755188,0
34.933810918007175,0.08407692502150897,1834,6.024203643181084,147.77320003509521,99.66466725192785,39.9,10,5.068382740020752,0
34.81035610012484,-0.00503616304764965,1234,6.006589140954743,115.11287212371826,99.66472114356715,32.9,20,8.27041244506836,0
35.350215317393044,-0.14418502073375167,1972,15.220589694874265,135.73330307006836,199.32912873561656,41.1,20,1.6967658996582031,0
35.0077067390051,-0.13946581441811498,1173,0.4637367189566381,102.38191223144531,1714.6941691596203,40.1,30,2.566934108734131,0
35.04989027012543,-0.1572223960443952,1219,1.9113689907354594,93.87169170379639,3089.600584142107,36.6,30,1.7608128786087036,0
34.94388217744683,-0.07399072294417758,1179,1.0368533677511813,88.86924982070923,1162.279874992465,34.5,30,2.4666426181793213,0
35.07570268854874,-0.301463871531108,1351,14.849265711526805,108.93474006652832,1268.5162600270937,36.1,10,1.0797626972198486,0
35.24066144145158,-0.21646327402388066,1408,5.917723614488204,129.68730449676514,1059.4468204821267,36.7,30,1.1447571516036987,0
35.35020650660712,-0.08102567436563664,2501,39.78507375556753,145.5918083190918,3119.997746393417,41.3,10,0.1726813167333603,0
35.12875011299504,-0.290166293059607,1545,3.7335538956623875,130.93061923980713,359.3440013804669,40.8,40,1.7896108627319336,0
35.13672919896404,-0.2600568174319393,1428,2.8186059324320323,130.93061923980713,0.0,43.6,10,0.9849297404289246,0
35.28325312316217,-0.02392098675483262,1633,10.890045614380371,107.24820518493652,797.3177299546273,44.4,10,3.2694787979125977,0
35.36849219470782,-0.1734118058023111,1716,7.887866747947905,113.56745433807373,398.6579831133449,40.7,10,3.9141461849212646,0
34.797209545050436,-0.347117075464938,1144,0.0,107.22574234008789,359.3430474925736,41.8,30,13.752842903137207,0
35.01558237509038,-0.12065768909568683,1176,0.46373637173521565,102.38191223144531,99.66461336025942,36.7,30,3.2436506748199463,0
35.24434994038597,-0.03442900412535163,1401,2.317463159790468,120.31810855865479,99.66471134508944,44.2,10,2.507723093032837,0
34.954020916081554,-0.349033675732631,1473,4.267645807299084,112.09769630432129,1904.074601450958,37.2,30,3.4340734481811523,0
34.81166375268979,-0.05944734881904518,1172,0.6558066687708416,98.42325210571289,298.99407524439346,38.9,20,15.319605827331543,0
34.93556974432204,-0.24275172651536342,1140,0.4637395105501096,93.33990859985352,1200.1169152843245,42.8,10,2.796405076980591,0
35.229832450958654,-0.20373078688008486,1356,4.390862610743605,129.68730449676514,630.33309026855,34.0,30,1.4907774925231934,0
35.00774581984158,-0.0727732747112948,1192,1.4661728937035476,98.31086540222168,797.3174164032791,37.4,30,3.987898349761963,0
34.705071507436266,-0.3551454815671703,1157,1.4661746409235703,103.94532775878906,140.945876968342,37.6,20,13.407691955566406,0
35.326720865004205,0.09660630230409553,2360,4.763547481639219,152.49081325531006,3390.0633600216,44.2,10,3.6837568040937185E-4,0
35.163756202157025,-0.34184033501641065,1828,5.108655720675683,108.11863803863525,1195.9662476947249,39.4,10,8.25000286102295,0
34.842690806446655,-0.12578210036573972,1144,0.463735342881014,91.27813529968262,797.3168284941689,45.0,30,2.43904709815979,0
35.28586221520804,-0.19667349724212307,1438,5.003425843104117,108.18236494064331,697.6510246164894,38.7,40,3.8333547115325928,0
34.743540650182986,0.006057678697709949,1534,3.275602314508007,103.89941215515137,996.6471624432842,43.6,10,18.595510482788086,0
35.24610083461188,-0.3952672700475402,1918,4.763632303898744,111.27314281463623,638.1581881061113,39.7,10,4.489051342010498,0
35.3963434113578,-0.14860787028973915,1944,11.15002477301291,135.73330307006836,940.2335273417449,42.4,40,3.522615909576416,0
35.08921009919053,0.02568542480526888,1717,14.148495449615945,112.8200478553772,704.7359670139768,43.5,10,3.607753038406372,0
34.83340136646463,-0.1688039786719064,1139,0.6558079088670004,90.85835933685303,996.6451047608422,49.2,40,7.280400276184082,0
35.04467002852655,-0.1303697945162421,1178,0.9274123491742595,102.38191223144531,821.8552944405725,38.2,30,2.139927387237549,0
35.2091715521605,0.07202128329412297,1982,7.058027686952607,131.724956035614,704.735724513984,36.5,20,2.425802230834961,0
35.33209453634312,-0.2273097601159969,1573,7.393156840788764,98.85570621490479,1409.4665297329695,41.5,20,1.1626386642456055,0
34.94414171707992,-0.015016518084556509,1838,5.272577939608347,103.33967447280884,1451.140172685344,40.1,10,5.061703205108643,0
34.94444475230719,-0.25693786698493043,1141,1.911363344436737,112.00077390670776,1127.5720597815468,42.1,40,1.9325873851776123,0
34.81522060489888,-0.06481925272629593,1166,0.927410536090286,98.42325210571289,99.66468684889097,38.6,10,8.793586730957031,0
34.70754380119817,-0.09632232455477688,1135,2.36330614083667,107.31008577346802,597.9878859297653,37.8,80,5.914259433746338,0
35.07192264214415,0.0826869594597025,1936,8.730751036608561,126.4190559387207,2736.698121353884,38.8,10,4.461098670959473,0
35.253797607849364,-0.3050280581746571,1831,5.717239864270512,117.83059692382812,298.99209104558685,42.4,20,6.8688530921936035,0
34.9679838071643,-0.023622863412946178,1357,6.481191791062746,112.8185510635376,99.66471624432842,39.4,10,1.265370488166809,0
35.29029928258243,-0.28364973438804963,1853,5.623581025296849,113.28399467468262,1398.8526325170924,43.2,20,5.10873556137085,0
34.89005533655183,-0.3388526655239117,1218,1.3909630807829783,105.01800727844238,718.6863776189166,41.6,30,3.4071381092071533,0
34.890577820228394,-0.003471208368349525,1761,3.1078476090156943,111.56751441955566,2391.9533074456117,43.4,20,1.0483484268188477,0
34.72242157965535,-0.3905668892320038,1305,6.0768682049081075,103.94532775878906,3244.811543545326,39.3,20,2.523928642272949,0
35.392521742570835,0.08781499903885433,2274,9.889975460990795,147.08410167694092,1195.9759482322377,43.2,10,2.349590795347467E-4,0
35.15011381271818,-0.022813529295765616,1408,25.307217428721717,144.83207511901855,1395.3060274205977,41.7,20,1.2178945541381836,0
35.159313243309754,-0.13497685783232857,1267,3.1078545079492743,132.58636569976807,0.0,36.6,10,5.3527445793151855,0
35.191312405212535,-0.02650640837165845,1333,1.9667326870801711,118.15802955627441,99.66471134508944,41.0,10,3.437431812286377,0
35.17386872619272,-0.3985798453982935,1790,7.672207795990696,108.3173656463623,298.99063595809315,40.5,10,7.866662502288818,0
35.16674468024991,-0.3264546392669259,1817,6.16334796723625,108.11863803863525,498.319661815147,43.9,10,3.6340065002441406,0
35.06833137554719,-0.24305695640132996,1310,3.3722466669167317,108.0540189743042,1853.8628658535197,33.4,30,0.8001742959022522,0
35.38349120463859,0.07056774658391297,2193,9.473085158948187,147.08410167694092,315.16739723716665,43.7,10,0.001191376824863255,0
34.9203664428873,-0.2763755131759481,1137,1.0368628340270183,112.00077390670776,821.8516988141778,41.6,10,1.1297599077224731,0
35.157176392309545,-0.18396496679251972,1281,1.0368542576666264,129.8203649520874,422.8405409216044,36.7,30,0.6087607741355896,0
34.894133210416385,-0.1865789559142313,1148,1.036854290102592,85.5480785369873,845.6809987001599,47.4,10,4.562132358551025,0
35.316147439881,-0.29075023568537045,2073,5.717232857374824,107.16136646270752,1550.4094481882037,40.0,10,6.569443225860596,0
35.34647377888969,-0.04003180430174774,2145,2.7802891967466588,124.21498966217041,3382.7323090957107,39.9,20,1.7229470014572144,0
35.163890159569306,0.050034394585547384,2042,1.390963080774087,131.86794662475586,1395.3058216525508,40.0,30,2.2199621200561523,0
35.053052547761276,-0.36966753803392327,1733,2.317493561277297,114.7891492843628,1965.6756541565421,44.9,20,4.101068496704102,0
35.35269984746285,-0.02192883571010458,2071,11.223083198282254,134.72788524627686,1481.6225233701778,38.0,10,2.0644798278808594,0
34.94268049067662,-0.12245758372958014,1159,0.6558072391612344,99.18256187438965,2424.944583774029,38.7,10,5.127985000610352,0
35.09153214167852,-0.006059584763141621,1384,26.711072569114283,104.0775842666626,1195.976594931941,37.7,20,1.068477988243103,0
34.856612443544606,-0.0180175020157196,1764,31.311363101987,111.56751441955566,2869.5823991493626,42.4,20,0.9068638682365417,0
35.140439548214026,0.0031542174473238194,1353,2.363306014785322,113.46054029464722,99.66472114356715,40.2,30,1.0536704063415527,0
34.95499915541851,-0.2339615931704489,1151,3.275629033969722,99.08784103393555,606.2343578845457,43.3,30,3.0854203701019287,0
35.28270389790803,-0.13136199456345707,1557,1.6715850054903065,122.74016284942627,99.66458886403686,42.3,10,3.3660733699798584,0
35.294482617848416,-0.3086972415682855,2126,12.618523657726637,117.83059692382812,4091.0834122916785,35.9,10,4.739698886871338,0
34.88342341475463,0.09347080429528498,1748,7.505998265879825,134.11306190490723,445.71387613019186,40.8,10,3.4418320655822754,0
35.34245803649813,-0.06279848578922907,2114,19.67703752060683,115.12260723114014,2111.8569555680733,39.4,10,0.3018468916416168,0
35.03478142467612,-0.27961017996102133,1235,0.9274099368670311,94.70985174179077,597.984858190406,35.0,20,1.5143789052963257,0
34.70878446143587,-0.362837133049981,1173,2.3175090351723426,103.94532775878906,1026.101119681925,39.1,30,5.197667598724365,0
35.090828474296686,-0.13969795238304106,1208,0.6558074644551899,102.59629154205322,1471.5298029389348,35.7,30,2.795581340789795,0
34.895237373649245,-0.10635973742953717,1149,0.9274099368670311,82.33929634094238,0.0,35.1,20,1.5953322649002075,0
35.04420340756223,-0.3342618611965983,1457,10.467206890831397,109.07925319671631,2998.210616253312,46.4,30,1.7860686779022217,0
35.201869150292865,-0.2229548474229916,1505,8.849330661420675,129.68730449676514,638.1632074139617,38.9,10,1.098836898803711,0
34.926931922323334,0.06348223072019732,1876,7.292819222464428,147.77320003509521,2044.9484022276547,34.6,10,7.043025016784668,0
35.29465473932529,0.014026850623136678,1628,8.48839138867633,89.18272972106934,1200.1221068245775,43.3,10,1.9571735858917236,0
34.766041921710105,-0.1401406937645896,1135,1.0368538197735069,97.51497077941895,778.4052080817227,40.1,90,1.5657240152359009,0
34.82581234033055,-0.3435897650207571,1168,1.8543674653978965,116.1425199508667,2114.189505608473,42.7,30,4.0681915283203125,0
35.365918311561344,0.0030233690979490644,1872,16.75757033580599,100.90661716461182,1295.6413748663729,37.7,10,6.042965888977051,0
34.93440645003264,0.0909061219345138,1836,9.657188495146547,147.77320003509521,315.16731977336264,40.9,10,5.629917621612549,0
35.02849295872912,-0.1476935821241768,1191,0.46373688818193864,102.38191223144531,1763.246052484327,39.6,40,2.888399124145508,0
35.15502184685736,-0.19593747769827835,1317,2.7020767278626887,129.8203649520874,845.6807492709645,34.8,30,0.9208853840827942,0
35.11326032223464,0.0843345698997075,1945,12.417126375458244,135.17668628692627,298.99400175578353,36.1,10,2.489258050918579,0
35.256814718771075,0.052522236166800004,2038,32.03829961654299,133.68057441711426,1073.4216337983178,42.8,20,2.3825039863586426,0
35.38242408550824,-0.2794377246543953,2045,6.937600877588918,112.93021297454834,1195.969716380812,39.1,30,5.85972785949707,0
34.91271831885516,-0.26419652195729343,1135,1.3909630807829783,112.00077390670776,422.83939770319415,44.5,10,0.8372350335121155,0
35.33242438225545,-0.19024637817745327,1666,8.790270612790682,106.76100826263428,498.32225842539634,41.2,10,1.309726357460022,0
34.99548390329635,-0.2968765363495294,1213,2.3633364668354613,101.53885078430176,1494.961043140527,38.1,40,2.8214595317840576,0
34.85114719616528,0.052282791153597914,1616,5.917708166200992,134.11306190490723,638.1654347191741,45.9,30,7.391929626464844,0
35.364397244508226,-0.3331466417101131,2114,6.4156369494739085,119.22164916992188,797.311223738886,40.0,20,2.4191620349884033,0
35.27386397870858,-0.32755852767859794,2034,5.411859918452698,117.83059692382812,2239.668214476756,34.0,10,7.3536696434021,0
35.00880870166939,-0.33033806906807983,1276,3.372270347493617,109.07925319671631,199.32782553183588,34.2,20,3.7666244506835938,0
35.35213435348589,-0.034225889793748486,2133,7.6720790502100575,134.72788524627686,2537.049356536053,38.8,10,2.985700845718384,0
35.01205816089302,-0.2208261796087766,1168,1.0368547327299937,100.98622608184814,1409.466876162757,36.8,30,1.1804262399673462,0
35.15363813181992,-0.22257425674658446,1375,0.9274099368670311,134.27558517456055,851.5326112873995,33.9,30,2.2124431133270264,0
35.20276597408382,-0.09232171903132814,1414,9.689295986817344,124.45808410644531,1691.3653231191656,41.7,10,3.256110191345215,0
35.12526894298981,-0.30046765257510105,1548,10.106922342614345,116.53495216369629,1518.0375823946192,41.7,10,1.4632115364074707,0
34.95407219313535,-0.24759745534987776,1146,0.6558095471044862,99.08784103393555,445.71214523080926,44.1,30,4.279979228973389,0
35.22248942751335,-0.3585411751377087,1946,1.466197721202078,111.27314281463623,498.3188289372954,38.9,10,5.1484375,0
35.20384995802039,-0.06503158738054311,1366,1.311441616479533,124.45808410644531,422.8414554941071,42.1,30,2.86650013923645,0
34.88021508327686,-0.045460462955163025,1194,1.4661722349474822,111.56751441955566,2176.7099380250174,38.4,30,0.6508254408836365,0
35.201832277490055,-0.06982907221068166,1368,1.4661719336960084,124.45808410644531,668.5710113859446,42.9,30,2.46972918510437,0
35.11591741026477,0.014365775580810541,1420,4.627367505919335,113.46054029464722,1409.4719340279537,42.9,30,2.1387438774108887,0
34.87714030615577,-0.061366802192179486,1170,1.0368536685452594,93.84386920928955,797.3175339850492,35.9,30,0.4959724545478821,0
34.922327322584565,7.362424424454109E-4,1786,5.71716406071408,138.7496542930603,1426.98164365493,40.9,10,4.645236968994141,0
34.866628059562956,-0.12955503358047868,1146,1.4661751989463403,82.33929634094238,536.7102628513824,40.0,20,2.711407423019409,0
34.791861073459415,-0.11368225575165931,1142,1.0368536012883098,97.51497077941895,140.9470617599033,34.9,30,25.998477935791016,0
34.72097245438578,-0.03144713142869325,1447,7.292819535099966,124.56930828094482,1832.313424164927,46.8,10,7.407425880432129,0
35.17118456710186,-0.3109976877203454,1871,2.3174627380815918,108.11863803863525,2192.608128747588,41.3,10,6.311079978942871,0
35.0130739486833,-0.24081562615026225,1178,0.9274181565967419,100.98622608184814,199.32858001927372,37.2,10,1.733764410018921,0
35.320677443742056,0.04830678523039621,2013,12.417118224526677,120.95885181427002,1409.4717261708374,40.9,20,2.6527934074401855,0
34.88206538588999,-0.0787475183101188,1167,1.6715847301065847,93.84386920928955,1096.3113936628588,37.6,20,1.500481367111206,0
35.234586601483535,-0.21941798514389121,1504,10.814530388429569,129.68730449676514,1714.6905446938524,37.6,10,1.5142040252685547,0
34.849216694788126,-0.3961098515998257,1408,6.282458000401945,115.06833744049072,199.32712983309622,43.9,20,2.8203437328338623,0
35.205743457955855,-0.34031486855359644,1930,7.506063922213691,132.63745498657227,1643.6985495750125,40.6,10,5.680903434753418,0
35.39989596435851,-0.28364181603621913,2157,17.653422425202653,122.54353332519531,2206.159417403919,41.8,40,1.238690972328186,0
35.098302551889574,-0.22794593928706142,1423,5.585731097451415,108.0540189743042,2585.5164277649033,41.3,20,0.481061190366745,0
35.242719975662006,-0.03737569230913811,1406,4.718597674842272,120.31810855865479,140.94717954565462,42.3,10,1.637608289718628,0
35.3873561830923,-0.19816059288833826,1697,7.292847879556907,113.56745433807373,918.860617277928,41.0,20,2.2986457347869873,0
35.10506077427435,0.09940882056483841,2004,1.0368544403037578,135.17668628692627,1100.8320139998089,35.7,20,4.425081729888916,0
34.97037550513977,-0.12860287791414537,1165,1.0368552975392686,107.48606014251709,222.8568175596441,38.1,10,5.769376277923584,0
34.956906593229924,0.0824323757506783,1893,7.603344828239427,146.29144191741943,1832.3126135220143,36.4,10,0.7573734521865845,0
34.91806243426371,-0.30937565845191456,1151,3.2756032684041063,105.78975296020508,99.66401075143675,41.6,30,2.084789991378784,0
34.75473445802414,-0.020546590224751537,1461,14.0005916411865,109.24514961242676,2151.4655329456536,47.7,20,7.957565784454346,0
35.208601989522386,-0.1594672957192657,1293,1.390963080774087,102.35875844955444,99.66453007307815,40.4,10,8.006190299987793,0
35.056861469441706,-0.20196356932765444,1248,10.584335747624554,108.0540189743042,797.315339122483,30.5,30,1.189067006111145,0
35.25233419054286,-0.045258508958985755,1487,5.566653317628676,107.24820518493652,445.7140952309002,44.1,30,1.4462707042694092,0
35.08056947375378,-0.17793812480680932,1235,1.466172536601952,100.60427951812744,298.9934579395091,32.0,40,3.6486568450927734,0
35.09844536250542,-0.0181562035964396,1263,2.3633060159627646,104.0775842666626,398.65886497731367,38.0,10,1.027426838874817,0
35.09011688730486,0.09899176651508956,1950,11.085661785104877,126.4190559387207,2451.426198210633,38.2,10,3.3147826194763184,0
34.864760310559674,-0.052918559359448995,1169,0.6558066283880282,93.84386920928955,896.9822698263397,34.9,10,0.4523187577724457,0
34.87481967089592,-0.003106573952211545,1761,13.277494671990013,111.56751441955566,2081.060473727878,39.3,20,1.016083836555481,0
35.37929755802728,0.04852753493867862,2258,8.682848748202435,100.90661716461182,2130.587970399104,41.9,20,8.040670654736459E-4,0
35.19051438240702,-0.1409121866496102,1308,0.655807480004923,132.58636569976807,945.5011691888594,37.8,30,2.190227508544922,0
35.394182996681,-0.0582954989394235,2250,12.45769635123959,145.5918083190918,1471.5315390138603,38.5,10,0.26870280504226685,0
35.2179953966286,-0.003543380925615653,1436,3.275602314218777,120.31810855865479,597.9883268614029,40.4,30,1.433416485786438,0
34.748811950968566,-0.38739979953941056,1299,4.718700860046472,103.94532775878906,1985.7833415285234,35.3,20,2.845590353012085,0
34.78686031213321,-0.12812088722818377,1138,0.655807308603502,97.51497077941895,0.0,37.1,50,7.7355828285217285,0
35.12408660749699,-0.2837681431644698,1500,4.627387806061753,130.93061923980713,704.7317752166423,40.7,30,1.8130896091461182,0
35.029449763108694,0.012712433694328158,1925,6.922303306176351,108.59018850326538,2352.1717634736656,36.6,30,2.554762125015259,0
35.115233141448456,0.026232759863991328,1556,38.920329157457616,113.46054029464722,99.66471134508944,44.8,10,1.5965899229049683,0
35.16931084433867,-0.20107578091092027,1311,2.0730378945762045,134.27558517456055,140.9467776879805,37.7,30,2.590273141860962,0
35.03873046378494,-0.3807287240307236,1836,5.170771096031926,119.38974857330322,2194.8641746397857,40.4,30,4.58116340637207,0
34.73326331229578,0.02384691646567727,1526,7.435644472035736,103.89941215515137,1001.6180020698073,40.0,10,10.33821964263916,0
34.78115448557985,-0.1450021282720231,1135,1.8543401142135763,97.51497077941895,902.5010149751911,39.1,30,2.8305649757385254,0
35.24469136164771,-0.12509423048803148,1545,9.657188519255502,162.29397678375244,1594.6336569883379,40.6,20,1.356319785118103,0
35.13486244062574,-0.24300841143973448,1411,4.763578459401878,121.1725721359253,1622.4170171503572,43.3,10,1.0198642015457153,0
35.07913108431538,-0.025153275942735746,1281,2.317462821865744,104.0775842666626,222.8570804805459,37.2,10,1.09095299243927,0
35.13530579770226,-0.26275166818733775,1453,9.763785758614985,130.93061923980713,298.9926201665561,40.6,20,0.9489318132400513,0
35.38419650292332,-0.2941921308752793,2131,10.065939049968467,112.93021297454834,1935.1263845091455,41.1,10,1.5500643253326416,0
34.89623687001153,-0.23030929164181535,1142,1.9667405104788216,95.0595383644104,422.8399381341005,49.5,30,7.1137566566467285,0
35.101358868790776,-0.28519453915763143,1365,3.982878220793425,130.93061923980713,918.8577716339931,33.1,10,0.692149817943573,0
35.23729723959794,-0.11195626902557992,1456,3.275605425643493,162.29397678375244,918.8624692001994,41.4,10,2.4936769008636475,0
35.17936170588205,0.06200112601972986,1781,6.464864445536389,129.1945743560791,199.3293834962623,40.0,20,4.8669352531433105,0
35.03723615521895,-0.11448332564502316,1177,2.3174673673114357,102.38191223144531,140.9470617599033,36.5,10,3.3882861137390137,0
35.25379050969457,-0.2442532840134811,1449,8.682902341408312,98.5356035232544,199.32856042223352,40.0,30,2.123277425765991,0
35.078083393257025,0.09810964620807469,1948,3.242756217116618,126.4190559387207,3294.9681178216188,38.5,10,2.1547088623046875,0
34.95168733646388,-0.09142372710582976,1170,0.9274099368670311,94.65282535552979,422.8413307797914,36.1,30,2.2394371032714844,0
34.997318736895615,-0.2643560560579835,1176,0.6558099874098203,101.53885078430176,0.0,40.6,30,1.8342417478561401,0
35.267026337330805,-0.13141198232035442,1485,6.481191874506431,122.74016284942627,1355.5849661994403,45.6,40,2.4880170822143555,0
35.12706776495222,0.003515640942164254,1361,4.19189839954969,113.46054029464722,1026.1111069987744,38.7,10,1.9270530939102173,0
35.17594214154491,-0.24955094816466403,1580,11.711853422587131,134.27558517456055,606.234030073164,44.2,20,2.393103837966919,0
35.330765921979214,-0.3429450046920956,2075,1.671604360597013,120.11456489562988,718.6862716312661,39.9,20,4.06632661819458,0
35.3007043524057,-0.20799341098621332,1523,21.10080688881147,98.85570621490479,359.34509658196254,39.8,20,1.1687480211257935,0
35.18624556747046,-0.030393382746620984,1325,0.6558065368409727,118.15802955627441,298.9941340352683,41.2,10,1.6895357370376587,0
34.73293049192471,0.01873330114496987,1512,5.170748665098135,103.89941215515137,410.9281522225783,43.7,30,10.521522521972656,0
34.75045004348395,-0.046960994549154776,1403,3.340327344528038,109.24514961242676,3788.569809462652,42.4,10,5.661129474639893,0
34.77035246114563,-0.14756232430309196,1134,0.655807584099511,97.51497077941895,99.66455946856185,41.3,10,1.264032244682312,0
35.02385415098836,5.610308988391837E-4,1933,6.1632538319528,108.59018850326538,2054.6408621132855,37.8,40,2.3866031169891357,0
35.19585199240236,-0.23887792986040976,1534,15.82281418142973,134.27558517456055,1481.6163326014093,41.1,10,1.2297173738479614,0
35.12568006049704,-0.12436656016467265,1227,0.4637353428839794,114.65100383758545,1059.4492682300202,37.1,30,3.0221402645111084,0
34.70428239054762,0.057940842977730764,1604,4.982099132659902,98.9084358215332,1212.4733051185085,44.7,10,13.778806686401367,0
35.167178755980984,-0.33436893702528914,1781,22.068784806589804,108.11863803863525,398.65557267521046,41.1,10,5.394735336303711,0
34.99000149291329,-0.36208230794357854,1498,12.618748111808145,128.00864696502686,697.6462576272089,45.8,10,5.62067985534668,0
35.28693514011085,-0.15175859554220972,1533,6.163254909170915,108.18236494064331,222.85670800917683,43.5,10,6.331093788146973,0
35.34662116226915,-0.12023747624440949,2009,4.2676177826011985,106.57208347320557,1508.199274227796,39.5,10,6.646887302398682,0
35.2997051556952,-0.25388329466633136,1642,8.339474402518686,113.28399467468262,1195.9708922043212,42.1,20,1.8795528411865234,0
35.26216706475413,-0.33340563147428054,2012,6.61042963790853,117.83059692382812,1985.7891009660682,35.4,20,6.633570671081543,0
34.87525379935957,-0.19947932641120403,1139,0.6558084807045633,85.5480785369873,2587.438893073733,48.9,30,4.906848907470703,0
35.323485521099514,-0.23463805872444513,1693,4.366503204899018,98.85570621490479,1276.3259128990132,41.0,40,1.1655280590057373,0
34.83132016376628,-0.16804159696315285,1139,0.9274139453207265,90.85835933685303,996.6451047608422,48.1,40,7.1192474365234375,0
34.72142705561921,-0.01837864312866497,1466,6.02420382637258,124.56930828094482,1001.6180020698073,45.2,10,7.38930082321167,0
35.18805539732214,-0.3391994205970881,1907,4.718676707241963,108.11863803863525,1340.8402201954377,43.1,10,5.4500555992126465,0
35.089365191611215,-0.06970708114393023,1217,0.4637353428839794,107.6114559173584,597.9880916979032,39.1,30,0.31891193985939026,0
35.29430209342012,-0.07893016705147826,1861,12.839846832407636,117.07273387908936,597.9880329070139,40.8,10,3.017941474914551,0
35.21300059113655,-0.36710148409383464,1904,3.704791833694711,111.27314281463623,638.159223341587,38.5,10,5.522602558135986,0
35.164704015447505,-0.29504158052088447,1697,3.818527246603819,130.96662139892578,851.5302253058167,43.6,40,2.6892611980438232,0
35.18401328774307,0.05058949269646065,1843,14.689382836689658,129.1945743560791,563.788690468335,42.0,20,1.4595390558242798,0
34.8758236373226,-0.04975387931202657,1182,0.463735342881014,111.56751441955566,1556.8124059075003,38.7,30,0.35749393701553345,0
34.96195308742886,-0.22062708288025673,1144,1.4661816103078325,99.08784103393555,0.0,43.2,30,3.381054162979126,0
35.053616846158434,-0.32438915852477196,1426,9.307517273026187,108.93474006652832,1917.0742045782615,46.7,20,1.5225727558135986,0
34.95395771037746,-0.25286960746706943,1142,0.9274189708513885,101.53885078430176,704.7326412925154,43.7,40,2.5440258979797363,0
34.81927140686363,0.026303200687799698,1647,6.814801376460353,124.67988348007202,1340.8515571969554,43.1,10,8.12911605834961,0
35.097281778909604,-0.32658914114368937,1504,5.790986481935214,108.93474006652832,896.9753912672646,42.5,40,1.531031847000122,0
34.80487573664432,-0.1757059055403768,1138,0.4637353428839794,90.85835933685303,1248.7924913785466,41.7,30,1.935182809829712,0
34.74401646697402,-0.00922715616096915,1522,1.4661718276574218,124.56930828094482,2239.6859401156144,44.2,10,15.479401588439941,0
35.12602748844285,-0.3150507783977456,1586,9.07006131961908,116.53495216369629,2311.6889202620882,44.6,40,1.7309850454330444,0
34.87005735437667,-0.1668618101284603,1142,0.4637373080378385,85.5480785369873,3037.7247267691987,48.4,50,4.804157257080078,0
35.3791700886974,-0.20996472829292845,1654,22.132272664310285,105.94207859039307,99.66439289403965,40.9,20,2.3666152954101562,0
34.956442766867085,-0.39903755697191734,1585,12.465835958886972,128.00864696502686,2876.463129224684,44.0,10,4.627671718597412,0
34.88474703871941,-0.2491365267774205,1140,0.6558095884094207,95.0595383644104,563.7861961772388,48.8,20,7.331403732299805,0
35.31309674473707,0.02700936857173895,1669,10.024789523524971,120.95885181427002,99.66471134508944,42.8,20,3.449963331222534,0
35.15625612198802,-0.022625176208884993,1345,11.91808348881264,118.15802955627441,1268.5247406251583,42.1,30,1.2472550868988037,0
34.83066525082003,-0.018157981365307517,1645,14.148495227042597,115.11287212371826,2212.915823609839,46.4,10,1.4224803447723389,0
34.86684746695262,-0.1443889084328621,1150,0.0,82.33929634094238,1481.6202655633883,44.7,20,3.5610263347625732,0
34.79363897006253,0.04129792426423241,1555,3.527318042471228,118.319899559021,1078.0386283337382,41.9,20,8.089325904846191,0
35.16806103414407,-0.0785521421748802,1305,1.9113638969661524,119.70459175109863,1594.6347544187038,38.0,30,1.3960187435150146,0
35.22832008193877,-0.025938492377816574,1459,4.982097358165833,120.31810855865479,1114.2854024027295,39.6,40,1.0354825258255005,0
35.11124692527792,-0.04046408889352908,1228,2.966766014917031,144.83207511901855,140.94717954565462,37.3,30,0.22588355839252472,0
34.7325881682592,-0.00366588959396368,1487,5.623579190330462,124.56930828094482,2095.330769868149,44.8,10,12.009674072265625,0
35.07138231517489,-0.13748108219146257,1208,0.4637366863029608,102.59629154205322,918.8620175121847,38.5,10,2.012662649154663,0
35.188187907827924,-0.18121757200008265,1317,4.140658537923599,129.8203649520874,1818.7060239528817,34.6,10,2.017568349838257,0
35.191694140447346,-0.3080057507911718,1962,5.881809471337097,108.11863803863525,2943.0432577839388,40.4,10,4.720931529998779,0
35.228877976373255,-0.2951342717582016,1846,8.93133850855712,140.4625997543335,222.85564536684953,43.3,10,4.893421649932861,0
35.16585273161925,-0.02792019026337659,1307,2.9667657021361724,118.15802955627441,298.9941340352683,36.5,30,1.672088384628296,0
35.253135462961296,0.05208813016077112,1963,29.164462066908868,133.68057441711426,1200.1219298406204,43.0,20,2.378063440322876,0
35.131929982477125,-0.14355857783893675,1232,0.9274099368670311,114.65100383758545,704.734927727706,39.3,30,1.2343156337738037,0
35.27828909115419,-0.1378041866990066,1527,3.7335422665079294,122.74016284942627,0.0,43.5,30,2.5466790199279785,0
35.378994889749464,-0.18750919104994473,1634,1.0368576287105749,113.56745433807373,0.0,39.1,10,2.4185121059417725,0
35.17472268132373,-0.32573496919011985,1798,22.619705124712475,108.11863803863525,597.9836235738401,45.2,10,6.484313011169434,0
35.01078351602263,0.04533135409856446,1868,6.415611173287421,108.59018850326538,422.8415178512512,32.6,20,3.058568239212036,0
35.24010732093825,-0.2611951145736636,1833,36.2141613881242,140.4625997543335,797.3137321657015,42.3,20,2.040252447128296,0
34.78044884614169,-0.34746352130346625,1144,0.6558125171184648,107.22574234008789,1040.5209276036933,41.3,30,3.7169620990753174,0
35.176019728397755,-0.39377402406725814,1795,4.581113005670836,108.3173656463623,99.66357471513852,40.9,10,7.570706367492676,0
34.79103161060674,0.027542376330901435,1481,4.26761267947096,118.319899559021,845.6831188453509,40.7,20,8.480708122253418,0
34.81900547399711,-0.08636672295424885,1158,1.4661733393904792,98.42325210571289,508.1920581519845,38.0,30,3.1956465244293213,0
35.12143382140001,0.0029110733259635887,1360,3.8184797123692653,113.46054029464722,1575.8376058960675,40.3,30,2.0175468921661377,0
35.090648108044235,-0.15208369166265978,1257,4.627383795867228,100.60427951812744,2461.5327950632454,30.6,10,3.050791025161743,0
35.09429761100903,-0.18734239325047528,1256,2.3633064966729256,100.60427951812744,99.6644614835825,34.1,20,1.8060739040374756,0
34.83940911997332,-0.15115034716921835,1145,1.6715876752656498,90.85835933685303,797.3163973605459,45.6,30,6.030130863189697,0
35.211751997659135,-0.0450087091719813,1481,22.285866122193095,120.31810855865479,1268.5245535537535,45.4,30,1.3403090238571167,0
34.99953623711986,-0.272023612550412,1185,1.0368625263546372,101.53885078430176,359.34428401343047,38.8,40,2.45719575881958,0
35.376861092537325,-8.813122669029077E-4,1975,22.426370085137616,134.72788524627686,1575.8376058960675,39.9,10,4.795471668243408,0
35.174309265039945,0.08737798370347459,2042,9.161195094058625,129.1945743560791,1766.0623164171614,37.9,10,11.304061889648438,0
35.05447715725673,-0.39255060581118195,1765,2.3174823345951263,114.7891492843628,3184.5593906685604,47.0,20,6.663225173950195,0
35.056389576951545,-0.1021264159171029,1194,1.0368535219841384,102.59629154205322,281.89417894841324,34.7,30,3.6496431827545166,0
34.98706590448952,-0.15224223817068178,1173,0.6558076507458702,92.81751441955566,1763.245879131279,43.7,30,5.1603102684021,0
34.88575664805623,-0.12820057444525648,1148,0.655807308603502,82.33929634094238,2377.371518487185,40.5,30,2.1522281169891357,0
35.02042313296693,-0.16026977292534952,1179,1.466176977376244,93.87169170379639,445.71332837794967,42.4,40,2.014444351196289,0
34.70881545275647,-0.3855326732071499,1325,8.451448066680673,103.94532775878906,3523.6410348640975,39.1,20,4.626157760620117,0
35.13111296758249,-0.345408913223722,1653,6.922347965248007,116.53495216369629,597.9830356602936,42.9,20,3.4203596115112305,0
34.79971998870362,-0.32343447573783946,1141,0.4637353428839794,107.22574234008789,1594.623074585339,47.0,30,2.8480169773101807,0
35.38258100639844,-0.1434121509149643,1950,23.021168652592305,135.73330307006836,99.66456926705447,37.9,40,3.5191197395324707,0
34.924220310450366,-0.38876672380085825,1480,6.432197738121361,119.45838165283203,1204.2399103661821,42.5,10,5.309737205505371,0
34.895601983220715,-0.3585184281013067,1367,5.170829231753409,115.70798301696777,2493.586623329311,34.0,20,2.042289972305298,0
35.15172665612665,0.06148349694984361,1999,6.861089608600947,129.1945743560791,2998.234640089273,36.8,10,9.325085639953613,0
35.06863405715684,-0.06843254574001253,1192,1.6715840123974477,107.6114559173584,0.0,39.2,30,0.3973890244960785,0
35.00784372047721,0.07671873665694516,2053,1.4661730192611995,129.44190740585327,3501.0542767612337,37.6,10,0.1544889211654663,0
34.71862216377392,-0.10114176369046217,1141,1.6715844479592479,114.29664707183838,1216.5620047199095,35.9,10,10.42761516571045,0
35.11326622454041,-0.08523976864979046,1238,0.4637353428839794,116.33408260345459,2475.6189770107876,39.4,30,0.38391798734664917,0
35.313044719047504,-0.1579429294727992,1663,17.475613107776056,106.76100826263428,508.191408637041,41.8,20,2.9986214637756348,0
35.28418906826981,0.015913771251084743,1884,24.859948622702344,89.18272972106934,1796.7312238674745,41.7,10,1.906396508216858,0
34.85161620843642,0.0443201079621964,1580,9.161185758282535,131.36324834823608,99.66470644585023,46.8,20,8.008737564086914,0
35.35548016993798,-0.2552261349101989,1810,23.140551749017174,112.93021297454834,498.32118058882213,45.3,20,2.1912014484405518,0
35.325013081405814,-0.09890120731303156,2259,27.203629413676396,115.12260723114014,3190.825605073425,38.5,20,1.748154878616333,0
34.768289480677375,5.848780661005888E-4,1364,21.73518257172837,118.319899559021,222.85709143557673,35.7,20,4.924776554107666,0
34.97939047679336,-0.038583120976031414,1258,2.495766155119517,112.8185510635376,199.32941289170046,36.3,40,0.5829101204872131,0
35.303279915442424,0.015550428137648509,1679,13.397412356902656,120.95885181427002,797.3177299546273,44.2,20,4.043118000030518,0
35.00626060394404,-0.0572050733197584,1205,1.3114415150245982,98.31086540222168,0.0,35.7,30,3.0696756839752197,0
35.274740429308785,-0.3226211466044548,2011,5.272629758310106,117.83059692382812,2111.841175927714,35.0,10,5.751694202423096,0
35.34352188075182,0.09653089041039585,2517,11.659580861385738,152.49081325531006,3805.5716028751026,43.5,10,1.0679499973775819E-4,0
35.024998958241476,0.02801899349878413,1906,2.966765699376998,108.59018850326538,1355.5866321218648,40.1,10,4.186766624450684,0
35.32645435889976,0.09678307313028876,2360,4.763547481639219,152.49081325531006,3390.0633600216,44.2,10,3.6837568040937185E-4,0
35.120748211189124,-0.13060183796646246,1209,1.911366887616847,114.65100383758545,222.85680660459983,38.8,30,3.2923569679260254,0
34.75685025633376,-0.38508936876174144,1350,7.29296547524521,110.90058755874634,2185.7939119209354,33.9,30,3.8347883224487305,0
35.04293691278933,0.02855922339819742,1939,11.150022007854105,108.59018850326538,2192.623649591968,39.1,20,6.328472137451172,0
34.75703064272668,0.042759611975672976,1589,8.84927970347411,118.319899559021,1547.2123139168514,41.2,10,8.417943000793457,0
35.133660020665296,-0.06403604701354974,1239,1.4661726491944433,116.33408260345459,0.0,39.2,10,0.3340938687324524,0
35.13451509314614,-0.3321641034057037,1645,5.623581709292206,116.53495216369629,410.9247989957378,41.1,20,4.179103851318359,0
34.88856273425605,-0.10491419720339056,1149,1.3114422848629714,82.33929634094238,199.3292757129519,36.2,50,1.4408149719238281,0
34.83878744738324,0.04726105652636147,1731,11.011589430171519,124.67988348007202,1276.330932179229,43.8,20,7.71537971496582,0
34.94209656805005,-0.16541882511401831,1159,0.6558078625119401,81.83048439025879,1649.7412770643766,38.4,30,9.322492599487305,0
35.33253094774746,-0.08515644742986116,2274,25.679204992331794,115.12260723114014,2005.7127383718707,39.2,10,0.17957229912281036,0
34.842798935061,0.015662447218634527,1637,17.865993249599224,124.67988348007202,778.4063177465947,44.9,10,1.7772616147994995,0
35.14291691412608,-0.2978559728068694,1559,17.64291456437352,130.93061923980713,1697.217863611652,39.3,40,2.2471981048583984,0
34.86342633224027,-0.2973980116816991,1137,1.0368644053933447,112.4322338104248,1078.0316861791448,36.6,10,1.8378757238388062,0
35.2204087065818,-0.2474458515202676,1599,2.3633068573907345,129.68730449676514,2585.514648396004,42.3,20,1.1782293319702148,0
35.068136949280095,-0.37752955165777474,1758,2.3174949669384866,114.7891492843628,1494.9549435361337,43.1,10,6.066394805908203,0
35.0043629004143,-0.3729707449004735,1459,5.566654116271624,119.38974857330322,725.5626319019606,41.7,10,5.680303573608398,0
35.299199084574425,0.019283197854369088,1738,22.461301420619332,89.18272972106934,1295.6413111762695,40.6,20,1.6169381141662598,0
34.78980904512798,-0.38525406697557163,1439,7.7266245162281635,110.90058755874634,3442.364827195924,39.7,30,1.3988094329833984,0
35.268478478422416,-0.2761760800303312,1765,2.930456595512806,113.28399467468262,1861.88011784921,44.0,10,4.0820441246032715,0
34.989929610094926,-0.31400903890131715,1228,2.363307374943769,112.09769630432129,398.65596461736277,41.0,30,2.793896198272705,0
34.91862494083914,-0.2208902682696153,1142,0.655808923790985,93.33990859985352,298.99307579775154,49.3,30,3.4865615367889404,0
35.240842519929416,-0.20776711603654618,1402,5.1707812351334255,129.68730449676514,704.7337152251197,36.1,10,1.39577317237854,0
35.061670243478055,-0.10412654112942851,1196,0.9274114489320675,102.59629154205322,315.16725780230564,34.4,30,2.8266096115112305,0
35.344956836898994,-0.2847347293423722,1951,1.6715979679953241,107.16136646270752,359.3440897032919,41.5,20,7.813195705413818,0
34.993146796105776,-0.27537124969713345,1184,2.3174627380815918,101.53885078430176,1127.5712283487903,39.8,30,2.3918042182922363,0
35.25691843834635,0.04621220973476825,1841,12.871112867203388,89.18272972106934,498.3235077330539,43.5,10,2.536229133605957,0
35.28568700122221,-0.008322246800423334,1522,7.834477684815801,107.24820518493652,199.32943248865683,44.0,10,3.2736129760742188,0
35.286614678304204,-0.11122749146139584,1670,8.56186631976487,122.74016284942627,99.66462805799006,45.2,20,3.1686787605285645,0
35.27361875501726,-0.08115623022078546,1936,5.232091835467544,117.07273387908936,1607.0445505647936,42.8,10,2.8787214756011963,0
34.93687351949869,0.07339883109969439,1873,7.220304316886267,147.77320003509521,498.32338525204943,36.4,10,4.402859687805176,0
35.38749136060395,-0.28573155180529297,2043,8.488435463611031,112.93021297454834,1904.0802174828073,38.3,40,2.514538526535034,0
34.877646070941964,-0.1940287599402244,1145,1.0368543903132301,85.5480785369873,2509.486524996822,50.7,30,4.712558269500732,0
35.05015036880633,0.0030083770139022466,1817,12.061829495845377,108.59018850326538,1200.1221658192242,45.1,40,3.379682779312134,0
35.078595139824436,-0.3728934187005738,1725,3.9560183220633096,114.7891492843628,298.99107689444514,45.6,10,5.731680870056152,0
34.82787389828612,-0.17194366694950766,1138,1.6715888450495369,90.85835933685303,597.9870040655147,47.1,30,6.817554473876953,0
34.87783287159082,-0.22097657485737437,1136,1.966739909965456,95.0595383644104,1355.5818342597397,48.1,30,1.817142128944397,0
35.202722174386636,-0.3077927506343491,1987,1.6716002874609142,132.63745498657227,2808.3333298945972,38.3,30,4.882814407348633,0
35.3271432013581,-0.22485610692539687,1535,6.28233887549951,98.85570621490479,857.3451037669283,42.7,20,1.0925281047821045,0
35.39096866052847,-0.15969197704617688,1859,14.961093006164285,113.56745433807373,759.0224477391133,42.0,20,3.372119426727295,0
35.23704909385076,-0.12527885466023922,1477,1.9113624790002768,162.29397678375244,1594.6336569883379,41.5,10,1.094268560409546,0
34.85300628350147,0.09269274631404749,1754,4.830170251566673,134.11306190490723,2410.5664703566695,43.5,10,12.729928970336914,0
35.082423920248665,-0.18661773792519912,1237,1.6715863612602906,100.60427951812744,597.986768901495,33.3,30,1.6783466339111328,0
35.22076981341858,-0.15405184993567397,1324,2.966772084511804,102.35875844955444,704.7347545131786,41.4,30,1.5840760469436646,0
35.15508243032667,-0.3872592180023307,1895,0.9274099368670311,108.3173656463623,2443.283407941747,41.1,20,11.218199729919434,0
35.215303158906984,-0.13908314339976668,1368,7.726629645678989,162.29397678375244,986.6289958189071,36.0,30,1.4114630222320557,0
35.297622707637366,-0.06087690123846664,1922,18.660845225635153,117.07273387908936,638.1654033487322,41.7,20,2.8950023651123047,0
34.900995327147335,-0.3479310377645005,1281,6.861101636344957,105.78975296020508,1782.8406932477171,33.9,30,3.098280191421509,0
35.01374980678852,-0.3867044452295937,1496,5.41186398118227,119.38974857330322,797.3089112759245,44.1,10,29.348920822143555,0
35.03859953442087,-0.3448511452982072,1623,10.457407790580092,109.07925319671631,1763.2333976670352,40.5,20,2.4365830421447754,0
34.78920636998513,0.06282946735403978,1687,10.065881453048522,113.54673433303833,2677.996016438878,40.8,20,10.013815879821777,0
34.923617184093516,-0.39912935322694304,1465,1.4661753797903532,119.45838165283203,298.99062126020357,43.6,30,3.2162065505981445,0
35.123671034218816,-0.25397207556822515,1384,3.818514771001723,130.93061923980713,222.85601783999465,34.6,20,0.8875302076339722,0
34.824768318516185,-0.19421363774262765,1136,0.9274152841423423,90.85835933685303,1162.2771325344486,41.0,30,2.118279457092285,0
35.339175201348326,-0.2711162679053999,1832,12.33559944453877,107.16136646270752,140.9464312580315,44.0,30,5.066985130310059,0
35.09861301792064,-0.013653193793789231,1276,3.107847680170967,104.0775842666626,398.65886497731367,38.1,30,1.0474894046783447,0
35.21085954004276,-0.12392147502240324,1355,1.0368551203525067,162.29397678375244,222.8568394697311,39.2,10,0.7643531560897827,0
34.924307606324525,0.009689855161330902,1824,6.024203683583348,138.7496542930603,1796.7312238674745,41.4,20,4.559171199798584,0
35.21346241241198,-0.3133513807381822,2023,1.8543618046168213,132.63745498657227,2294.437494892539,40.0,10,4.4101715087890625,0
35.286216801469024,-0.04097457563766472,1777,11.011590096370783,107.24820518493652,2707.5069046397416,45.0,20,2.437940835952759,0
34.91183791511345,-0.19613101233519398,1146,0.6558084148130858,81.83048439025879,99.66443208806992,45.1,30,3.8057868480682373,0
34.98944816199359,0.029638020436307092,1808,3.10784768693774,145.6927137374878,697.6529794156261,43.7,10,5.724159240722656,0
35.36322539141044,-0.2958807448547862,1997,9.195145327246017,112.93021297454834,199.3281390854036,40.2,10,8.915495872497559,0
35.3439629095924,-0.006197292507635917,1975,22.461301329241042,124.21498966217041,918.8632822380664,40.6,10,5.020103931427002,0
35.27417123776328,-0.2993044996374966,1909,3.3722221820199145,113.28399467468262,1993.2810968977756,37.5,10,10.707977294921875,0
35.32627753235253,-0.08111864936493658,2290,31.73819405245773,115.12260723114014,1409.471310456513,40.8,10,0.20194993913173676,0
34.990571229632025,0.08331213932373693,2023,7.4356519481636925,146.29144191741943,4444.865385137348,36.3,10,0.162565678358078,0
34.80121198645836,-0.3296524285196603,1143,1.8543341688414132,116.1425199508667,1634.609706199484,43.2,30,4.701962947845459,0
35.22477513924123,-0.34471432807075686,1922,5.1708228629737025,132.63745498657227,918.8552421653192,40.5,10,5.968899726867676,0
35.14289764027655,-0.02672996832982896,1315,11.474761638298324,144.83207511901855,1001.617952833065,37.3,20,1.1041603088378906,0
35.00048397358081,-0.10787028456945096,1174,0.463735342881014,102.38191223144531,1607.0439185815674,35.4,20,4.749497890472412,0
35.03053286679245,-0.23651411651749202,1206,1.466183091103435,100.98622608184814,281.89322280342253,34.2,30,1.215431571006775,0
34.84609829877569,0.0952940140046775,1724,4.3664946298400915,123.45417833328247,1893.6283985298567,42.5,10,13.4025297164917,0
34.99425907071302,-0.17875031776548844,1157,0.9274099368611016,92.81751441955566,199.32896216117214,43.7,30,2.4336655139923096,0
35.37371861986982,-0.25649396190008744,1928,22.492287119503878,112.93021297454834,1268.51856725424,41.6,30,2.151904821395874,0
35.148320143261586,-0.29070638184983755,1649,7.043141855990664,130.93061923980713,1340.8432521936056,45.9,40,2.798149347305298,0
35.02672764352401,-0.3991068048255585,1595,11.150049286659403,119.38974857330322,778.3971342655448,43.5,10,4.134951114654541,0
35.28631686108741,-0.20676664527074087,1462,10.308745625192124,98.5356035232544,498.3220134627433,39.4,10,0.7432873249053955,0
35.17295652952427,-0.30865478426284115,1865,6.861132029355121,108.11863803863525,2491.600391267754,41.6,20,7.145744323730469,0
35.385875364930754,-0.1441291840361041,1901,13.209511418825128,135.73330307006836,222.8567408743227,40.9,20,3.7252345085144043,0
34.88792557737523,0.0028119444377932797,1670,14.762847405217165,131.36324834823608,1694.3002594406416,44.2,20,0.9446214437484741,0
35.064796610899165,0.05488765605699656,1840,8.40182022699492,126.4190559387207,398.6587865894843,41.6,10,5.832564830780029,0
35.19132950873441,-0.291141541445128,1950,3.372258898759315,130.96662139892578,3214.0702995773127,43.0,10,4.571884632110596,0
34.895280433631015,0.03980119432335583,1712,10.106788698463177,131.36324834823608,697.6529451209516,41.0,10,6.064718723297119,0
34.98297493754889,-0.385208482560493,1641,0.4637458194514468,128.00864696502686,2874.7384446241363,43.8,30,11.316850662231445,0
35.33255790118611,-0.3310600159004922,2102,3.275629626488637,120.11456489562988,1607.0322268470534,38.4,10,3.7072856426239014,0
34.81686866445226,-0.36828776867456414,1239,24.67214673087658,115.06833744049072,199.3274335891826,36.2,20,2.4652903079986572,0
35.26808637194035,-0.2973072227704712,1873,4.7635610121568455,113.28399467468262,1295.6328403646035,39.4,10,8.888465881347656,0
34.74894155973095,0.09458471145757084,1580,5.170748683263143,98.9084358215332,398.65861021681195,41.1,20,11.561076164245605,0
35.130456670128815,-0.048466909166488666,1237,3.242751465064752,144.83207511901855,281.8943452341675,38.5,10,0.2846395671367645,0
35.069505728568465,-0.127838207274856,1198,0.0,102.59629154205322,398.6583946501064,39.1,30,1.4339978694915771,0
34.72608035513284,-0.045335628255817745,1404,6.432071749629301,124.56930828094482,1295.64112010594,37.5,20,3.8541312217712402,0
35.019320035178126,-0.06861310117814963,1188,1.0368533427470081,98.31086540222168,498.32340974825274,36.3,30,3.434577465057373,0
35.15726640888153,-0.2934614924662061,1701,2.495770589881943,130.96662139892578,845.6777976865657,39.5,20,3.2278635501861572,0
34.87102448211037,-0.29308762047453474,1139,0.6558107925117248,112.4322338104248,398.65633696205055,37.6,10,1.6905843019485474,0
35.27390538452952,0.09543707831255466,2087,6.937519491636108,133.68057441711426,704.735516656781,37.5,20,6.8580474853515625,0
34.995897791362864,0.03755054086500086,1928,11.994426587769679,145.6927137374878,1268.5246159108915,33.8,20,2.3389732837677,0
35.148005369140776,-0.30999330660340807,1726,9.473166182079883,116.53495216369629,2326.6796436257614,40.1,40,4.7229180335998535,0
35.09173446398591,-0.25540567847221146,1312,1.3114477202634078,116.11215019226074,222.856006884911,33.8,30,0.769498884677887,0
34.884343625605915,-0.22193554735042123,1137,0.0,95.0595383644104,996.6435369999397,48.1,40,2.364420175552368,0
35.39200930694723,-0.04593335433865076,2155,18.79984283814509,134.72788524627686,498.3235077330539,40.5,10,0.2742234468460083,0
34.956029757166945,0.0593723679114919,1932,7.43564826768071,146.29144191741943,2326.695656028362,35.8,10,5.366374969482422,0
35.373071964585606,-0.00889545055134644,2176,29.210554415152433,134.72788524627686,1127.577547222363,41.7,20,1.5349546670913696,0
34.785163452001406,0.09263696925656208,1638,4.191898466881398,113.54673433303833,896.9819170810036,45.1,10,14.090590476989746,0
34.92765665927874,0.0010883085720357467,1802,5.881767452775607,138.7496542930603,1524.577073783497,40.9,20,5.047037601470947,0
35.0365506800978,0.031213258453665592,1893,4.581059403554233,108.59018850326538,1985.8053053956473,41.4,10,5.761354923248291,0
34.934280911983784,-0.21127495097595556,1141,0.0,93.33990859985352,668.5690394767581,48.2,40,4.365466594696045,0
35.07118379575196,-0.27881015701516226,1278,1.4661874665342578,116.11215019226074,199.32828606346868,37.0,30,0.6606517434120178,0
35.087206843441464,0.05248512851179299,1800,12.070229248095556,126.4190559387207,140.9471656885125,42.6,10,4.977187156677246,0
35.088283773773846,-0.2478127083413985,1409,6.481192092232331,108.0540189743042,1114.2803630770231,35.6,20,0.7739450931549072,0
34.89221149075072,-0.35234456190352903,1304,7.16174179921814,115.70798301696777,2092.939801731496,36.7,20,3.785486936569214,0
35.19908114826079,-0.17370755979639313,1297,1.0368541510528664,129.8203649520874,918.8612496420501,39.0,30,1.8244966268539429,0
34.831614609546044,-0.20397717646134983,1139,0.463735342881014,95.18315553665161,398.65764996422683,40.5,30,10.658329010009766,0
35.231921996585825,-0.3716081614583149,1980,7.205792811562624,111.27314281463623,2255.1321469040345,35.6,30,8.327829360961914,0
35.277128970545704,-0.29882021338095754,1937,6.861137948494309,113.28399467468262,2292.273374115681,35.6,10,7.831245422363281,0
35.2564051759275,-0.034933739856606916,1483,3.982862090563653,107.24820518493652,1059.45041398241,42.2,10,3.8945300579071045,0
35.159506323418974,-0.0429734484224595,1290,1.0368532513676174,118.15802955627441,797.3176515668018,37.4,30,1.4909026622772217,0
34.99579308455793,-0.06557660475992674,1195,1.9113634127247163,94.65282535552979,1248.7949468731597,36.7,30,0.7461337447166443,0
35.12125646824422,-0.1614167425725255,1266,3.982872022468224,115.02675151824951,1127.5753855064415,33.0,30,1.8269970417022705,0
35.02658804370282,-0.1632754431744323,1190,0.4637353428839794,93.87169170379639,1204.2509804140186,42.6,30,1.652696967124939,0
35.00351978426958,-0.29653950468833007,1217,1.0368643219267202,94.70985174179077,851.5301834464309,38.5,10,6.034567356109619,0
35.056424473405976,0.07903444877402817,1934,4.390860265923052,126.4190559387207,2554.6059964062947,38.7,10,3.8893206119537354,0
35.24595245475567,-0.3658685699123561,2018,1.0368701380919352,111.27314281463623,2326.6732386338654,39.5,10,3.593658924102783,0
35.23637951535922,0.013210314676777152,1607,11.439182700113014,154.9666452407837,797.3177299546273,42.7,20,1.686766266822815,0
35.03803146452631,0.018990320714564416,1947,6.197514459412358,108.59018850326538,2621.7693490334445,36.2,10,3.830836057662964,0
35.16003210804039,-0.2971416914048526,1692,5.170803659941823,130.96662139892578,1016.3780708046095,43.6,10,3.4664552211761475,0
35.14205734812816,-0.39993857409206945,1876,1.6716118510774534,109.83270072937012,3091.176659562666,42.4,10,6.890034198760986,0
35.02082826258454,8.047158149227724E-4,1888,9.374043380203721,108.59018850326538,2206.1726482544946,39.6,20,2.429749011993408,0
34.75576471877938,-0.35785295312668236,1164,1.4661746851500224,110.90058755874634,1295.629018927679,40.9,20,11.769462585449219,0
35.01351156616568,0.031227556973895464,1876,7.435645126277925,108.59018850326538,222.8570695255145,41.9,20,3.6422042846679688,0
34.90529442750036,0.014944628018251648,1863,11.866884867404238,138.7496542930603,845.6831604167721,42.0,20,3.3634469509124756,0
35.20644193657802,-0.26277934490249777,1762,13.684781116431713,140.4625997543335,857.3439237060148,40.3,20,3.6870152950286865,0
34.75640174710451,-0.3044201063792198,1139,1.03686487002107,107.22574234008789,140.94623032827093,37.9,10,1.2196537256240845,0
35.0442957940855,0.08802915147222677,1956,6.076731777579299,129.44190740585327,1451.1393880111932,39.1,10,0.6595472097396851,0
35.01446769748878,-0.14511773057744445,1179,1.466172295818485,102.38191223144531,1508.1985328374794,41.9,30,3.825025796890259,0
34.994928356700356,-0.32435083703838646,1364,1.390963080774087,112.09769630432129,1212.4641860045804,36.3,30,4.738167762756348,0
35.208628913993,-0.042440404887896084,1524,19.423600234707227,120.31810855865479,1268.5246159108915,42.6,10,1.0397783517837524,0
35.282697023466696,-0.24730467554168686,1563,16.984298341748392,98.5356035232544,778.402797424998,40.5,20,1.9991967678070068,0
34.78566347717313,-0.009266775090038154,1312,14.000591367176169,109.24514961242676,1114.2854024027295,35.2,10,6.535976886749268,0
34.86383266782359,-0.03751627663799446,1199,3.372218764927024,111.56751441955566,2095.330460866346,36.0,30,0.33530983328819275,0
35.35054454802993,0.05137908279393056,2141,10.555172017690303,147.08410167694092,410.928091622336,41.9,40,5.353161334991455,0
35.20300981216625,-0.282165724997188,1929,3.5273239122457554,140.4625997543335,2707.4911995615284,40.2,10,3.721613883972168,0
34.90031393590138,-0.36878719340001637,1449,3.340374270361154,115.70798301696777,2396.0782594461775,39.2,20,2.765604257583618,0
34.958424751528,-0.20005991289840216,1144,0.4637381562441496,92.81751441955566,199.32884457912758,46.4,40,3.1858551502227783,0
35.281480672895384,-0.38176132740988106,1971,3.7336045969956837,124.79443073272705,422.8370073274393,36.1,10,10.470129013061523,0
35.26463656936492,-0.04562149262039818,1636,13.508726293137556,107.24820518493652,1643.712366489344,46.2,40,2.6264150142669678,0
34.991467369331666,0.08123825520232557,2034,2.930426289720884,146.29144191741943,4223.71308063178,36.3,10,0.16415244340896606,0
35.14280456564081,-0.24468634601505507,1466,2.9667760893774084,121.1725721359253,1096.30702843042,43.2,30,1.0333874225616455,0
34.950112325012704,-0.046906594022671805,1243,2.363306042248238,112.8185510635376,2959.890624958758,36.4,20,0.41254422068595886,0
35.235764090946105,-0.049201215142959435,1434,4.557725641785028,120.31810855865479,1409.4717261708374,45.3,30,1.497657299041748,0
34.98512486379109,-0.02997178444984174,1276,3.3403266981526682,112.8185510635376,1078.0386813271127,35.6,30,0.5319321751594543,0
35.38563856815135,-0.0667248979606291,2404,13.389961097905452,145.5918083190918,2300.9379708932697,41.1,10,0.2900088429450989,0
34.93155834868167,0.0990222726979994,1841,5.392181186322465,147.77320003509521,704.7354820139079,39.7,10,6.2314772605896,0
34.9632389545351,-0.397105323387821,1602,7.2928361337865395,128.00864696502686,3129.4989561904117,45.1,10,5.305328369140625,0
35.15235243126968,-0.11281512225045014,1278,1.4661743870039237,132.58636569976807,1195.975477904961,35.1,30,1.4572056531906128,0
35.32554619263427,-0.18215994134554622,1615,5.717190970261631,106.76100826263428,778.4044427946824,42.2,40,1.255419135093689,0
35.145401947231704,-0.17745350541651467,1291,4.557728954487146,115.02675151824951,845.6812065577666,37.0,30,0.672055184841156,0
35.209502309389144,-0.22077844599493182,1455,2.073040021536184,129.68730449676514,140.94668761627568,37.8,40,1.3686639070510864,0
34.90301564196437,-0.30221032309475004,1138,1.466173866321783,105.78975296020508,498.3202252317279,40.5,30,1.1678732633590698,0
34.870512104779785,-0.17955001405954701,1141,1.9113627594749967,85.5480785369873,2185.8127155680704,49.0,30,3.434081792831421,0
35.16642776448715,0.022487550932612545,1479,12.618515850168919,131.86794662475586,1774.47982392244,42.2,10,0.62889164686203,0
35.33814394906302,-0.24773635586856627,1785,6.006636489614286,98.85570621490479,498.3213275666741,43.1,30,1.7689810991287231,0
35.32986878364361,-0.1794090229900122,1652,9.06999378753018,106.76100826263428,1216.5600312234133,41.0,10,1.019873857498169,0
34.91110157757715,-0.25813184959527785,1136,0.6558098277729727,112.00077390670776,99.66422631923903,48.9,30,1.0294734239578247,0
35.295147720794255,-0.3294170006883661,2103,1.6716027165205016,117.83059692382812,3214.0647696880656,33.6,20,5.113692283630371,0
35.35241807939301,-0.11831620199907743,2142,26.353072174828657,135.73330307006836,1766.061535083963,38.3,10,6.667374134063721,0
35.177089899208305,-0.3756792380574066,1908,1.466200181321338,108.3173656463623,1634.6058491962406,39.5,10,7.415002346038818,0
34.786539140236535,-0.1365120606625875,1138,0.6558074261129845,97.51497077941895,222.85677373946368,37.5,20,4.393472671508789,0
35.05544915218395,-0.35626667790396627,1708,6.282432280975173,114.7891492843628,1993.2756097062943,47.6,10,2.656158685684204,0
35.03779459397042,-0.06317865456278259,1196,1.3114415950960083,98.31086540222168,2274.8888889418863,36.3,30,2.874708890914917,0
35.056796176806465,-0.09479011045828169,1202,1.036854324654551,107.6114559173584,422.8413099940685,33.7,10,2.9105241298675537,0
34.9329482487597,-0.3010546480001223,1146,1.671599632281477,105.78975296020508,797.3123995649385,42.0,20,1.5534178018569946,0
35.33744162202081,-0.2209451916109479,1629,16.16172181847028,98.85570621490479,918.8599849133708,42.0,20,1.4085638523101807,0
35.25137856161036,-0.0765465528633334,1640,10.728822432573295,117.07273387908936,945.5021452332221,42.0,40,1.8160501718521118,0
35.2042625294776,-0.3707522399631748,1882,3.107860589706269,111.27314281463623,281.89153222028506,42.0,10,4.638860702514648,0
35.362318109579235,-0.3913936924089592,2216,11.884018025576948,124.95374870300293,1248.781196041139,40.6,10,0.08667989820241928,0
35.222667741247434,-0.3454361948945569,1926,5.642457034984338,132.63745498657227,638.1599448683496,42.0,10,4.158825397491455,0
34.9971562660929,-0.22106493966805887,1153,1.9667399099905907,99.08784103393555,298.99307579775154,37.2,30,1.5686675310134888,0
35.281292397323334,-0.10095460316307371,1908,26.591597253386368,122.74016284942627,1059.4496848673962,40.9,20,2.975604295730591,0
35.38453944067437,-0.14350346923746718,1981,16.03565966612687,135.73330307006836,298.9937078011634,40.0,30,3.721593141555786,0
34.82243377390933,-0.02094361865741498,1497,34.370927032000544,115.11287212371826,1518.0477311542284,39.1,30,1.5082629919052124,0
34.78378119554082,0.04486397695179402,1586,6.861088575594269,118.319899559021,2228.570585704826,45.2,10,9.381712913513184,0
34.837764210829484,-0.34678711070504126,1221,2.3633477258344575,116.1425199508667,2822.4402354722233,43.2,20,3.373750686645508,0
35.087710422821075,0.002032890194564784,1608,34.86981169915575,112.8200478553772,1594.6355382970744,44.4,30,2.119399309158325,0
35.22124261090778,-0.2725154574386011,1955,4.366528255253076,140.4625997543335,1763.2392050259728,41.3,10,4.7043776512146,0
35.19217250831938,-0.38085070704239465,1847,6.610363625879758,108.3173656463623,99.66364330524446,42.8,10,5.569674491882324,0
35.01555526519404,-0.3940312176175897,1497,3.9560266297621083,119.38974857330322,99.66357471513852,46.0,10,29.91482925415039,0
34.921351590810325,-0.28644035739257084,1137,0.4637353428839794,112.00077390670776,140.9463411861053,42.6,10,0.8898252844810486,0
35.0454241553666,-0.15817053848238438,1215,1.3114437001432164,93.87169170379639,2989.936049169781,37.1,30,1.5739887952804565,0
35.09819896561536,-0.17193134233016535,1320,0.6558079655208437,100.60427951812744,1409.4688854538435,31.5,10,4.8118062019348145,0
34.851533703912104,-0.18121437330047874,1144,1.8543433839223569,85.5480785369873,704.7342695122751,49.3,30,4.133673667907715,0
34.83980162871566,-0.3235065498184728,1143,0.9274099368670311,116.1425199508667,1200.1127856339951,41.1,30,3.3310000896453857,0
34.97285975409934,-0.1116638242800873,1165,0.4637353428839794,107.48606014251709,498.3231402899503,37.8,10,3.3218860626220703,0
35.08401735978761,-0.08343107604365906,1211,1.0368540631098802,107.6114559173584,1993.2933450385572,36.0,30,0.3228655457496643,0
35.19667568738573,-0.0944063648922595,1351,2.9304295808624183,119.70459175109863,1896.2493387441166,39.3,30,2.923508882522583,0
35.10133450050259,-0.3422829942310806,1471,6.1975362076504545,116.53495216369629,298.9915619236812,44.7,30,2.3606271743774414,0
35.305287140607646,0.026569634356863096,1809,35.251454121641636,120.95885181427002,668.5712085765435,44.8,10,4.266270637512207,0
34.88241694578068,-0.052827214332924664,1184,1.311441466601846,93.84386920928955,1355.5864322112818,38.0,40,0.7432478666305542,0
35.35098711607734,-0.09106624929640122,2419,20.636644639832962,145.5918083190918,2869.5807064210726,41.4,10,0.18512137234210968,0
35.18667541549539,-0.2636762860667051,1685,16.87705515948039,130.96662139892578,891.4237646175919,42.5,10,2.1575937271118164,0
34.94321292475978,0.008357026000945133,1821,11.140850881841162,138.7496542930603,2616.080150251338,41.3,20,4.9779863357543945,0
35.047222723343495,0.06891203352284414,1873,3.5273176754668403,129.44190740585327,2095.3299458632405,35.9,10,2.7775464057922363,0
34.76891311203978,0.029796712801875874,1490,4.557725882440051,118.319899559021,902.5023459110786,47.4,20,9.056316375732422,0
35.20430012220616,-0.13410182358262737,1327,2.702074492383836,162.29397678375244,298.9937518943749,38.7,10,1.0392229557037354,0
35.32771945760447,-0.23642358618280582,1734,8.790296583843158,98.85570621490479,851.532192694623,41.6,40,1.062422275543213,0
35.35655043554143,0.07635656218616929,2274,7.220304677437672,147.08410167694092,1200.1216348673006,47.6,10,1.0913346341112629E-4,0
35.00225193459372,-0.024958209991151354,1273,6.658100086182259,106.12790489196777,140.94719340279536,37.0,10,1.100762128829956,0
34.97190978841418,-0.00870163597188433,1720,9.462134523297944,112.8185510635376,945.502517059381,42.7,30,4.57237434387207,0
35.37459959645973,-0.05592936221197794,2204,6.610338292155064,145.5918083190918,1832.3131539506626,41.2,10,0.37806740403175354,0
35.24952469944226,-0.002935487263270379,1587,8.849279175725696,120.31810855865479,1634.6229645787207,43.7,40,1.0536020994186401,0
35.103767484092785,0.01376808949670646,1342,2.495766089722234,113.46054029464722,199.32943248865683,41.8,10,1.1178677082061768,0
34.899109734552994,-0.1088715020379523,1151,0.463735342881014,82.33929634094238,298.99389887169934,34.5,30,2.181830883026123,0
34.898787880970026,-0.01402187440271503,1747,3.9828616904814744,111.56751441955566,2891.9946177578936,43.8,20,3.414109468460083,0
34.98668895148994,-0.1765151667852909,1155,1.0368571184196522,92.81751441955566,704.7343734410682,45.6,30,1.6334431171417236,0
35.19740452145244,-0.3037977515112284,1991,2.0730510572196184,108.11863803863525,3217.1575277865627,40.1,10,6.390191078186035,0
35.313852375004835,-0.37526540918170287,2123,3.7336022582540447,128.01849174499512,1260.656946794012,38.7,20,4.447673320770264,0
34.84997776077211,0.018338207684754956,1694,5.845600501997872,124.67988348007202,918.8632822380664,41.5,30,2.154473066329956,0
35.336373940333964,-0.35443169583342315,2064,3.6171830836863808,128.01849174499512,563.7835355879063,40.5,20,2.823591709136963,0
34.96439966927509,0.044919567725622805,1833,9.742533200912378,145.6927137374878,1649.7444398442067,41.3,20,3.745225667953491,0
35.119323723291444,-0.2967130503569108,1506,15.182007569725354,130.93061923980713,1634.6122775299234,42.7,20,2.6872496604919434,0
34.70783988222236,-0.35018729127045106,1140,1.3909889616015916,122.78099298477173,0.0,34.2,20,3.7340099811553955,0
34.947247212721614,-0.004970344083154608,1850,2.7020725412217734,103.33967447280884,2335.219068032617,41.4,10,4.900985240936279,0
34.7608941774174,0.03524352793716199,1511,13.389954787525738,118.319899559021,697.6529794156261,42.3,20,8.284740447998047,0
34.97201688037138,-0.12459717527342892,1166,0.46373643910441176,107.48606014251709,298.99381068531335,36.9,10,5.7183380126953125,0
35.38448983889461,-0.28426791779113564,2005,11.322702778724713,112.93021297454834,1694.290098389293,38.2,10,6.365177631378174,0
35.108121838748886,0.08563927503781402,1867,0.6558068605840238,135.17668628692627,199.32932470537295,35.7,10,4.840144157409668,0
34.93878575922228,-0.1197653428065632,1159,1.3114426338670073,99.18256187438965,2111.855294558851,38.9,10,5.236420631408691,0
35.11422970397031,-0.3570142311784768,1702,14.849134936519386,107.70154333114624,896.9739802742678,42.4,10,2.9503800868988037,0
34.91001710216743,-0.10134721353937394,1153,1.0368535184219143,99.18256187438965,99.66464275571855,33.1,30,3.254817485809326,0
34.911639753273796,-0.29539077882696263,1137,1.3114498895054374,112.00077390670776,0.0,42.2,10,0.778639018535614,0
34.80204534800119,-0.18116359411862654,1136,0.46373764891791197,90.85835933685303,986.6279773171851,41.2,90,1.3700106143951416,0
35.22887206490704,-0.0673250841227092,1466,18.540623248346,124.45808410644531,199.32937369778193,45.0,10,1.8197150230407715,0
35.092619276804484,-0.1961840142124151,1311,2.7020767278444193,100.60427951812744,918.8606624468083,34.9,20,1.725852131843567,0
34.97436944410121,-0.3531678237172666,1574,0.655812731005791,128.00864696502686,2554.583517952645,43.3,30,6.613607883453369,0
35.269203697210706,-0.15262322931500932,1478,4.166350197307866,108.18236494064331,281.893915662435,40.4,10,1.51103675365448,0
35.30588047824561,-0.07719725198862412,1894,12.777055870656444,115.12260723114014,398.65870820163957,41.7,10,2.962761878967285,0
35.169056781994406,-0.3854871625105283,1875,5.108655923278283,108.3173656463623,1059.4388001621721,41.8,30,8.159573554992676,0
34.741064626951335,-0.39203143141545327,1352,6.861228383029231,103.94532775878906,2410.540519407032,37.6,20,2.542416572570801,0
34.81884087560803,-0.1420024039419301,1142,0.9274127991026369,91.27813529968262,99.66456926705447,44.0,30,2.941786766052246,0
35.38062366411436,-0.39672098428324676,2294,5.3922735803219615,124.95374870300293,1694.2804370052645,41.2,10,0.08388678729534149,0
35.009400531632075,-0.04896933721806709,1216,2.317463043171662,106.12790489196777,778.4062029537502,34.1,20,0.5187830328941345,0
35.07634252333674,-0.15121103525560914,1231,2.3633063275798816,100.60427951812744,2015.5907785370118,31.2,10,6.520787239074707,0
34.77397303442162,-0.026992175373778862,1270,4.2676128563563545,109.24514961242676,1016.3846159304065,37.5,40,4.440005779266357,0
35.36310773843699,0.05351142077529109,2156,7.378863769821141,147.08410167694092,298.9940899421132,41.5,40,0.0035114530473947525,0
35.27484995134201,-0.10357192932326156,1983,11.076444212176806,122.74016284942627,1384.5853991498907,39.4,20,2.889944314956665,0
35.03256851393022,-0.3520149447580913,1551,17.71250464712481,119.38974857330322,778.3992005582274,45.0,20,1.412382960319519,0
34.791232727458954,-0.19142311499815928,1137,0.46373794124130047,100.07862663269043,638.1638348246671,40.9,90,1.1838901042938232,0
35.23138847611601,-0.34594877161417076,1953,1.466174501753052,132.63745498657227,1451.1273325095387,39.3,10,5.889589309692383,0
35.20139882690695,-0.2694490470057771,1846,8.754681417908852,140.4625997543335,1212.467106512585,39.9,20,4.169729709625244,0
34.800014865127935,-0.08908670489320117,1155,0.9274110702291365,98.42325210571289,298.9939870580594,34.6,50,12.137295722961426,0
34.90827673535682,-6.551457111259282E-4,1781,10.258617193709789,103.33967447280884,2294.4541877168194,44.7,30,3.1866354942321777,0
35.39259377077964,-0.1298192913946142,1958,7.847871519533104,135.73330307006836,199.32918752656371,39.5,10,5.496142387390137,0
35.303504675805826,0.06837516750597611,2304,11.755106834795624,152.49081325531006,3287.4240865759925,39.4,10,0.0013256678357720375,0
35.067920345107765,-0.34153301421235294,1596,9.462260836939253,108.93474006652832,1200.1117237216135,42.7,20,1.893399953842163,0
35.287590159688726,-0.31096170291867264,2103,9.910979486190607,117.83059692382812,3488.2402048257086,35.5,10,6.22752571105957,0
35.26311515876636,-0.23257524830764842,1373,2.8186002272368826,98.5356035232544,199.3286388103827,37.8,10,1.4476120471954346,0
35.19517623931067,-0.34512616424473114,1984,3.95600760059873,108.11863803863525,1216.552197008774,37.8,10,9.995634078979492,0
35.27317376727616,0.07073624381111851,2155,19.42360867074202,133.68057441711426,1861.8899110891666,37.5,10,1.1953526735305786,0
34.73364033889749,-0.06810654979375254,1193,2.7020730401198256,107.31008577346802,2092.9584238267103,36.8,10,14.385096549987793,0
34.916974067761444,-0.1968612828758113,1148,0.0,81.83048439025879,697.6510246164894,45.0,10,4.618896007537842,0
35.30340794140673,-0.28544328597185625,1919,12.618579388982011,107.16136646270752,2054.628439027587,42.9,20,7.728825092315674,0
35.139706245249755,-0.21836230472841467,1352,2.3174735086396274,121.1725721359253,0.0,34.3,10,0.5655986070632935,0
34.79502053595531,-0.16020356344710915,1137,1.67158816283113,100.07862663269043,2963.239511471145,43.3,30,4.517431259155273,0
35.19403936418622,0.09004895860718004,1973,2.3633061242811113,129.1945743560791,940.2344979486832,35.2,10,6.834805965423584,0
34.7002405235613,0.08608464027633737,1552,5.392180652411061,98.9084358215332,1437.384201857666,46.0,10,14.650656700134277,0
34.89551982429326,-0.15773403831768495,1148,1.0368563224664387,85.5480785369873,2095.3268558419472,45.4,30,2.9820539951324463,0
35.02624908556419,-0.29156806502595406,1223,2.7020981699812907,94.70985174179077,697.6486239784771,38.8,30,3.266425848007202,0
34.850521688063345,-0.3452122402579616,1228,4.718600914371555,105.01800727844238,2081.042059807418,43.3,30,5.623270034790039,0
34.94613608334809,0.004427205186593631,1869,6.814800819803698,138.7496542930603,2890.2769131634473,42.1,10,5.356877326965332,0
35.05962371191137,0.0073835093683579725,1717,15.562782479119425,112.8200478553772,1796.7312238674745,41.8,40,2.2041890621185303,0
35.1103963080855,-0.08257879989194995,1237,1.0368540514907505,116.33408260345459,2377.373154599618,39.7,30,0.3611970543861389,0
35.31019576567108,-0.07330541446479967,1895,8.790226732777073,115.12260723114014,359.346103457812,42.2,10,2.857065200805664,0
34.83283673481805,-0.1272244050703663,1143,1.6715849042598743,91.27813529968262,422.8410813510496,44.4,20,4.7952880859375,0
35.36697445539297,-0.3038926635339844,2039,10.13735106057012,119.22164916992188,697.6482467346098,38.7,20,2.1610336303710938,0
34.89196054671994,-0.09267258740286588,1152,0.6558069226152703,93.84386920928955,821.8558196431111,38.7,30,2.690713882446289,0
35.10302744012842,-0.33924084947212135,1435,3.27565838947232,116.53495216369629,99.66386867240304,43.5,40,2.2959444522857666,0
35.13859142205199,-0.036418312485359566,1250,3.95594497214274,144.83207511901855,281.8943729484503,38.4,30,0.24711710214614868,0
35.17356887206383,0.05506452143189448,1775,24.119575562501602,129.1945743560791,498.3234832368554,38.5,10,3.3757405281066895,0
35.11836121784785,-0.19713610769988507,1318,4.557729809027899,115.02675151824951,99.66443208806992,33.8,10,1.2064317464828491,0
34.89685720793985,-0.3798771949836776,1483,7.292870080411136,115.70798301696777,1481.606718650398,46.0,20,4.785225868225098,0
35.13316540065796,-0.08292193007504882,1270,2.073029464566458,116.33408260345459,1697.2281256645717,37.1,10,15.159697532653809,0
34.99474092348423,0.006277383810683168,1833,14.581731831416604,145.6927137374878,704.7359670139768,41.2,10,3.4114699363708496,0
34.9127468635799,0.013494964505944871,1798,14.356708595637395,138.7496542930603,1096.3118786876125,42.6,30,4.495456695556641,0
35.1192585281626,-0.2527596293250837,1361,2.702091866844701,130.93061923980713,0.0,34.8,30,0.8843505382537842,0
35.168932197458716,-0.070832402795134,1309,1.9667333319019156,119.70459175109863,697.6527736475538,38.0,30,1.4751180410385132,0
35.184182874970155,0.06155784056838235,1800,9.19514720329737,129.1945743560791,99.66469174813115,41.4,10,2.8033549785614014,0
35.250644985061385,-0.0022126742018871385,1588,6.937519454843708,107.24820518493652,1658.7515454259947,43.7,20,1.2245711088180542,0
35.35233617347042,-0.011387606747880983,2015,25.57742939881239,134.72788524627686,638.1655602009266,39.0,10,2.335765838623047,0
35.072177374457354,-0.3467275605622414,1590,24.519895959819735,108.93474006652832,422.83781797812264,42.8,10,1.9023054838180542,0
34.84324884246648,-0.0016300893801480011,1712,10.861784163024723,115.11287212371826,797.3177691485372,39.3,20,0.9252894520759583,0
35.31125605077981,0.06944003513776646,2436,7.378860558827169,152.49081325531006,3523.67862256992,42.7,10,6.865469040349126E-4,0
35.36070040260506,-0.2464160755500635,1775,26.32562441953874,105.94207859039307,298.9928112377871,42.5,20,1.9253654479980469,0
35.15325590085411,0.007519468719367338,1445,11.918083556632709,131.86794662475586,281.8943868055907,40.7,20,1.2437536716461182,0
35.12241227719205,-0.12085720585891473,1223,0.6558072189399445,114.65100383758545,1232.783184062084,38.3,30,3.98181414604187,0
35.032935429001874,0.056210768108609165,1905,8.238483426549287,129.44190740585327,1340.851359459378,35.9,10,2.54010009765625,0
34.75010349838166,-0.38796361219659936,1304,6.076734801561799,103.94532775878906,2018.0342747298362,35.3,30,2.7743096351623535,0
35.15363964821964,0.07558048827548002,2069,3.704791833694711,129.1945743560791,3246.377022236914,37.2,20,7.149473667144775,0
35.187536395189284,-0.21703602461050364,1396,6.024215944950987,134.27558517456055,1195.9724795642246,34.4,30,1.4770917892456055,0
35.008894863761874,0.0925563798931459,1966,9.058491332302959,129.44190740585327,4206.037478031022,37.5,10,0.2252700924873352,0
34.83362335703575,-0.06388513166867123,1162,2.49576629448662,98.42325210571289,0.0,37.6,30,1.8642292022705078,0
35.03938588699614,-0.3710495297672971,1715,5.170852961914054,119.38974857330322,1212.4612654895413,43.9,40,3.0635604858398438,0
35.27659702037509,-0.23440422136504313,1414,3.340345803483708,98.5356035232544,597.9858870355972,39.7,40,0.9080726504325867,0
34.822400798180006,-0.08590065311827542,1158,0.6558068581943208,98.42325210571289,896.9819611741783,35.0,30,7.004636764526367,0
35.05756421653602,-0.34724612001508975,1657,10.157688540899011,108.93474006652832,1861.8739856073103,45.2,30,1.3200013637542725,0
35.32287069527023,-0.16245648900426166,1764,7.630917037938735,106.76100826263428,1643.7094576749262,42.5,40,3.1561214923858643,0
35.34259906756075,-0.1534324375325248,1844,18.281812029607977,106.76100826263428,281.8939018052714,40.1,10,4.0495758056640625,0
35.18968419660557,-0.21547983091481876,1410,10.308697254066615,134.27558517456055,996.6437819627431,35.4,10,1.403324842453003,0
35.350446972840544,-0.353750211089643,2107,1.0368689764681953,124.95374870300293,630.3291860706595,38.5,30,2.2749598026275635,0
34.898133253572354,-0.1974436758308788,1141,0.0,85.5480785369873,563.7871661806431,47.8,40,4.004067420959473,0
35.36649731307611,-0.3648144187230742,2180,3.372223867369487,124.95374870300293,1310.871786568127,40.2,20,1.4644650220870972,0
34.919683266950564,-0.27439173433868236,1137,1.3114487202696035,112.00077390670776,668.5675276757764,41.6,10,1.1504998207092285,0
34.99002770077603,-0.1985372737117649,1161,0.9274155312302077,92.81751441955566,1494.9664078322546,44.9,30,1.6786985397338867,0
34.77969437389625,-0.11901013457841852,1136,0.9274099368670311,97.51497077941895,298.9938400807783,36.2,30,46.391422271728516,0
34.92575088492833,0.07002967669511437,1878,4.390860177925154,147.77320003509521,1622.423477225698,37.1,10,3.5688228607177734,0
35.12509217210495,0.04977084374348629,1902,7.028100314658172,113.46054029464722,918.8631467318052,43.2,20,2.6744987964630127,0
34.83150384279694,-0.10381655326322273,1150,1.0368545470241868,91.27813529968262,1720.4784019686572,37.6,30,2.433320999145508,0
35.37838517575332,-0.09126736813684956,2304,18.680789099526063,145.5918083190918,1073.4212116668134,42.6,10,0.6079396605491638,0
35.30347576200994,-0.17797944636806323,1549,11.720512806909715,106.76100826263428,1498.2857561330716,40.4,30,1.1753116846084595,0
35.200278146264544,-0.22242996977006416,1468,10.54543316796544,134.27558517456055,759.0211045217222,39.4,10,1.2253611087799072,0
35.14925711466605,-0.22729862609515974,1380,1.466172985126732,121.1725721359253,697.6503387207574,34.8,30,2.1698756217956543,0
34.99778431094745,-0.1076427836159544,1170,1.3114423436449207,107.48606014251709,1481.6212852184933,36.8,30,4.101334571838379,0
34.95610824418247,-0.36484598779089567,1572,2.3174796616492452,128.00864696502686,3523.6451920494387,45.6,40,4.4312286376953125,0
35.36915359926785,0.02451002765243619,1856,16.39266099036395,100.90661716461182,1096.3118786876125,44.7,20,4.116189956665039,0
34.779804676539875,-0.34268138163512357,1141,0.0,107.22574234008789,986.6218177843651,41.7,30,2.854200839996338,0
35.20084974984841,-0.2669628693721615,1822,11.076542669665677,140.4625997543335,1001.6127337246542,41.5,30,4.224987506866455,0
35.07201511020653,-0.22841577184513534,1369,5.623580377647143,108.0540189743042,1594.6293456474455,33.8,20,0.9271419048309326,0
35.22134892620648,-0.01825933080442358,1405,1.9113623044694203,120.31810855865479,778.4063177465947,40.3,10,1.0381544828414917,0
35.198290901750426,-0.32487541284640603,1977,2.3174761110112545,108.11863803863525,2206.155404753227,42.7,10,4.803994655609131,0
35.09974853360112,-0.20740301320101343,1375,1.390963080774087,108.0540189743042,1649.7394118324037,36.1,20,0.6280760765075684,0
35.31701967859769,0.044969133371927,2172,33.45397356421796,120.95885181427002,1248.7951310350609,39.9,20,3.564818859100342,0
34.88080619873056,-0.0093057176234371,1739,6.81480083667216,111.56751441955566,2986.617482425248,38.9,40,1.1009910106658936,0
35.257021580490196,0.07651560405063745,2117,10.555181329976403,133.68057441711426,1917.0883404470762,36.4,10,1.1206871271133423,0
34.76352657828538,-0.35479620874876905,1158,2.621534827776035,110.90058755874634,1978.2696545647852,42.1,10,4.8505048751831055,0
35.195020453894976,-0.2741570008918021,1781,10.258728807709032,130.96662139892578,1861.8802093750553,40.0,10,2.1556315422058105,0
35.05658602868775,-0.10629686671290686,1183,0.6558070552376473,102.59629154205322,0.0,34.7,10,2.9044857025146484,0
34.92988904750017,-0.3656797921470307,1556,1.3909630807829783,119.45838165283203,3330.9163786974595,46.7,30,3.0108842849731445,0
34.93023029251355,-0.31305606436225103,1163,1.0368562867249078,105.78975296020508,0.0,42.1,40,3.908670663833618,0
34.94740885414453,-0.2361257190540722,1148,2.317462738066788,93.33990859985352,222.85617121110872,41.5,40,2.400639533996582,0
35.369222425034536,-0.15751431187632237,1853,19.866653795861865,113.56745433807373,896.9808147509343,39.4,20,3.4254231452941895,0
35.11220016270491,-0.24498992532550032,1406,12.721826093325022,121.1725721359253,398.65710124742543,33.4,20,0.7653170824050903,0
35.22902990718087,0.048236636114448166,1928,7.02810016849424,154.9666452407837,2292.288135572048,43.6,10,2.9570906162261963,0
35.17535241468212,-0.026662706634534846,1307,0.46373539155395005,118.15802955627441,99.66471134508944,37.6,10,1.8948557376861572,0
35.138926709244494,-0.0202423032773492,1329,9.240218079590123,144.83207511901855,1295.6413111762695,40.0,10,1.2312204837799072,0
35.18298112654523,-0.07746638622368011,1340,1.390964366465552,119.70459175109863,1508.2001638956945,37.7,10,1.0804473161697388,0
35.17968328726477,-0.22293549333854704,1373,1.9113630613508394,134.27558517456055,1384.58138345923,34.3,30,1.3429869413375854,0
34.91986920663122,0.01114627835493611,1936,10.890044940422156,138.7496542930603,1388.1688653863855,42.0,10,4.4574408531188965,0
34.949688640113536,-0.37775931737959073,1579,0.463735342881014,119.45838165283203,3600.3282687246897,46.1,30,4.08400297164917,0
34.97823640327716,-0.10970529334016983,1165,1.036854726899336,107.48606014251709,222.85688328989863,38.2,90,3.5578274726867676,0
34.91575016873428,-0.25116812138300454,1138,1.0368611682618138,112.00077390670776,606.2340002721205,48.9,10,1.2712316513061523,0
35.21661625437579,-0.06334511823329711,1401,2.930427609115508,124.45808410644531,298.99407524439346,43.6,10,2.7293412685394287,0
35.112749662136416,-0.21942239455640478,1433,4.140648182685478,121.1725721359253,1880.4634495666885,39.6,30,0.7382158637046814,0
34.97842401339139,-0.15603262847304436,1171,0.9274099368611016,92.81751441955566,1426.9790482349636,46.1,30,3.72400164604187,0
35.14895564233288,-0.01165352637270341,1449,19.361927789290764,144.83207511901855,1610.1327672960115,41.4,20,1.0966051816940308,0
34.80707170638334,-0.17557651669187982,1135,1.3114442747033919,90.85835933685303,1136.3500325535151,42.1,10,2.244197368621826,0
35.37369079461782,-0.029893171102993513,1969,8.790224672539011,134.72788524627686,398.6588453803578,37.7,10,1.4646384716033936,0
35.170935346242366,-0.22272548421020383,1373,3.3403439322452932,134.27558517456055,704.7334034384031,32.1,30,1.5916943550109863,0
35.274745105033624,-0.11882198019645632,1645,15.981245778228715,122.74016284942627,1195.9753603231131,45.5,10,2.6061882972717285,0
35.32576026575745,-0.367105596388865,2121,4.140659034043963,128.01849174499512,1597.7310813771003,40.6,10,3.479511022567749,0
34.95411800871521,-0.2069719630022688,1143,1.466180417530075,99.08784103393555,498.3220134627433,46.2,40,3.756467342376709,0
34.93097058416806,0.007747455909420992,1874,15.443414503829963,138.7496542930603,2228.570804805459,41.5,20,4.866941452026367,0
35.06367854516482,-0.12811783226820778,1194,2.073028761818915,102.59629154205322,1096.3105852877925,37.8,30,1.534127950668335,0
35.152205615284274,0.07828985754862998,2045,6.2823227400738,129.1945743560791,3442.401040244294,37.8,20,6.417107582092285,0
35.02597715139185,-0.34558590927937904,1465,4.557794129475307,109.07925319671631,1059.4411437684375,42.9,40,1.5550611019134521,0
35.16909242466069,-0.20882166694392115,1329,3.107851734085418,134.27558517456055,398.6575911731771,35.1,30,2.16941237449646,0
35.21144144054633,-0.09480541586261515,1427,3.1078484510246125,124.45808410644531,778.4058203108132,41.6,30,1.6716026067733765,0
35.34924100016618,-0.2372000227332052,1607,26.058386350162124,98.85570621490479,199.32859961631195,41.8,20,1.4366416931152344,0
34.808044894088894,-0.19395795346080943,1136,1.0368579226975745,90.85835933685303,422.8404162070189,41.8,30,1.641432285308838,0
34.89862218923028,-0.16186890804052817,1150,1.6715882891091918,85.5480785369873,1694.2969279551105,44.9,30,3.2741692066192627,0
35.001121772034224,-0.3810808914566735,1585,11.580778071099532,119.38974857330322,1670.6670957799688,43.2,10,7.937458515167236,0
34.73054186433557,-0.38213761712894234,1369,9.473166463410944,103.94532775878906,1978.2667371219497,35.7,20,2.5699048042297363,0
35.26666713480816,0.07257481845196499,2143,8.931259638084212,133.68057441711426,2324.559864253876,39.6,10,1.1900606155395508,0
35.127614732753585,-0.37763893557352624,1846,2.073036740674869,107.70154333114624,2248.514723743348,42.8,20,9.789752006530762,0
34.785360933992145,0.024458201212608787,1457,6.163253860837028,118.319899559021,1127.577547222363,35.6,10,7.253289222717285,0
35.118664003629064,-0.29019569921103827,1494,7.058025828862639,130.93061923980713,1426.972664884694,41.4,20,1.391577124595642,0
34.979561424079506,-0.11805297034632929,1165,1.6715847339400844,107.48606014251709,498.323091297516,36.4,30,3.7052619457244873,0
34.80976338365374,-0.13623279785249734,1142,0.6558074185374426,91.27813529968262,99.66458396479163,42.5,30,8.376184463500977,0
34.70263251700539,-0.08455056715260038,1144,2.0730295350203805,107.31008577346802,0.0,37.7,10,9.007574081420898,0
34.74400077040051,-0.05825912271450393,1360,9.689288422968145,107.31008577346802,2742.137750260962,34.5,20,5.423518657684326,0
34.916051393530694,-0.14508060815489182,1153,0.6558075434369206,99.18256187438965,778.4051315530525,37.5,10,5.142271041870117,0
34.71567636733143,-0.01016668713521217,1443,4.91757136195964,124.56930828094482,803.522630772813,45.2,10,11.205986022949219,0
35.35403624757628,-0.3156588386158975,2077,4.1406922304268665,119.22164916992188,1832.30000347497,39.2,20,2.5984513759613037,0
35.02690648539126,-0.1920648727760624,1178,0.6558083286841055,93.87169170379639,697.6511275007911,36.6,30,1.1554985046386719,0
34.79335856313331,-0.15206321654642857,1135,0.9274132153113389,100.07862663269043,2054.6373270965455,42.4,30,3.6905908584594727,0
34.95223331623268,-0.21302996917671557,1140,0.0,99.08784103393555,718.6900871768373,44.8,40,2.817903518676758,0
34.875655722501534,-0.19365048146094613,1144,0.6558083607428824,85.5480785369873,2591.275489050952,50.5,10,3.8138411045074463,0
35.31658101973005,-0.033025326737168514,2063,21.003131682317598,124.21498966217041,2698.3196782326404,41.6,20,1.7795857191085815,0
35.38194664689558,-0.07599592398701935,2428,8.682851938820104,145.5918083190918,2806.582788069695,42.0,10,0.3427461087703705,0
35.05874942933606,-0.23892427894896204,1338,1.311446923582994,108.0540189743042,1896.2425340780842,36.9,30,1.7322160005569458,0
35.097608338236135,-0.33383000781904953,1500,15.724593583413142,108.93474006652832,422.83810898055293,44.3,30,1.329242467880249,0
35.20141266514609,0.0060199651134814685,1429,3.9828616189796326,154.9666452407837,986.6303538195675,37.4,40,1.684581995010376,0
35.01482796177286,-0.17111279437966365,1181,0.9274099368670311,93.87169170379639,857.3464524059832,43.2,10,1.7936186790466309,0
35.254564565223426,-0.14849278242328182,1521,10.584330109065267,122.74016284942627,1409.4696475979893,40.6,10,1.417013168334961,0
35.192569794905374,-0.1120068465521445,1350,0.4637353428839794,132.58636569976807,918.8624692001994,38.6,30,1.5098646879196167,0
34.96508018851025,-0.17302222810168966,1163,0.9274099368611016,92.81751441955566,1268.5219345511925,43.9,20,3.911630153656006,0
34.94075608720173,-0.28260667613758517,1142,1.3114491527707128,112.00077390670776,1295.6336683411182,38.3,40,1.656920075416565,0
35.16778874831472,-0.3736363756476135,1896,1.671608216780107,108.3173656463623,2318.1183523091527,40.7,20,7.767426013946533,0
35.38680668896461,-0.3703319283259122,2282,5.790942222314666,124.95374870300293,704.7288305507126,38.1,10,0.2253759652376175,0
34.893098296810486,-0.37854004188189055,1477,7.205768230753783,115.70798301696777,1766.044519297468,44.9,20,5.301666736602783,0
35.06677006136581,-0.21044377422776445,1268,1.4661728165114252,108.0540189743042,140.9467361164316,36.6,30,1.3605369329452515,0
35.387001133011765,-0.27480975873078595,1996,5.411856878237615,112.93021297454834,606.2334340520159,39.2,30,5.503225803375244,0
35.31697315814028,-0.10041172346588516,2001,9.29622936935262,106.57208347320557,2292.2867833815267,36.5,10,2.5229251384735107,0
35.15258045556779,-0.03324919212840819,1271,0.9274099368670311,118.15802955627441,199.3294226901789,38.9,30,1.4521934986114502,0
34.84015009037918,-0.19218852663704464,1140,0.9274151325843283,90.85835933685303,803.5204583289245,46.1,30,10.468015670776367,0
34.9184491547713,-0.21281783271979615,1144,1.9667393331531062,93.33990859985352,281.8934583756778,48.6,30,3.2097420692443848,0
34.88042606313871,-0.3125040196129218,1155,1.6715912844661558,105.01800727844238,1494.960014293338,40.5,30,4.23177433013916,0
34.72649415889237,0.0919118226214504,1565,7.603346704517281,98.9084358215332,778.4058585751153,44.0,10,15.693085670471191,0
34.79820350691172,-0.024359488213128347,1212,3.5273175559895362,109.24514961242676,697.6530137102989,39.8,10,8.99700927734375,0
34.97741921105144,-0.009176331140795729,1790,7.058022464226421,112.8185510635376,1200.1221068245775,40.6,40,3.910543918609619,0
35.285731690149376,0.061091388449813315,1902,7.292822393440901,133.68057441711426,1136.3523228129998,40.0,40,5.815728664398193,0
35.01219651931592,-0.3024838259946272,1221,2.3174627380815918,109.07925319671631,498.3202252317279,39.9,40,4.3035359382629395,0
35.17350734376322,-0.2452474339551005,1520,16.814725005672088,134.27558517456055,704.7328491505665,42.3,10,1.423987865447998,0
34.977084473592875,-0.12051746769480189,1166,0.6558072189399445,107.48606014251709,498.3230668012971,37.4,20,4.0625386238098145,0
34.9492291168337,-0.2787177187837071,1152,0.9274099368670311,112.00077390670776,1965.684157496125,39.8,30,1.52516770362854,0
34.9637348591354,0.08216784794040644,1927,15.785997441015152,146.29144191741943,2587.4452526665905,35.8,10,0.3294580578804016,0
35.01838744511322,-0.30797888453695715,1242,2.0730515715178304,109.07925319671631,821.8505676026208,43.0,10,2.899778127670288,0
34.744242492019296,-0.37529002194374017,1233,5.717278633655466,103.94532775878906,508.18706186182067,40.3,10,3.0086684226989746,0
35.38402497453587,-0.04941208107917178,2186,15.220584226303766,134.72788524627686,563.788690468335,39.7,10,0.44384947419166565,0
35.09090175414266,-0.3984436552895027,1804,2.9667935090518283,114.7891492843628,1694.2802704291946,45.6,10,8.923775672912598,0
35.04787447537428,-0.27766131968117164,1261,1.911383358112608,94.70985174179077,398.656591724005,31.1,20,1.5902584791183472,0
35.05261224599556,-0.2599530074244151,1264,2.966784171871392,116.11215019226074,398.65688567990395,36.8,30,1.5290260314941406,0
34.773723957016315,-0.3736064240778988,1370,5.79100879109317,110.90058755874634,3302.4643852167433,34.4,20,2.452556610107422,0
34.99347867614725,-0.033357208699592675,1238,1.036853230076756,112.8185510635376,536.7108960487946,35.6,30,0.5016933083534241,0
35.00257335507563,-0.20796178863404344,1166,1.311445508784895,100.98622608184814,1232.7805176459838,40.4,20,1.18886137008667,0
35.02836603906282,-0.34032269272116233,1426,5.170751357664051,109.07925319671631,1691.3518539174513,43.1,20,1.769248127937317,0
35.22188110554872,-0.1334421599139066,1376,6.861097558917631,162.29397678375244,1200.1205729627493,39.3,10,0.9921272993087769,0
35.1149179511415,0.007403476259303617,1418,6.197514191030806,113.46054029464722,1395.3060274205977,42.2,30,2.0354440212249756,0
35.14900343369774,5.127726471683063E-4,1379,9.889973896797256,113.46054029464722,498.32360571783573,40.7,30,1.2146128416061401,0
35.09768863266123,-0.16171098089287592,1309,2.7020754058566645,100.60427951812744,2277.0672312826537,32.9,30,1.8877671957015991,0
35.22501195346579,-1.2002583578264724E-4,1445,2.317462738103197,120.31810855865479,0.0,44.2,10,1.111759066581726,0
35.2514536109798,-0.3822117830181277,1945,5.791013327354882,124.79443073272705,638.1586586678994,38.4,20,3.5720877647399902,0
35.14002443687002,-0.2711084043136031,1490,4.191898968003973,130.93061923980713,778.4021086645625,39.7,40,1.1208205223083496,0
35.24454460145007,0.030000933711635598,1552,5.566653311005923,154.9666452407837,140.94718647422516,41.7,40,2.0894219875335693,0
35.38156228077488,0.07760257067131962,2224,3.7335446771749186,147.08410167694092,359.34608579334764,44.8,20,1.589672319823876E-4,0
35.27525103566061,-0.32703354393611456,2040,3.3403432944626066,117.83059692382812,2410.548814261495,34.5,10,7.448885917663574,0
34.93208714091445,-0.34832998645818464,1359,8.488480152033674,105.78975296020508,1556.798707233453,31.5,20,1.801281213760376,0
34.8835029978751,0.024656944326619124,1639,7.726609827710149,131.36324834823608,597.9882974659705,40.9,20,4.148037910461426,0
35.09149915938047,0.06528395622352796,1880,2.966766736424431,126.4190559387207,759.0236417081322,41.2,10,6.480395317077637,0
34.72363326757057,-0.08585969765411278,1146,1.966733682949349,107.31008577346802,445.7139199503422,36.3,30,4.658356189727783,0
34.856882678883345,0.08644999614387008,1720,5.411855081529829,134.11306190490723,2451.426559726882,39.3,20,11.6100435256958,0
35.24802128793513,0.08452395518402361,2094,0.4637353428839794,131.724956035614,996.6466725192786,37.6,10,7.872742176055908,0
34.78045572415039,0.04109212166888753,1564,6.56221720500389,118.319899559021,2465.568670934507,42.9,20,9.097199440002441,0
35.366171180037846,-0.2060032075702913,1626,9.816553744004883,105.94207859039307,398.65761077019465,40.4,10,3.0091893672943115,0
34.96951750802002,-0.38426880961193993,1623,1.466175117592054,128.00864696502686,3688.900818407412,43.8,10,6.168981075286865,0
34.873778916045254,-0.29811210487282624,1137,0.463735342881014,112.4322338104248,896.9765817908793,39.4,30,1.8141499757766724,0
34.729096835074756,0.033643708741825235,1554,5.566653729427601,103.89941215515137,2151.4654271856193,42.9,10,9.985837936401367,0
35.1128337689361,-0.1244512634520242,1204,1.0368536848183878,114.65100383758545,359.3458384907567,38.4,10,3.8595306873321533,0
34.814301355541886,-0.17721327819320262,1136,0.0,90.85835933685303,896.9803738185274,39.8,30,4.082617282867432,0
35.001635314688215,-0.3290078951766946,1349,5.5857103744113035,109.07925319671631,845.6763842481354,35.5,10,5.830001354217529,0
35.38582402986492,-0.19340200867557467,1657,3.10786175271721,113.56745433807373,986.6276378163775,38.3,40,2.3720648288726807,0
35.23692448751369,-0.21548399603977605,1444,8.301721547182948,129.68730449676514,1295.6369165515662,37.4,20,1.7002160549163818,0
34.92370144805925,-0.1720313105546008,1152,0.4637353428839794,81.83048439025879,1040.527935131519,39.9,10,81.09717559814453,0
35.396729557879446,-0.11905856797619137,2044,20.947682698688485,135.73330307006836,222.85685042477382,39.5,10,3.7280921936035156,0
34.83244488988139,0.03892274242782548,1679,8.837502869083103,124.67988348007202,1494.9705966877534,43.4,20,8.264435768127441,0
35.396979116819786,-0.3098397762153555,2219,5.003439217500558,119.22164916992188,778.4008076709662,40.1,30,1.7748054265975952,0
35.07693328863669,-0.2178403608213975,1345,2.7020868874028605,108.0540189743042,398.6574735910516,33.8,10,0.959932804107666,0
35.37477697313137,-0.14077428581890075,1934,20.896303739943676,135.73330307006836,315.16705639628645,39.6,10,4.692551612854004,0
35.31428452538738,0.08063776498917265,2352,9.910844351402996,152.49081325531006,2749.372414183826,40.6,10,6.97374576702714E-4,0
34.7489644680542,-0.11055250037276246,1181,1.0368535816200974,114.29664707183838,778.4056289892741,35.8,50,11.251642227172852,0
34.960020268316406,-0.3030813141042135,1176,1.9113873338042489,112.09769630432129,422.83871177066436,37.7,40,3.289619207382202,0
34.92650281934974,0.06444159077200015,1886,1.3909639564796075,147.77320003509521,1973.2601256391667,34.6,30,7.021496295928955,0
35.02766577860718,0.044302360846037975,1863,0.0,108.59018850326538,1643.7124472896712,42.3,10,4.676791191101074,0
35.113842247973245,-0.2713260634518497,1383,5.087785128130928,130.93061923980713,281.8928486588477,35.3,20,1.0818156003952026,0
35.144941564436756,-0.20047856046981247,1361,2.3174627380815918,121.1725721359253,1622.4192502657297,34.2,20,0.706626832485199,0
35.1592233552622,-0.01303830232841103,1440,6.4811917890642,118.15802955627441,2054.6407611128916,39.9,10,1.2311344146728516,0
34.81164121035141,0.04599124532607113,1533,3.242752532034672,124.67988348007202,606.236712161079,41.4,20,9.134547233581543,0
35.037734766268365,-0.3619299381383225,1574,21.298650450883805,119.38974857330322,99.66375108960128,41.9,20,3.105830669403076,0
34.89334024816926,0.002305770328933874,1733,7.378860563511298,131.36324834823608,1793.9649805842087,40.1,20,3.130101442337036,0
34.8175596251201,-0.10989256005869076,1149,1.6715857822238605,91.27813529968262,1763.2472659551856,36.9,40,6.30055570602417,0
35.309770014809764,0.08609417253777553,2245,9.1951555019593,152.49081325531006,1978.2870618842833,36.6,10,0.002245166338980198,0
35.251536686741076,-0.07641474615904446,1640,10.728822432573295,117.07273387908936,945.5021452332221,42.0,40,1.8160501718521118,0
35.02423585757408,0.01750951236113001,1947,5.108655218372676,108.59018850326538,2114.2079010419307,38.1,10,3.93064284324646,0
35.18783147048357,0.004953753451571752,1434,12.187089373907972,131.86794662475586,199.3294422871343,40.6,10,0.6092790365219116,0
35.17026306476185,-0.24594980808073613,1520,5.71716713231296,134.27558517456055,986.625988810793,43.2,20,1.8092490434646606,0
35.28682910295262,-0.3410016990951853,2009,6.024204227026577,117.83059692382812,1649.73041003106,35.1,30,7.883628845214844,0
35.16260205450979,-0.2316209092061441,1400,1.8543341688414132,134.27558517456055,498.3216215222479,33.9,10,1.8134912252426147,0
34.81982026066611,0.06686517283703929,1694,9.069965981943072,123.45417833328247,1896.2499912450558,40.1,10,9.987015724182129,0
35.00227973169114,0.02589314171551114,1844,6.721234840536693,108.59018850326538,140.94719340279536,42.3,10,3.1820292472839355,0
35.35826976944074,-0.20038187871332802,1576,3.37222026869824,105.94207859039307,0.0,42.0,10,3.7139170169830322,0
34.91287699815461,-0.14863594126885174,1151,2.073033292765776,99.18256187438965,918.861791668094,39.4,40,4.6497392654418945,0
34.843562623456044,-0.2483652807137069,1135,0.0,95.18315553665161,2963.23164554448,41.4,30,2.150604486465454,0
35.22584965565618,-0.006490436217327316,1448,4.763545920085277,120.31810855865479,298.99414873298525,44.4,30,1.0489435195922852,0
34.907332593825345,-0.3751603080518049,1497,0.9274099368670311,119.45838165283203,1594.6189199931123,43.7,20,3.3342087268829346,0
34.78062072422148,0.09492062180610111,1605,1.4661736333469289,113.54673433303833,398.65861021681195,43.6,10,14.961318969726562,0
34.866098982777146,-0.2786411676066251,1136,1.0368630288577403,112.4322338104248,99.66414303173434,39.9,10,1.1005126237869263,0
35.061727645603625,0.08815345678763978,1945,1.8543363918897409,126.4190559387207,1978.2870618842833,38.3,30,3.332205057144165,0
34.93518929114252,-0.22438272590046088,1140,1.0368595340465445,93.33990859985352,359.3449199367858,45.3,30,2.597322463989258,0
34.97985511729422,0.08786778578654941,2039,5.881770867922733,146.29144191741943,4477.151399310029,36.1,10,0.17803800106048584,0
35.18594003181809,-0.1952638028470646,1396,8.682882234151162,129.8203649520874,1195.9732438478713,35.4,10,1.691788673400879,0
35.192065751236655,0.09358910907028212,1998,4.6503519506470825,129.1945743560791,1232.7836688643915,34.6,20,10.320170402526855,0
34.991075314012754,-0.3558976719264608,1487,5.623684267269676,128.00864696502686,845.6752202382424,43.6,10,5.500391006469727,0
35.256711575800665,0.04896340116880933,1877,10.55517201686437,89.18272972106934,718.6923835602405,44.2,30,2.5394649505615234,0
35.13541283551933,-0.24240718428918606,1411,2.7020902058653564,121.1725721359253,1481.6161141032155,41.8,30,1.0516254901885986,0
35.03025831490424,0.05832033693190484,1946,3.704791833671086,129.44190740585327,1697.2285428198823,34.9,20,2.907101631164551,0
35.12878687750768,-0.15548667886366382,1230,3.733552462575108,115.02675151824951,99.66453987157368,38.0,30,1.2999484539031982,0
34.82538049838498,-0.02573868035298362,1306,11.755099118681704,115.11287212371826,1622.4240355026063,36.3,20,1.6082264184951782,0
35.36634449399164,-0.3409256591817268,2098,4.830176744006362,119.22164916992188,99.66385887384152,37.8,10,1.5300318002700806,0
34.70606625521604,-0.001210321503071699,1399,5.7909146195990315,124.56930828094482,222.85709143557673,41.1,10,8.337366104125977,0
34.84640970692871,-0.34334079258846073,1205,4.2676447520600425,116.1425199508667,2396.0814396896026,43.2,30,4.291693687438965,0
34.93248012920271,-0.24524708751574553,1142,1.0368551009166387,93.33990859985352,1697.221451165662,41.0,10,1.7722580432891846,0
34.8072156431984,-0.08137806646930049,1162,1.0368540285274999,98.42325210571289,797.3173772093519,36.1,10,6.339172840118408,0
35.24161723991831,-0.33669807272702074,1994,5.585773918646293,132.63745498657227,2770.942745392295,36.5,10,6.734374046325684,0
35.03210862690307,-0.2116979526086811,1247,2.495780685374025,100.98622608184814,1740.5637079648577,32.9,10,0.8643761873245239,0
35.05118356036973,0.0888655367146867,1946,7.834484845489791,126.4190559387207,1329.6924441741219,38.1,10,2.4777939319610596,0
35.00137817214868,-0.009029797463719392,1457,11.177481046846768,106.12790489196777,99.66471624432842,42.8,10,1.274040937423706,0
34.89259192785929,-0.3521776698463121,1307,2.966799707973565,115.70798301696777,2095.3114056671266,36.4,20,3.624274253845215,0
35.3317531973962,0.0014111272859609857,1852,7.292818785292601,120.95885181427002,996.6472114356715,43.0,20,5.007878303527832,0
35.00836317744139,-0.24076324477993677,1174,0.9274181566204607,100.98622608184814,222.8561273908012,37.6,20,1.7609546184539795,0
35.143068882055786,-0.08364400877254437,1281,1.0368540865170826,116.33408260345459,1594.6346760308456,36.1,30,11.738092422485352,0
34.8614137172933,-0.3956862207385978,1384,4.366567508224193,115.70798301696777,99.66356491654811,48.2,20,3.2750444412231445,0
35.19422636298017,-0.1463298008171263,1299,2.0730330865016815,132.58636569976807,398.6582378742474,38.4,30,3.8625407218933105,0
35.10050076316348,0.022357911695452187,1410,16.532842770009392,113.46054029464722,99.66471624432842,45.9,20,2.1978330612182617,0
34.93661371971058,0.007104093497998048,1897,1.3909630807829783,138.7496542930603,2461.536909143985,39.5,10,4.766263008117676,0
34.718315158160884,0.03434642494051212,1613,16.723239026980888,103.89941215515137,2770.96576547555,41.4,10,10.950654983520508,0
34.949601517446844,-0.37468428686106997,1580,1.4662000974873792,119.45838165283203,3828.9536460288336,43.7,30,4.982061386108398,0
34.82169127272884,-0.22973549452588415,1134,1.4661730021470916,95.18315553665161,1694.293596463029,43.5,30,2.543881416320801,0
34.80609992920653,-0.3253306246414483,1142,0.6558117888495298,116.1425199508667,2391.9344942953603,43.7,30,5.102102756500244,0
35.399218328280725,-0.01941947268774381,2119,9.195145646315835,134.72788524627686,896.9824461989558,38.1,20,1.7697542905807495,0
34.82912149963834,-0.3287852171740439,1146,2.317476479750554,116.1425199508667,1426.970139595386,45.3,10,3.653123140335083,0
34.727285227256644,0.06891383818506697,1591,7.874529181834083,98.9084358215332,2206.1717806601664,43.3,10,13.764423370361328,0
35.19759550525221,-0.3340960743020826,1964,7.6721689255720955,108.11863803863525,2015.5776007023708,41.6,10,4.974632263183594,0
34.88666462228391,0.0021700932685865706,1652,13.217067876086185,131.36324834823608,1793.9649805842087,43.8,10,1.0031741857528687,0
35.00465644729821,-0.301414312594953,1225,1.6715907506540442,109.07925319671631,986.6237577988506,37.2,30,4.425644397735596,0
35.138838835304284,-0.2725546241769734,1509,5.272581976546334,130.93061923980713,986.6249703059668,41.0,20,1.2446659803390503,0
34.891190244303445,-0.22474376827941447,1139,1.390963080774087,95.0595383644104,359.34490227226337,46.3,90,2.603440284729004,0
35.14860242972911,0.07233734703686216,2064,5.0034195855433365,135.17668628692627,3637.4195577445416,34.6,20,4.980920314788818,0
34.790894234356585,-0.17131873328609368,1136,0.6558079559948294,100.07862663269043,2326.6911954415677,43.5,30,4.460635662078857,0
35.32311398327986,-0.3084882605342259,2030,8.849377766528429,120.11456489562988,918.8568230840564,38.1,10,6.054092884063721,0
34.837565929412705,-0.12056708982189586,1143,1.8543341688414132,91.27813529968262,199.32922672051885,41.8,30,2.2833492755889893,0
34.95451341320649,-0.09682979393995887,1173,0.6558069594685715,94.65282535552979,1059.4497890267146,36.5,20,3.9249684810638428,0
35.09227070768031,0.02594859390078015,1688,17.68551167127239,112.8200478553772,498.3235812216421,42.7,30,3.45729660987854,0
35.248785853667115,-0.15474275285036865,1616,4.366497394661901,102.35875844955444,1720.4767104869873,41.8,40,1.3460546731948853,0
35.31231303710947,-0.3905113664588358,2073,6.610344822074565,128.01849174499512,99.66359431231648,37.6,20,2.3407511711120605,0
34.78512791728303,0.09051901233001153,1636,7.8478573902980235,113.54673433303833,896.9819170810036,44.3,20,13.959091186523438,0
35.100184693374906,-0.2552111128166279,1323,1.9113801114510292,130.93061923980713,99.66423611776443,35.6,20,0.7787901759147644,0
35.13726171868375,-0.21053708803284557,1390,7.393148461808805,121.1725721359253,445.7127148946393,33.2,20,0.5707221627235413,0
35.05417274344154,-0.2772738543085742,1283,1.9667440971485703,116.11215019226074,498.3207641513395,31.1,30,1.4741214513778687,0
34.78799727983375,-0.37251904389365254,1348,8.200364375480964,110.90058755874634,2335.195076207834,36.9,30,1.3255324363708496,0
34.78289905029098,-0.06971901709987746,1169,3.107848063273702,96.55889749526978,2552.661362431374,39.1,20,66.07453918457031,0
35.208175327749565,-0.3774141607316947,1898,4.366560956064236,111.27314281463623,704.728518761835,41.0,10,5.756937503814697,0
35.069835055285665,-0.17588356015791112,1224,0.4637375230619974,100.60427951812744,597.9869452745185,31.2,30,4.756252288818359,0
35.16338888787625,-0.25925837870884527,1529,9.473098415058427,130.96662139892578,99.66422141997599,43.3,20,2.4759371280670166,0
35.148786715553975,-0.14545899522063407,1273,2.0730330457644395,114.65100383758545,1136.350870453862,34.1,30,1.1190330982208252,0
35.19377433450494,-0.2785647004345665,1824,9.5926534408642,130.96662139892578,2368.989635800725,39.8,30,1.8857831954956055,0
34.87194041968117,-0.22077952703829418,1139,0.6558089237825979,95.0595383644104,1451.134965294407,46.3,30,1.9106736183166504,0
34.82225179973496,-0.3739471407235903,1295,27.30772596772678,115.06833744049072,99.66368739885907,33.6,20,1.7722015380859375,0
34.83469033208545,-0.21132890056912781,1139,1.9113744293950623,95.18315553665161,281.8934583756778,43.0,30,2.2955121994018555,0
34.73656114475698,-0.0376426613760039,1483,5.88176807258762,124.56930828094482,2769.172704047862,41.2,10,5.357759952545166,0
35.15563918856956,-0.01756729415032562,1523,21.03292228967114,118.15802955627441,1743.4204981022579,42.3,10,1.0389201641082764,0
35.14979459468091,-0.02716646676343415,1295,4.390859902675014,144.83207511901855,896.982402105805,37.8,10,1.1209042072296143,0
35.176154092673045,-0.14830294425893537,1281,1.0368559790898482,132.58636569976807,1793.961982247673,37.9,30,3.150681972503662,0
35.15587217937805,-0.13714750332968137,1264,1.9113625312860942,132.58636569976807,199.3291581310923,35.5,30,2.1981639862060547,0
35.35732663127502,0.09877842088792264,2588,2.317463961962976,147.08410167694092,3076.7172470922133,44.8,10,7.821571489330381E-5,0
34.89573678755412,-0.18668569049372138,1142,2.7020830201123935,85.5480785369873,778.4043280015615,45.9,10,4.505681991577148,0
35.12415896834626,-0.17602034138469128,1287,1.4661780268932663,115.02675151824951,2272.7000651070302,31.7,30,1.6314516067504883,0
34.90302568534853,-0.08410600032442578,1161,1.036854086538296,88.86924982070923,1691.3654894049362,37.3,20,1.610248327255249,0
35.07359498814826,-0.3437724659091325,1608,18.235835471148466,108.93474006652832,638.1600076097686,42.9,20,1.8289179801940918,0
35.257337365001305,0.0932792432694314,2045,7.0580227256914805,133.68057441711426,410.92790982155555,34.3,10,2.301234245300293,0
35.278376536926956,0.06218232161351302,1871,8.730743394480958,133.68057441711426,902.5021684530736,41.6,10,6.076911926269531,0
34.86136180532393,-0.14766088540910963,1151,0.655807584099511,82.33929634094238,1691.3636602605602,43.4,40,3.8578500747680664,0
35.378317864883655,-0.17252816560967843,1881,17.212825559715082,113.56745433807373,697.6514704483536,39.4,20,2.9639298915863037,0
35.3401206448146,-0.03207380436136127,2111,18.158312245181847,124.21498966217041,3241.7852889071787,38.3,10,2.763756036758423,0
35.218626660242386,-0.19464233788958804,1307,5.642445283085818,102.35875844955444,359.3452555625474,38.9,60,1.2447185516357422,0
35.16485683713206,0.023740947520841084,1458,5.585694784686566,131.86794662475586,1763.2488261307767,41.2,40,0.6521620154380798,0
35.131257103129506,-0.34843298828780994,1669,1.966750699751516,116.53495216369629,398.65529831547457,43.0,20,3.700814723968506,0
34.96414227939209,0.09113683998963588,1999,1.8543365045619793,146.29144191741943,3013.105070523699,36.1,10,1.171434998512268,0
35.390715165893724,0.09212089247098142,2361,7.874529729783164,147.08410167694092,1694.2991767085623,43.4,10,2.037483936874196E-4,0
35.34505007778068,-0.29632075994111273,1945,1.4661737773142816,107.16136646270752,99.6640695427018,43.4,10,8.171839714050293,0
35.10174542628227,-0.07143544499921792,1218,3.7335449349384007,116.33408260345459,891.4280151812596,38.7,30,0.22421400249004364,0
35.277130712880165,-0.018557211201966295,1595,7.205704629517352,107.24820518493652,563.7887736111815,43.7,30,3.0244669914245605,0
34.76188474801226,-0.028046831209765838,1419,8.451403486281661,109.24514961242676,1904.0916366964852,39.4,10,5.274392604827881,0
34.774574993882,-0.05862507738191934,1213,5.2725780682081185,96.55889749526978,2808.3522429197697,37.5,30,29.812150955200195,0
35.099168497438676,-0.21434654592552038,1404,2.7020775212775248,108.0540189743042,2292.2806985143093,36.8,20,0.5362687706947327,0
34.870896927414314,0.00961680809835911,1793,15.271858835979632,131.36324834823608,630.3350113729207,40.4,20,1.034012794494629,0
35.01027214103411,-0.1795595587053176,1169,0.463735342881014,93.87169170379639,697.6513675641025,41.3,30,1.8418458700180054,0
35.35060045857702,-0.36951217465314035,2190,3.3403745586127003,124.95374870300293,797.3096951624256,40.4,20,2.735579490661621,0
35.22454150928503,-0.06726662612147635,1423,4.718597759235523,124.45808410644531,99.66468684889097,45.0,10,1.932541012763977,0
34.967959134032846,-0.3260001380593948,1246,5.585710058513257,112.09769630432129,2228.55338623792,31.3,10,5.702929973602295,0
35.038137405447785,-0.28756341918623196,1234,2.317473260277461,94.70985174179077,298.9923262105777,36.6,40,3.9658634662628174,0
35.07684473292318,-0.15851648084307576,1260,3.2427514650854445,100.60427951812744,2491.613374308151,25.9,10,19.195009231567383,0
35.12928346838087,0.026240719627462147,1909,21.39844774937802,113.46054029464722,1016.3846159304065,41.1,20,2.372687339782715,0
35.378216815395895,-0.17719160289939395,1773,16.763303523099058,113.56745433807373,597.9869158790182,39.5,20,2.922147512435913,0
34.91615171122003,-0.10435717883050102,1152,0.0,99.18256187438965,199.3292757129519,33.1,30,2.7293453216552734,0
34.731712971669474,0.04428802209557613,1618,9.195146300115677,103.89941215515137,3294.9700614807853,43.4,10,18.10395622253418,0
34.94485148072637,-0.3262705931892338,1215,2.8185789446351492,105.78975296020508,1059.4421332895263,35.0,40,3.9989187717437744,0
35.17337170671811,-0.06670991132702998,1316,1.4661727222038663,119.70459175109863,498.3234342444548,38.8,30,1.354583740234375,0
35.15114475202395,-0.29465778814635446,1647,7.8478521211791525,130.96662139892578,1409.46285757199,45.8,10,3.286719799041748,0
34.95128198635825,0.09062297557108148,1907,10.188076522828524,146.29144191741943,1904.090607098061,37.2,10,1.6900299787521362,0
34.99718635761609,0.004457929037881572,1785,3.5273172839919273,145.6927137374878,697.6530480049701,42.4,30,3.585221529006958,0
35.21978026183966,0.06187561338375882,1960,5.585697355354627,131.724956035614,918.8630563942867,38.4,20,4.084399700164795,0
35.195605366967754,-0.1623104253817674,1280,2.9667701996070672,129.8203649520874,281.8938463766104,39.4,30,11.562335014343262,0
34.99179333634225,-0.1392951114712133,1168,2.07302895872279,107.48606014251709,918.8619723433711,40.1,30,3.021465301513672,0
34.82337274817396,-0.22997032382948876,1135,1.0368548671799867,95.18315553665161,1793.9579256667364,41.6,30,2.769144058227539,0
35.08715474653772,-0.2270627375820473,1395,3.704791833694711,108.0540189743042,1658.7451853264715,37.8,10,1.0268709659576416,0
35.093844269207295,-0.39565372858607484,1812,2.073067245180673,114.7891492843628,1395.2899088316735,42.8,20,9.252484321594238,0
35.37523179325084,-0.39746994920158146,2254,8.849325028782983,124.95374870300293,1793.9439039358924,39.1,10,0.07933355122804642,0
35.208699946625906,-0.2342456290481135,1604,7.161788097874803,129.68730449676514,1040.5259914423991,39.5,20,1.2180665731430054,0
35.23586034103869,-0.09687570224891967,1502,2.7802885155465065,124.45808410644531,359.3459974710133,42.7,10,4.034639835357666,0
35.37272147470769,-0.04968713104762103,2141,5.003417431607207,134.72788524627686,1481.6223048728968,40.6,10,0.5088649988174438,0
35.09604614120399,-0.16205905647494878,1306,1.6715882890796063,100.60427951812744,2206.1683102794423,30.9,30,1.9303337335586548,0
34.833792973820515,-0.3132260433411315,1131,0.0,116.1425199508667,199.32799210723013,37.0,80,1.401300311088562,0
35.17956332442669,-0.24902695698210206,1555,27.793615659394362,134.27558517456055,222.8560616603237,42.6,10,2.093168020248413,0
35.34226149880489,-0.3630527094669689,2134,4.557801628804384,128.01849174499512,1508.186151565329,38.5,20,1.8203086853027344,0
35.027532488698625,-0.23237739939916885,1205,1.9113769934532814,100.98622608184814,222.85619312125928,29.8,10,1.1803566217422485,0
34.926026045459736,-0.07394954560144167,1175,0.4637353428839794,88.86924982070923,1001.617608175801,36.1,30,2.571866035461426,0
35.094932682339085,-0.14390408197820387,1234,4.830170980604407,102.59629154205322,2156.0741830494844,32.0,10,2.4448928833007812,0
34.79391067552316,-0.1537473631160365,1135,1.0368539438675448,100.07862663269043,2277.067679021366,43.1,30,3.507647752761841,0
35.31776407245496,-0.2781865652128529,1892,20.619176902257944,107.16136646270752,597.9848875860075,45.7,10,5.634578704833984,0
34.99536923675296,-0.06071775043676801,1200,1.3114415606404572,94.65282535552979,1195.9763009775738,35.1,40,0.6221106052398682,0
35.19219108849443,0.0018997166181198744,1381,2.3174627386378353,131.86794662475586,140.94720033136522,39.5,10,0.6781672239303589,0
35.37228569101204,0.06654021955948276,2168,3.2756023589376513,147.08410167694092,697.6528079422368,42.0,20,7.674359367229044E-4,0
35.092757161372674,-0.20890926421190978,1360,4.267613725855063,108.0540189743042,1703.0659760414449,33.8,20,0.4511103928089142,0
34.9279943889676,-0.15386091791825485,1155,1.4661765917144376,81.83048439025879,99.66454477082108,38.6,10,3.314256191253662,0
35.17141848161383,0.005715915240293722,1552,5.003416866402442,131.86794662475586,1993.2943248865683,42.4,10,0.6135639548301697,0
35.09608087118683,-0.2947420958333587,1360,3.5273567188146866,116.11215019226074,398.65629776788927,31.1,30,0.7792901992797852,0
35.078603242013415,0.01891891127031722,1915,4.366493093303495,112.8200478553772,2044.9490053716042,41.6,10,3.390747308731079,0
35.31233931963885,-0.3138356586119145,2124,6.006589140954743,120.11456489562988,2092.9438142411545,36.4,10,8.722291946411133,0
35.03059272939443,0.03260707804955038,1888,6.982962588118399,108.59018850326538,1720.4796705788185,40.1,20,4.573325157165527,0
34.99834104116759,-0.36848751337150826,1419,6.61034410194172,128.00864696502686,759.0162539946855,46.5,10,4.885447025299072,0
34.882685895926656,-0.08843104025808808,1160,1.390964738372543,93.84386920928955,1763.2478726903018,40.0,30,1.248682975769043,0
34.969255876195554,-0.26821683735064106,1162,1.4661734278399998,101.53885078430176,630.3316649292657,39.1,10,34.2435417175293,0
35.12115101403717,-0.35351680965229415,1554,16.538922603833537,107.70154333114624,199.32759036633638,44.8,20,2.6231977939605713,0
34.895191217645674,-0.2875086296315369,1137,0.46374119771505734,112.4322338104248,222.85572205254795,39.2,10,1.417198657989502,0
34.931747981898695,-0.23846885819848324,1140,0.463735342881014,93.33990859985352,1426.975611049905,44.7,40,1.8397765159606934,0
34.92333365252994,-0.15709495007564822,1151,0.0,81.83048439025879,222.8566860990769,39.4,90,3.7991364002227783,0
34.99468153832067,0.023072599229656578,1797,1.311441246590385,145.6927137374878,0.0,42.6,30,3.9109199047088623,0
34.80935457101553,-0.35418277233658413,1141,0.4637442230094212,115.06833744049072,199.32758056776788,41.0,30,5.771209239959717,0
35.275429282142944,-0.029891276248380737,1584,19.532071724634513,107.24820518493652,1471.531828359482,44.4,20,2.3426177501678467,0
34.91946314217422,-0.3694510525290883,1480,6.464860749435276,119.45838165283203,2408.4824254600653,49.6,30,2.779247999191284,0
34.961221282237226,-0.2019595224995172,1143,1.6715908195486944,99.08784103393555,398.6576695612415,46.9,40,2.648031234741211,0
34.840969865683846,-0.18601586070664936,1139,0.4637353428839794,90.85835933685303,1276.3278578724394,45.1,40,6.764565467834473,0
34.70195481615556,0.04922882791804381,1571,1.0368534948902945,103.89941215515137,2192.623434025437,45.0,10,11.41281509399414,0
34.96072693431345,-0.30951183997750226,1182,2.317484365538472,112.09769630432129,891.4220118019299,35.5,30,3.0365469455718994,0
34.759720868758656,-0.05464362395206381,1344,11.030158071680434,96.55889749526978,2989.940899421132,34.1,20,5.783820629119873,0
35.383385857183534,-0.3293894551492635,2125,5.9177450075008675,119.22164916992188,0.0,40.6,20,1.181881308555603,0
35.102467538961754,-0.09399658355867412,1226,0.6558069329945474,116.33408260345459,1658.7504038714656,39.7,30,0.2784958481788635,0
35.38361151960327,-0.3028800645202406,2057,16.113810676974524,119.22164916992188,1890.9922060752922,40.0,20,1.6493910551071167,0
35.14329270315514,-0.3078422061306012,1648,4.140689619824275,116.53495216369629,2598.9196899264703,42.8,30,2.5592100620269775,0
35.281233919968784,-0.28680727594545996,1881,9.206548591246944,113.28399467468262,2156.064326244987,40.5,20,7.787390232086182,0
34.80018051092956,-0.06480822717805894,1168,0.927410536090286,98.42325210571289,1594.6349895822555,37.5,10,8.4273681640625,0
35.2046288554021,-0.059721802454211555,1367,15.271866185510461,124.45808410644531,99.66469174813115,41.8,10,1.0165437459945679,0
35.15456956298175,-0.19657680372412134,1325,2.702084175836125,129.8203649520874,918.8606624468083,34.8,30,0.9198028445243835,0
34.98648852499081,0.017487856080350517,1792,7.292819091392415,145.6927137374878,99.66471624432842,40.7,10,3.981112480163574,0
34.763186047556104,-0.03194935159643887,1392,6.024203610560931,109.24514961242676,2044.948904847625,38.8,20,6.589872360229492,0
34.76105268810351,-0.0354253670668348,1384,3.9828618719667537,109.24514961242676,2540.961539826016,40.0,30,9.320890426635742,0
34.88120182743059,-0.3242448586755546,1181,1.0368565102068703,105.01800727844238,1395.2951902621717,42.7,20,11.224980354309082,0
34.897768859206714,-0.1259027788252475,1150,1.0368552079705988,82.33929634094238,2192.6212783589644,38.2,10,2.4071216583251953,0
35.36879075242594,-0.2873520198135563,1961,7.953997708860205,112.93021297454834,445.7114441050959,38.0,10,7.5870442390441895,0
35.26307673078444,-0.1415190942227576,1457,5.566662696030196,122.74016284942627,1299.466999358535,42.9,10,1.3343342542648315,0
35.12293739028307,-0.15777526033958908,1248,2.495774184180965,115.02675151824951,704.7346852273556,35.0,30,1.5077707767486572,0
34.89689883952289,-0.15749491281425476,1149,0.9274134340435465,85.5480785369873,1896.2471015963345,45.5,30,3.012937307357788,0
35.19599095371079,-0.22368826968020267,1497,3.3403441937002762,134.27558517456055,1204.2489084876725,33.4,10,1.3749070167541504,0
35.12750527143791,0.03458690162964483,1642,30.99303155695911,113.46054029464722,99.66471134508944,43.8,10,1.7690883874893188,0
35.215159862780624,-0.017804964749239,1390,3.982861732374244,120.31810855865479,99.66471624432842,40.1,10,1.0342880487442017,0
35.3296959122689,-0.356940557216643,2063,1.466197401657817,128.01849174499512,597.9826535161785,42.3,10,3.118461847305298,0
35.003599894861765,-0.009147370584082366,1466,11.30465574084442,106.12790489196777,99.66471624432842,41.1,10,1.3350390195846558,0
35.270019299849324,-0.38728279160819556,1950,5.411958253156808,124.79443073272705,298.9908270305922,38.0,30,3.7487921714782715,0
34.79464511120049,-0.17191038530394906,1139,0.6558079655124567,100.07862663269043,2255.1502167261497,43.8,30,4.1835618019104,0
35.04308648453371,0.08182221028372773,1959,6.197519228375751,129.44190740585327,2081.059348437413,36.7,10,0.9849458336830139,0
35.269585707011124,-0.18833570088576676,1411,10.065887247632002,108.18236494064331,597.9867395059861,37.3,40,7.320677280426025,0
35.248650958130284,-0.3694837763016671,1986,6.197616526538401,111.27314281463623,1832.295049504173,37.4,10,3.8039276599884033,0
35.12408156845475,-0.018192330898278968,1289,1.0368532054779487,144.83207511901855,398.65886497731367,37.6,30,0.24519935250282288,0
34.89705195846114,-0.2017134979500421,1143,0.9274099368611016,95.0595383644104,986.6273953157291,46.1,90,5.671021461486816,0
35.28576375580145,-0.23076964979485137,1533,15.981287005445012,98.5356035232544,996.6432920370758,37.8,20,0.9508277177810669,0
35.249628769531135,-0.33360772768069397,1990,4.166420516531641,132.63745498657227,2054.623893977466,36.1,10,7.235142230987549,0
35.20207649857083,0.08370006119417749,1974,2.4957664520028886,131.724956035614,1398.8602653561175,37.7,20,4.349800109863281,0
35.18937265333249,-0.021686246348099292,1339,4.267612524699528,118.15802955627441,597.9882974659705,40.4,30,1.7716846466064453,0
35.29148499456243,0.03515390988700549,1862,4.6503466898995125,89.18272972106934,2054.6406601124927,39.6,10,4.795173645019531,0
35.10857780566239,-0.09957449950134589,1228,0.9274113218265903,116.33408260345459,1384.585535274794,38.5,30,0.3598713278770447,0
35.15478672640083,-0.2215855401213559,1372,1.0368547404778787,134.27558517456055,630.3327494268405,33.7,30,2.22190523147583,0
35.03862482158901,-0.16317393278887682,1205,0.9274136853350209,93.87169170379639,2443.3057478627316,35.0,30,1.9481627941131592,0
35.29314652951933,-0.20211392485180882,1464,6.983003855903815,98.5356035232544,222.8564122226462,39.3,10,1.1407651901245117,0
34.77830064479568,0.04453289765619169,1606,9.296231733253281,118.319899559021,2616.079893052951,41.5,10,9.130167961120605,0
35.18063042635263,-0.06482072227780294,1321,2.7802903094565887,119.70459175109863,422.8414554941071,39.1,30,1.2655469179153442,0
35.25374005067079,0.002106969742266403,1663,12.674258924075447,89.18272972106934,1837.7266548136315,45.3,10,1.3996779918670654,0
35.10390004254527,-0.22703048316393667,1476,0.4637353428839794,121.1725721359253,2465.559580881184,41.6,30,0.49710607528686523,0
35.22384901041559,-0.2998449035085657,1894,14.085513980551424,140.4625997543335,410.925425202828,44.4,20,5.31512451171875,0
35.02966408805905,-0.2836288991597009,1222,1.0368633446394342,94.70985174179077,199.32824686932858,36.7,10,3.367145538330078,0
34.808673929825055,-0.3968043219599083,1430,10.258624899256768,115.06833744049072,2326.6691211297643,45.3,30,4.853935241699219,0
34.74790701130736,-0.38977006642078416,1292,6.006726980934218,103.94532775878906,2151.441419523345,35.6,30,2.6557416915893555,0
34.9415220478739,-0.3845558862657213,1574,0.4637458194514468,119.45838165283203,2412.6008795294447,45.7,30,3.883685827255249,0
35.25586128242154,0.02565512823960871,1625,2.3174628200636427,89.18272972106934,1026.1110565580243,42.2,40,2.4672882556915283,0
35.366554549963496,-0.26210902899168376,1830,14.22538421415889,112.93021297454834,281.8929595165513,43.6,20,2.21476149559021,0
35.030507566829016,-0.36732598669773514,1553,9.689340070449786,119.38974857330322,704.7289691235029,46.9,20,1.922800064086914,0
35.120849130445976,-0.3548309802707775,1534,6.937650836112164,107.70154333114624,199.3275707691989,44.3,10,2.9011826515197754,0
35.35032793404755,-0.050701910298099916,2267,12.162154594687005,145.5918083190918,3429.3927213866887,42.0,10,0.37613195180892944,0
35.24834830212085,-0.14775510981860737,1485,4.390872970313042,162.29397678375244,945.5010297538681,41.9,30,1.3809025287628174,0
35.121591860795796,-0.18878408311449582,1322,1.911362822459774,115.02675151824951,1040.527474784424,33.4,20,1.1607391834259033,0
34.79416350250003,-0.0478420202267229,1202,2.317463256189867,109.24514961242676,1395.3058216525508,40.2,30,18.70311737060547,0
35.29634530794303,-0.3775144267147809,2015,7.874676785780913,124.79443073272705,498.3183145120446,38.8,10,10.707198143005371,0
34.97305698487283,-0.18880404739523207,1149,0.4637378665373676,92.81751441955566,398.657826337324,46.0,30,1.5964552164077759,0
35.32571573500692,-0.1850217103034996,1648,16.017588004467825,106.76100826263428,536.7095768866761,42.1,40,1.0141783952713013,0
35.01082676955035,-0.2687426189052623,1190,1.036855480182533,94.70985174179077,638.1621408143467,38.3,30,2.1862781047821045,0
35.17363700709068,0.07947179795452193,2052,20.153252884794192,129.1945743560791,1607.0445505647936,38.6,10,6.1635589599609375,0
35.38865195343805,0.022095923504542606,1880,7.874528998129739,100.90661716461182,803.522630772813,40.2,20,7.323407173156738,0
34.931101989253705,-0.16862279348188752,1155,1.390963080774087,81.83048439025879,1268.5221216229834,38.3,30,14.039257049560547,0
35.075582300049234,-0.08532900305463315,1204,1.466171989525166,107.6114559173584,1904.0907006979407,35.0,30,3.2627112865448,0
34.94748445920838,-0.08942415728245985,1168,0.9274099368611016,88.86924982070923,0.0,36.3,30,2.205305576324463,0
35.31548234540802,-0.37833520684287203,2139,2.3174809202034505,128.01849174499512,821.8475779645822,42.7,20,8.155407905578613,0
35.20411863882338,-0.030588227204649703,1347,4.718597662357764,120.31810855865479,398.6588453803578,40.4,10,1.2113523483276367,0
35.38064582037717,0.07597024084780224,2215,2.702073166186954,147.08410167694092,281.89427594844847,44.1,20,3.749909810721874E-4,0
35.185482501928895,0.07759120358943496,1917,12.972146664156647,129.1945743560791,398.65868860467594,37.0,20,6.478263854980469,0
34.903630525747275,0.028055404692341697,1694,10.632732258693219,138.7496542930603,597.9882680705366,42.3,10,5.395901203155518,0
35.1066134488191,-0.2560597546412066,1336,1.390976986754405,130.93061923980713,0.0,36.2,40,0.7790159583091736,0
34.90806540513436,-0.10838254387626767,1153,1.4661720882494838,99.18256187438965,199.32926591446625,34.1,10,3.41353440284729,0
35.19421045376632,-0.35612093731346406,1949,3.3403463791138197,108.3173656463623,797.3102438825177,38.9,10,8.695175170898438,0
35.1187349958642,-0.08553989506443065,1244,1.6715842202731057,116.33408260345459,2005.7126397765398,37.2,30,1.660516381263733,0
35.22561801460323,-0.198636209125938,1331,4.267613601518972,102.35875844955444,140.94678461657082,37.0,30,2.0108096599578857,0
35.23012743114107,-0.3176952106716048,1988,6.6104342490975485,132.63745498657227,2465.5506119957263,38.9,10,11.47374439239502,0
34.83821797693927,-0.1718138613442302,1138,0.0,90.85835933685303,778.404634116513,48.2,30,3.318167209625244,0
35.24472355012726,-0.010453317286185341,1611,16.017519122714006,120.31810855865479,1607.045261545626,45.9,20,1.2348016500473022,0
34.906424260839806,0.042901501026323494,1769,1.9667328560518347,138.7496542930603,1896.2503641026346,42.2,10,5.534430503845215,0
35.34595728705657,-0.0354001189694311,2114,4.14064228228077,124.21498966217041,3100.8381024329533,39.7,20,2.3665950298309326,0
34.9188832322111,-0.1464732718563739,1152,0.6558075677440915,99.18256187438965,445.7134598385492,37.5,30,2.378582000732422,0
35.20553231358826,-0.15636275053111331,1297,2.7020752129879826,102.35875844955444,359.3456088524841,39.9,10,25.88533592224121,0
35.3031089593569,-0.21323590578671905,1450,4.16637901323011,98.85570621490479,140.9467222592459,40.0,10,1.9143640995025635,0
34.88662517295327,-0.17398182631484094,1144,0.6558080038912348,85.5480785369873,2491.612394458406,50.4,40,5.634810447692871,0
34.72380562302868,0.06328217107127684,1606,6.282322558809812,98.9084358215332,2132.917441099602,43.2,20,15.750772476196289,0
34.857402805814424,-0.23711965942266922,1136,1.6715880564153294,95.0595383644104,1195.9715976978716,45.6,20,4.143474578857422,0
34.739537989086216,0.0629580956100476,1621,4.14064413000542,98.9084358215332,2890.275918617838,44.3,10,13.090178489685059,0
35.23590784760699,-0.2164447479211773,1461,5.170755783697222,129.68730449676514,1426.9766632502922,38.5,30,1.7074147462844849,0
34.890019982251594,-0.1603395722402522,1145,0.9274099368611016,85.5480785369873,2633.105951376031,44.4,30,3.2884039878845215,0
34.7157915324364,-0.023270061757890863,1454,3.955945151306963,124.56930828094482,704.7359670139768,44.6,10,7.2355475425720215,0
34.89207896448366,0.05624531781418159,1805,18.37875446489963,134.11306190490723,1622.4237164872536,36.6,10,5.222126483917236,0
34.79298374110224,-0.149110761713245,1137,1.4661723250531666,97.51497077941895,1782.853751713808,41.7,30,3.661965847015381,0
35.1223205960084,-0.19577188433023038,1334,2.3633191758819088,115.02675151824951,498.3221849366131,32.7,10,0.9519156813621521,0
34.951761657544075,-0.2724685217724966,1149,1.8543551053353735,101.53885078430176,1829.5910003374045,41.5,40,2.438709020614624,0
35.31633900052911,-0.12780631122832106,1781,20.491911970919325,106.57208347320557,99.6645986625266,42.1,10,5.393277645111084,0
34.77378318426333,-0.039257918526204284,1302,3.3722194325941715,109.24514961242676,1494.9705966877534,36.6,10,5.212176322937012,0
34.95159311408447,-0.39456039612916766,1599,0.0,128.00864696502686,2497.5619009783823,49.5,20,5.744517803192139,0
34.97207118588972,-0.19947708318939716,1146,1.0368544525480479,92.81751441955566,996.6442228956379,47.4,30,1.7761203050613403,0
35.12555464224114,-0.3710413857958754,1795,3.7336010174341627,107.70154333114624,1524.5614853643162,42.1,10,4.888635158538818,0
35.18536880659311,-0.30680455688622477,1910,2.8186169658027116,108.11863803863525,2779.8939151858835,39.8,10,7.419104099273682,0
35.204741476089694,-0.0317957596076436,1349,0.6558065419987235,120.31810855865479,498.32355672544725,40.4,30,2.090993642807007,0
34.74042073155889,-0.05123456938225852,1376,0.0,107.31008577346802,2790.6116433051016,38.3,20,4.231664180755615,0
34.95046191375947,-0.07331218062517014,1181,1.0368533625901648,94.65282535552979,1398.8604028843665,35.3,20,2.187922477722168,0
35.14833058071721,-0.3576658591863051,1800,5.232139980272321,107.70154333114624,1384.5733520429678,43.3,10,5.7871479988098145,0
35.36727973558086,-0.11117920784699734,2148,19.84822062779733,135.73330307006836,1409.4706868847966,42.2,10,4.030633449554443,0
35.261219597093145,-0.3661801576324151,1947,3.7335608241108678,124.79443073272705,1200.110248841747,37.7,10,22.45654296875,0
35.058437516198765,-0.0415576946829214,1263,1.67158395321058,104.0775842666626,298.99411933755067,35.0,10,1.8922228813171387,0
34.77252517606181,-0.36210701606434315,1250,16.274871095149784,110.90058755874634,2749.347005569004,38.8,20,2.6237761974334717,0
35.11927613983725,0.08259458536567706,2003,9.689289754946715,135.17668628692627,996.6466725192786,38.4,10,3.5058491230010986,0
35.04936434829565,-0.11727485089978906,1187,0.0,102.38191223144531,1268.5234934819398,35.1,30,2.104753017425537,0
35.257969751432285,-0.22593268351695148,1398,4.627367505919335,98.5356035232544,359.34490227226337,38.9,10,1.7974817752838135,0
35.38657868740535,-0.1958003052294546,1687,4.557747599501156,113.56745433807373,1136.3493622327928,37.9,40,2.3463339805603027,0
35.02287156185075,-0.020955082354177295,1762,13.4494900520047,106.12790489196777,2292.2884736195538,43.7,10,2.506417989730835,0
35.120286916759426,-0.2504082472846287,1362,1.6715885441259961,130.93061923980713,222.85605070524224,32.9,30,0.8919320106506348,0
35.314593553179016,-0.20291498407525382,1607,21.64964311968187,98.85570621490479,704.7338537969495,40.1,20,1.0362595319747925,0
34.98267520173327,-0.19344960136534686,1152,0.4637379866058227,92.81751441955566,896.9799769791757,47.4,40,1.6466078758239746,0
35.24061403585706,0.0507543959984548,2008,11.858328320090639,131.724956035614,1763.2485661016074,41.2,10,15.308432579040527,0
35.370608203595864,-0.3533183381267887,2188,2.495772622604271,124.95374870300293,918.8547904737518,39.0,10,0.716503381729126,0
34.76661474597663,0.01154411911553882,1455,3.3722187738581595,118.319899559021,704.7359670139768,38.6,10,9.541838645935059,0
34.90971347434708,-0.3131550733313031,1156,0.4637353428839794,105.78975296020508,1001.6107642427146,38.1,20,2.70930552482605,0
35.3724456921137,-0.17860667338487665,1677,9.240261142590507,113.56745433807373,0.0,40.2,20,3.130547046661377,0
35.255134452451195,-0.01805345297149495,1454,6.415609765933846,107.24820518493652,498.3235812216421,41.6,10,1.2048624753952026,0
34.964968831679776,0.09082934791623822,1992,4.627371222746544,146.29144191741943,3096.027681921879,36.6,10,1.0500990152359009,0
35.21354431874156,-0.27987035198375765,1923,5.642445534917006,140.4625997543335,2081.0484023984163,43.3,10,4.766411304473877,0
34.94124687707732,-0.2669013286879558,1142,0.463735342881014,112.00077390670776,498.32096012196297,41.3,30,1.6917424201965332,0
35.271444710442914,-0.37942867490541804,1967,1.3909935942472762,124.79443073272705,422.8370696852393,38.3,20,6.745050430297852,0
34.985467117758816,-0.06662633257453106,1199,2.3174633045454542,94.65282535552979,498.3234342444548,33.2,20,0.7748445272445679,0
35.1179464658563,-0.051585283098129514,1219,3.3403274994139176,116.33408260345459,99.66470154661077,37.9,10,0.2924457788467407,0
35.16952841267061,-0.19411449390129623,1297,2.0730372849436454,129.8203649520874,99.66444188657508,36.2,40,1.9594402313232422,0
35.15487988170255,-0.09811634312630163,1256,1.0368544195058547,119.70459175109863,222.85692711005757,39.6,30,1.665691614151001,0
35.375478328192514,-0.010499368960415532,2241,12.294490519054008,134.72788524627686,1127.577547222363,40.5,10,1.3462644815444946,0
35.02363806653135,0.0530996065240938,1890,5.585695121212986,129.44190740585327,2081.0599622322875,32.6,10,2.9866228103637695,0
34.985222507388414,-0.05682258502962257,1211,0.6558066526173066,94.65282535552979,498.3234832368554,34.2,30,1.1832568645477295,0
35.33488161243222,-0.2797170421723425,1966,1.91138361251373,107.16136646270752,359.3441780260952,42.1,10,4.149712562561035,0
35.19933184255857,0.05303395683567966,1699,11.367656015603803,129.1945743560791,298.9940899421132,44.5,20,2.158562183380127,0
34.89011818060941,0.0970276116849648,1746,3.955945564756499,134.11306190490723,99.66464765496089,39.5,20,2.8644847869873047,0
35.01861463058595,-0.0840067961636287,1185,0.9274099368611016,98.31086540222168,498.3233362596393,36.2,10,3.257953405380249,0
35.04241681745406,-0.03763589699804814,1290,2.9667659433108384,106.12790489196777,1508.2006828683932,36.6,30,1.931958794593811,0
35.22285933063797,-0.24921632001256952,1652,9.657188670551463,129.68730449676514,2683.542343939955,41.8,20,1.33809232711792,0
34.812879059435424,-0.0713338354814841,1170,0.6558067449939036,98.42325210571289,199.3293638993011,37.6,50,12.424915313720703,0
34.898258425177836,-0.3374214367416118,1209,4.718675931713865,105.01800727844238,638.1601958339888,41.1,40,5.190117359161377,0
35.35075202268555,0.050458479812381885,2131,10.106786315949199,147.08410167694092,315.1674592081962,42.1,20,5.4610443115234375,0
34.89753904790983,-0.1848701530079325,1142,0.4637353428839794,85.5480785369873,851.5335740500046,43.7,40,4.671794414520264,0
35.34118119018365,-0.39022987107007473,2175,9.03551212656919,128.01849174499512,1001.6067267926319,40.5,10,0.8231505155563354,0
35.127405330193696,-0.33575589836346953,1600,10.467207160446751,116.53495216369629,281.892044939193,42.2,40,2.9061367511749268,0
35.39899808993245,0.010146897366222428,1879,7.449769701228979,100.90661716461182,99.66471624432842,40.5,20,7.423645973205566,0
34.88972953583333,0.00888565829645023,1675,12.061829601938634,131.36324834823608,1096.3118786876125,41.5,20,3.051994800567627,0
35.094327651017245,-0.17926576308819908,1260,7.435644868723739,100.60427951812744,498.32240540293037,30.8,30,2.882120132446289,0
35.2512034643546,-0.3269819685074702,1950,8.301796294106355,117.83059692382812,1337.1319002813448,39.4,20,7.557171821594238,0
35.04457203557219,-0.3673869264940769,1653,12.400849462623569,119.38974857330322,1127.5662951684926,46.8,10,3.109301805496216,0
35.129096606268625,-0.19095492974744951,1327,1.4661726373226327,115.02675151824951,1340.8480638287983,33.6,30,1.0969005823135376,0
34.80451314429639,0.03842015506692479,1511,10.065879483137321,124.67988348007202,0.0,42.4,20,6.3757004737854,0
35.14142368370082,-0.255266664468418,1498,13.684774607314601,130.93061923980713,536.7083368713286,40.8,10,1.06904935836792,0
35.34376500482012,-0.045765035215065614,2181,8.488392746372966,124.21498966217041,3330.9487994108936,42.7,20,1.3456025123596191,0
35.34680900846326,-0.3110904658309812,2058,7.3930996395736,120.11456489562988,918.8567327459161,38.0,10,9.259781837463379,0
35.13046065925584,-0.1623489080810269,1239,2.8185780169818524,115.02675151824951,697.6516762168102,36.2,30,0.636765718460083,0
34.80201109003149,-0.010133270413537343,1260,17.860717878388108,115.11287212371826,498.3235812216421,30.2,20,6.467029094696045,0
35.00373116357001,-0.20703595902029492,1168,1.6715911794268365,100.98622608184814,1388.1644981154523,40.4,30,1.084610104560852,0
35.070869935651395,-0.2678628622274243,1355,2.317471849184832,116.11215019226074,536.7080730379063,34.9,10,0.7456269264221191,0
35.25429138327039,-0.294107563774693,1800,2.317473711676198,113.28399467468262,298.9922380237278,43.6,20,7.5162353515625,0
35.3336445871982,-0.0851238327986439,2281,22.132210110569943,115.12260723114014,2052.221104300777,40.0,10,0.17826874554157257,0
34.83425211091233,0.04273066914230476,1692,9.657190611142244,124.67988348007202,1524.5768489516608,42.1,10,8.600091934204102,0
35.346879458766885,-0.294148941586658,1957,4.650406175654847,107.16136646270752,398.6563173649704,43.5,20,8.586664199829102,0
34.80869778394103,0.06359188061170556,1646,19.08844535748936,123.45417833328247,1914.4961159348659,41.1,10,7.203694820404053,0
34.83573281748949,0.01737392446260019,1499,6.2823225007981796,124.67988348007202,99.66471624432842,47.6,20,2.5947916507720947,0
34.851768923695346,0.08367392074078289,1748,3.242751465064752,134.11306190490723,2540.9604156665596,38.4,50,18.508342742919922,0
35.037147036359684,-0.09983300606477295,1183,1.0368535113506403,102.38191223144531,918.8626047065607,37.3,10,3.5700907707214355,0
35.2947413087147,-0.26412203582570687,1778,11.519181847183178,113.28399467468262,638.1622662967468,43.9,20,2.5148110389709473,0
35.148928202790316,-0.2744756677051025,1509,13.239765636153416,130.93061923980713,0.0,39.6,40,2.6206138134002686,0
34.766727387336054,-0.3985100290138795,1409,5.56678616190333,110.90058755874634,4032.3727566816196,40.7,20,8.074891090393066,0
35.16649377138536,-0.3706459264895908,1911,3.3722240254964637,108.3173656463623,2631.197366419837,41.7,10,8.579785346984863,0
35.384933495842105,-0.3255193898905722,2127,5.392201980343918,119.22164916992188,199.32787452461335,38.3,10,1.6766891479492188,0
35.29075421218725,0.0896618428272962,2141,6.197520155966568,133.68057441711426,896.9819170810036,37.8,20,3.3454933166503906,0
35.07677035580456,-0.10635781884472591,1197,1.6715845291885671,102.59629154205322,0.0,36.3,30,1.9737932682037354,0
35.18263716892133,-0.016163069080997326,1330,0.6558065055854752,118.15802955627441,0.0,40.9,10,1.016268014907837,0
35.21164068323458,-0.24339614615063876,1582,8.045666363949097,129.68730449676514,1993.2857022075384,45.8,10,1.107767939567566,0
34.916928455823815,-0.24631984519819927,1139,0.6558095333922394,93.33990859985352,918.8591718725863,47.8,30,1.3244680166244507,0
34.766436847303495,-0.3613200464803695,1201,5.10865580998741,110.90058755874634,2491.593777240032,38.9,20,3.591630697250366,0
35.29042360800119,-0.19770890440294972,1442,2.818578165373173,108.18236494064331,222.85643413277302,39.6,10,0.9995906949043274,0
34.79893140470343,-0.18994993871944021,1134,0.6558082968964827,100.07862663269043,398.6578067403171,41.9,10,1.6783369779586792,0
34.74921286851792,-0.03253116083915541,1499,7.0280982670757455,124.56930828094482,3290.4451992663544,41.1,10,8.052574157714844,0
35.15439660210754,0.013104187947470224,1398,2.9667655900669434,131.86794662475586,99.66471624432842,41.6,30,1.3009945154190063,0
35.12693491190213,-0.3174045317795151,1591,11.076551791336419,116.53495216369629,2032.7542430161102,45.5,40,1.6797871589660645,0
35.16176759181555,-0.14312016290601026,1300,2.9304269107283574,132.58636569976807,896.9811234034903,37.0,30,2.147935390472412,0
35.347446100708204,-0.20922220399092256,1546,1.9667391229113544,98.85570621490479,140.94674304502394,42.4,40,5.110387325286865,0
35.2454924998487,0.04676596577152512,1873,28.10003760694068,154.9666452407837,1059.450309823153,43.0,10,2.3202624320983887,0
35.06999403709901,0.09817438289298591,1945,4.9175753887602145,126.4190559387207,2400.2425617984427,37.5,20,2.4881436824798584,0
35.19117059999632,-0.031357822862654566,1335,1.3114412869370227,118.15802955627441,398.6588453803578,41.1,30,1.4814870357513428,0
34.93468628902354,-0.25346232576226324,1139,1.3114476072929935,112.00077390670776,1195.9708922043212,42.5,30,1.7563467025756836,0
35.354438036081504,-0.31807868034365605,2090,6.282330557354703,119.22164916992188,2114.1921038432447,38.6,20,2.5687170028686523,0
35.220402889888184,-0.08129900731451967,1508,2.702074533052674,124.45808410644531,1559.9988731967085,44.5,30,2.364319086074829,0
34.958697476953844,-0.05839465933120967,1204,1.3114415407234306,94.65282535552979,2491.617293703279,34.8,30,0.5567958354949951,0
34.954909176801245,-0.20831354337180127,1142,0.9274099368670311,99.08784103393555,638.1635211193915,44.7,10,3.624695062637329,0
34.817115150230016,-0.37475732420041813,1382,13.750161562313117,115.06833744049072,563.7829258677492,36.0,20,1.6350338459014893,0
35.380626107689,-0.2764009232179209,2023,10.106786545034295,112.93021297454834,797.3132618362747,40.8,10,5.45698881149292,0
34.952816638585,-0.020149809072367974,1668,28.328197507761583,112.8185510635376,1793.9648923979116,41.1,20,1.6372982263565063,0
34.905787820334524,-0.17073020929845045,1151,0.9274140786183926,81.83048439025879,606.2354903225004,42.1,50,6.987500190734863,0
34.906154361748456,0.08619314533902615,1825,5.623579346972197,147.77320003509521,1763.2478726903018,38.5,20,4.531940460205078,0
35.25329559176324,-0.11260921330189508,1571,13.141094376129269,122.74016284942627,1594.633970539948,46.3,10,3.035600423812866,0
34.86385482875446,-0.05834399267594982,1163,0.9274099368611016,93.84386920928955,298.99407524439346,36.2,30,0.4153396189212799,0
34.951979619847336,-0.2198495444460282,1142,1.4661815120635133,99.08784103393555,222.85629171691005,44.3,40,2.115835666656494,0
34.824482572707026,-0.23480125848337013,1134,0.4637353428839794,95.18315553665161,1993.2861921334827,41.3,10,4.029632568359375,0
35.28120322212106,-0.13748066521961783,1536,4.191910352787627,122.74016284942627,140.946999402701,43.2,20,3.5113675594329834,0
34.742588578380385,-0.04901196803212822,1377,3.1078478329082007,124.56930828094482,3091.2128251656745,39.8,20,4.937389373779297,0
34.975810694314426,-0.08957041995281421,1180,0.463735342881014,94.65282535552979,1096.3112858795512,35.4,20,7.9502739906311035,0
35.30714031580519,0.005482302886458247,1590,4.5577253717560335,120.95885181427002,0.0,39.0,10,7.33997106552124,0
35.21751627970878,-0.3406749966774556,1979,4.140700480992959,132.63745498657227,1001.6093856030527,40.1,10,5.637474536895752,0
34.70593542254343,-0.3798745705418186,1247,7.435684034699902,103.94532775878906,2797.692062218428,40.2,20,3.6041600704193115,0
34.73635773530757,0.08010069623094787,1611,3.3403275663601257,98.9084358215332,1040.5297253682857,43.6,10,12.951884269714355,0
35.14507258419246,-0.2029184529688121,1378,4.650346099975456,121.1725721359253,1494.9662608546557,33.9,20,0.7489917278289795,0
34.81982175873443,-0.1964802544828669,1133,0.6558084148130858,90.85835933685303,1200.1186851301156,41.0,40,2.043505907058716,0
35.22572679343169,-0.1456603369898283,1346,2.3633133496752485,162.29397678375244,199.3291189371237,41.3,30,0.9447701573371887,0
35.15967536231435,-0.03540344349063615,1279,1.3114413200815904,118.15802955627441,0.0,38.4,20,1.945622444152832,0
35.340797339546675,-0.15684483155991422,1820,14.527588231291086,106.76100826263428,298.99361961472107,43.9,20,4.177065849304199,0
35.18724465462868,0.00523424338343808,1434,12.187089373907972,131.86794662475586,199.3294422871343,40.6,10,0.6092790365219116,0
35.01142438004617,-0.31770080746197066,1268,4.36651165882458,109.07925319671631,606.2323016102201,40.0,30,3.709709644317627,0
35.294198600188224,-0.3032835609748257,2143,29.182742340130012,117.83059692382812,3600.3418966066174,36.5,30,6.487037181854248,0
35.36973900822481,0.04337986173686136,2264,14.849126317248249,100.90661716461182,1340.8514912844328,40.5,30,0.0024256317410618067,0
34.81206091927966,-0.10584775918265713,1154,0.9274115145770885,91.27813529968262,986.629577819419,38.7,10,3.1335837841033936,0
35.26340310018648,-0.27537260936044416,1732,15.594027153256553,113.28399467468262,1426.9735767936236,44.1,20,4.357877254486084,0
35.0342496385857,0.007778003185718125,1832,22.859407165829378,108.59018850326538,1575.8375284323017,40.9,20,2.2811803817749023,0
35.35934158139551,-0.26220081464710443,1768,1.311448036000955,112.93021297454834,199.3284232428983,41.6,40,2.2626895904541016,0
35.34918532940595,-0.17416547552805647,1703,8.79024196922834,106.76100826263428,140.94688161679917,43.9,20,4.2390947341918945,0
35.35143637129374,0.07049253301056681,2277,13.684670237463632,147.08410167694092,1162.279932126938,45.3,10,6.383289583027363E-4,0
35.267342235085174,-0.38585755579872216,1974,1.9114029408003006,124.79443073272705,581.1337669402158,37.1,20,4.107579231262207,0
34.8319979104964,-0.0517819254476458,1168,0.6558066254959891,98.42325210571289,1409.4717261708374,34.5,20,1.7299314737319946,0
35.11210576723853,-0.31614664661599107,1505,12.457695518556635,116.53495216369629,896.975832202121,43.8,20,1.7578684091567993,0
34.992954959894014,-0.3066450462870984,1223,2.621528449171186,112.09769630432129,398.65610179702503,41.6,30,2.650770664215088,0
34.81429127240113,0.04307205823285513,1542,10.188069307415898,124.67988348007202,222.8570585704826,39.5,10,9.617018699645996,0
34.96715193170359,-0.17747867807948217,1157,0.4637353428839794,92.81751441955566,718.6908290861238,45.0,40,3.4842121601104736,0
35.10856213047613,0.045551958366771526,1903,3.3722196881900777,113.46054029464722,1340.851425371907,42.7,20,4.672236442565918,0
34.95830188287107,0.0657869273812721,1921,13.829307412990834,146.29144191741943,2139.891576683486,35.2,10,0.7461366653442383,0
34.8723265101138,-0.28359415381941033,1139,2.4957923792585675,112.4322338104248,697.6488640426501,38.6,90,1.8035264015197754,0
34.96792245024012,0.06661342607596848,1975,0.46373566072470074,146.29144191741943,3121.589636451024,36.0,10,0.9432321190834045,0
34.726018762491115,0.05511250641577973,1625,5.411849957109976,98.9084358215332,2890.2762027737613,43.0,10,27.013431549072266,0
35.00475758739251,-0.07367822746583975,1190,1.4661719479431063,98.31086540222168,1096.3114475545087,37.0,30,4.328445911407471,0
34.82288769363367,-0.05692735569870786,1173,0.9274099368670311,98.42325210571289,896.9822698263397,36.7,40,5.396786212921143,0
35.01089234787013,0.04445192268539163,1867,5.845602034856442,108.59018850326538,359.34620944457936,38.6,20,3.135559320449829,0
34.70489279314892,-0.016827545707214158,1447,3.2427514650854445,124.56930828094482,563.7887736111815,43.7,10,9.723251342773438,0
35.338391552304394,0.07737386830094017,2473,2.3174648633491275,152.49081325531006,2855.70157481047,45.2,10,1.2433664232958108E-4,0
35.36395358520237,-0.30964680196142697,2098,8.730755429422857,119.22164916992188,1295.6321397686777,41.4,10,1.9324686527252197,0
34.83037929195837,0.03585176889228892,1653,12.32732773255088,124.67988348007202,1481.6224505377543,41.7,10,8.404812812805176,0
35.287360358691394,0.03824183142584097,1828,4.6503468326644475,89.18272972106934,1481.6223777053274,42.5,30,4.343549728393555,0
34.88099175488399,-0.1864240243555151,1148,1.4661725999270026,85.5480785369873,2176.704694969339,49.2,30,5.886812210083008,0
35.07534214327711,-0.35736766131332465,1681,10.066037314108648,114.7891492843628,199.32755117205951,44.3,40,2.4050304889678955,0
35.11108883182354,-0.07837383141777307,1238,0.6558067989955874,116.33408260345459,2118.8999946906415,38.7,30,0.34730464220046997,0
35.2322087814011,-0.21361661777852456,1451,2.9304442672811972,129.68730449676514,1720.4740041128564,37.9,40,1.3753141164779663,0
34.93609284117564,-0.3987951992994573,1466,6.214638052720593,119.45838165283203,918.8524868433044,46.1,10,3.5786116123199463,0
34.89285403409333,-0.37340161508390646,1399,10.308715401693286,115.70798301696777,2335.1949614138216,37.4,20,2.4805171489715576,0
35.18852038577027,0.03469177708510506,1559,27.433037231872298,131.86794662475586,422.84155942267546,41.3,20,1.1128721237182617,0
35.33395112207745,-0.3322603763628355,2104,0.4637431187632593,120.11456489562988,1720.4657158155972,38.4,20,3.544750452041626,0
34.79667445657668,-0.11045710499492953,1144,1.6715846046582745,97.51497077941895,222.85688328989863,34.6,20,9.363919258117676,0
35.249283585961706,-0.12335633973553964,1571,13.648223385860728,162.29397678375244,1837.7245770500404,43.6,20,1.3384380340576172,0
35.178562815248,-0.28910068894179153,1794,9.462224833348232,130.96662139892578,1796.7201835479975,40.4,10,3.1210079193115234,0
34.77565809073582,-0.34029927175914604,1138,1.854366822251035,107.22574234008789,1114.275871484902,41.0,30,1.5808035135269165,0
35.13005145646281,-0.275658585386949,1489,4.366528979789993,130.93061923980713,359.3442310197667,40.2,30,0.9768804907798767,0
34.74189640350386,-0.06755172104110525,1187,1.4661719285769461,107.31008577346802,1853.8703386218453,36.7,50,17.522640228271484,0
35.15506248823862,-0.37528405535937887,1892,2.7021150621495797,108.3173656463623,3050.7507410446324,41.7,10,9.22748851776123,0
35.08056634284314,0.016961682641847473,1865,4.166350370068256,112.8200478553772,2018.0566945122293,40.7,30,3.1378848552703857,0
35.09984867059224,0.07646187285988756,1903,3.73354215238476,135.17668628692627,1059.450049424966,40.6,10,5.558719158172607,0
34.80183336908855,-8.510968506126751E-4,1506,10.457338078493267,115.11287212371826,1059.4505181416569,35.2,20,7.904352188110352,0
34.954918706241244,-0.14497237341032576,1156,1.466176057486534,107.48606014251709,99.66456436780828,38.7,10,2.4539413452148438,0
35.22759486696816,-0.29882300171971626,1863,10.690603264742425,140.4625997543335,422.83879491406054,43.3,10,5.681999683380127,0
35.18060193130172,-0.2919796662908954,1825,15.18216203729797,130.96662139892578,2054.627833021485,38.9,30,2.8951399326324463,0
35.09711778185159,-0.18172511952397552,1256,1.6715894680037944,100.60427951812744,498.3223809066777,34.0,30,2.734881639480591,0
35.27796623244725,-0.009055392221645855,1488,2.81857774995243,107.24820518493652,0.0,43.7,10,3.8646275997161865,0
35.17500548317687,-0.22784990276679168,1400,4.166350197281316,134.27558517456055,704.7332648664848,34.7,10,1.462808609008789,0
34.9709775847446,-0.03829699766724008,1272,1.8543341688414132,112.8185510635376,638.1654974600534,36.3,30,0.4320789873600006,0
34.83825181599641,-0.09166086809178052,1155,0.0,98.42325210571289,2362.704107006551,35.8,20,3.4436779022216797,0
35.311587235449345,-0.09985215893422562,1877,19.99014138036783,106.57208347320557,1694.2989268472152,41.9,10,3.820998191833496,0
35.30724376022046,-0.20155476463616046,1545,16.94491634283317,98.85570621490479,398.6576695612415,39.2,20,0.9592139720916748,0
35.24492100985718,-0.05651441439098046,1494,1.0368535943368309,124.45808410644531,1200.1218708459621,46.0,10,1.5641958713531494,0
35.079858911483925,-5.205992236674512E-4,1724,11.960562344547283,104.0775842666626,2277.071708665814,39.7,20,1.9005892276763916,0
35.367515483648134,-0.3070157727765585,2088,14.148601023952251,119.22164916992188,996.6402544925626,39.0,10,1.9222078323364258,0
35.394037019466595,0.026018040240423698,1968,8.931259930084142,100.90661716461182,1481.6225233701778,40.5,20,7.33962869644165,0
34.78095340470109,0.07132245350803133,1631,7.505998454095215,113.54673433303833,1861.8899110891666,43.1,10,12.118826866149902,0
35.011047828512446,-0.06603114343144027,1196,0.6558067106529789,98.31086540222168,0.0,37.5,30,2.979307174682617,0
34.96385955328022,-0.22008236458585625,1144,1.3909630807829783,99.08784103393555,99.66435859925052,42.3,30,2.310149908065796,0
35.08518557717517,-0.11021668646560132,1197,2.0730284948019326,102.59629154205322,398.65851223196023,38.7,10,3.367746114730835,0
35.067053646013996,-0.28796803103059304,1282,2.702081555763253,116.11215019226074,986.6243398024524,36.3,10,1.3343881368637085,0
35.072480649409485,-0.025328707515930228,1299,3.2756024784949176,104.0775842666626,222.8570804805459,36.9,30,1.7717994451522827,0
34.968446699954,-0.1410547802545149,1161,0.4637353428839794,107.48606014251709,298.9937078011634,39.0,30,1.9605754613876343,0
35.05087011246512,-0.3135929828542664,1329,3.527325482740403,108.93474006652832,1426.9711917998072,43.7,30,1.1650364398956299,0
34.98978292767833,-0.1282725627888063,1169,0.9274099368611016,107.48606014251709,222.8568175596441,39.6,30,3.6021883487701416,0
35.240417816037606,0.0654484492991775,2071,6.86108946747656,131.724956035614,1917.0885289246228,38.3,20,5.238527774810791,0
35.244663011713875,0.07149303886002437,2102,7.205707756556891,131.724956035614,2201.664785594074,36.5,20,3.2079691886901855,0
34.831296992317895,-0.08206363639985179,1160,0.6558068302217357,98.42325210571289,1893.6286777866292,36.6,20,7.263953685760498,0
35.38100959475991,-0.18379376182441579,1655,6.610339628291522,113.56745433807373,99.66447128208478,39.8,10,2.982510566711426,0
35.35936265163966,-0.06838599415103522,2522,20.49190889964958,145.5918083190918,3787.2579140867206,39.8,10,0.18552735447883606,0
34.76114932088237,-0.07051697054212683,1170,1.9113622965438986,96.55889749526978,1195.9761833958064,37.5,40,14.069389343261719,0
35.32926651135475,-0.05293872837309456,2088,21.0456803152928,115.12260723114014,1861.8901856652456,37.6,20,1.2477246522903442,0
35.213294269885004,-0.02998215033222549,1361,2.7020728127835993,120.31810855865479,99.66471134508944,39.1,30,1.100927472114563,0
35.285575111083865,-0.2337036171610329,1527,22.048828432016585,98.5356035232544,597.9858870355972,37.6,20,0.7876895666122437,0
35.25487867872221,0.06617169244365376,2166,0.4637353428839794,133.68057441711426,2562.3711520578822,38.0,10,2.417280673980713,0
34.91006493315669,-0.3598112221426293,1382,5.791001917095615,119.45838165283203,3288.9041093097217,37.1,20,1.5594642162322998,0
35.362250888397696,-0.32164133935912903,2097,2.073053865169912,119.22164916992188,1832.299463042443,40.1,10,3.491070032119751,0
35.30273960135707,-0.2755456968611113,1826,3.7335744604898706,107.16136646270752,1295.6340504839463,43.5,10,2.960320472717285,0
35.38646083033661,-0.39089879956750473,2321,6.658147002248021,124.95374870300293,1136.3397542589869,40.7,10,0.07436398416757584,0
34.78429341691948,-0.37265562474248226,1400,8.790321615696628,110.90058755874634,2608.4485789943824,35.6,20,1.4001051187515259,0
35.210613167188086,-0.2718706676138208,1833,10.690585477118125,140.4625997543335,1914.4862342194117,41.5,30,4.670463562011719,0
35.24282506603077,-0.16601534583127492,1432,7.821095600979893,102.35875844955444,1965.6915012597985,40.2,10,1.395021677017212,0
35.31169045190594,-0.061600754211619854,1973,12.417124136942835,115.12260723114014,797.3175339850492,41.4,30,3.0551059246063232,0
34.84794753971796,-0.07889199361477363,1158,0.6558067989955874,98.42325210571289,597.9880329070139,38.3,30,3.4266765117645264,0
35.33244939899019,-0.1139782775533126,2031,17.81316918130085,106.57208347320557,2396.100049918356,40.2,30,6.246644020080566,0
35.230669674378156,-0.304983530201142,1899,4.98215753064092,132.63745498657227,1162.272333217349,42.9,10,10.685075759887695,0
34.7500858142302,-0.0715651014795621,1163,3.3722189072756645,107.31008577346802,1114.2850189765745,36.9,50,16.449647903442383,0
34.71965448518986,-0.3839174038860569,1296,9.742639096792129,103.94532775878906,3078.299575950475,37.5,30,2.4170711040496826,0
35.132521354198474,-0.17213290636255676,1263,1.036854126784731,115.02675151824951,1409.4688854538435,35.4,30,0.6788643002510071,0
35.19368352289273,0.08442669137676914,1965,9.29623873261328,129.1945743560791,508.1920831333119,37.2,10,4.513365745544434,0
35.03171837622797,0.09939284419585125,1943,9.827085862194966,129.44190740585327,1763.247612660992,38.3,10,0.20985442399978638,0
35.05058030225183,0.09420485885546351,1903,9.069964509461272,126.4190559387207,759.0233805275698,38.8,10,0.7612953782081604,0
35.29236327251848,0.07027338148093945,2155,18.281776814801454,133.68057441711426,2467.5815957411874,38.9,10,1.1580921411514282,0
35.057167287272456,-0.2584277444574182,1279,3.372221294731747,116.11215019226074,199.32845263847807,34.8,10,1.516568660736084,0
35.3844086828824,-0.2043473970751665,1741,20.336924349448648,105.94207859039307,563.7870553231957,40.7,20,2.2368321418762207,0
34.86947471674053,-0.04444874442894073,1178,0.0,111.56751441955566,1818.7102258859677,35.4,30,0.33942973613739014,0
35.072276697415425,-0.324972877410053,1407,6.814825164126216,108.93474006652832,981.5759943158691,44.2,10,1.5243234634399414,0
35.32383215104143,-0.37684757916418554,2137,4.917631254458642,128.01849174499512,581.1340526155519,37.7,10,4.112739562988281,0
35.11972382840877,-0.2889820082304372,1448,3.2756231074565254,130.93061923980713,1200.114732470921,41.5,20,1.359619379043579,0
35.18371090594156,-0.3807460844289594,1899,2.3174953470853956,108.3173656463623,778.3979760891516,43.5,10,6.866572380065918,0
35.09294954142014,-0.2940037823683936,1362,6.937519849261542,116.11215019226074,359.34394838676144,33.3,10,1.0621956586837769,0
35.36619571331689,-0.1890793096091251,1640,5.272604433188519,113.56745433807373,422.84047856431624,40.3,20,3.233539342880249,0
35.392173340887574,0.054348218745967465,2270,6.163253970623285,147.08410167694092,2185.8174433167587,44.9,10,3.4326675813645124E-4,0
34.95331424305961,-0.14613668719958026,1158,1.3114433120992783,107.48606014251709,199.3291189371237,37.4,30,2.3508801460266113,0
35.265333338379115,0.08008711141185186,2150,7.393099247821763,133.68057441711426,1978.2872563786077,39.6,20,0.9301083087921143,0
34.87523881802791,-0.3443940068563264,1240,2.073035221122521,105.01800727844238,199.32768835199488,40.4,30,5.528525352478027,0
35.389965430685656,-0.1309016825707671,2000,5.566653405074706,135.73330307006836,359.34580316180126,39.6,50,5.494609832763672,0
35.04524051119582,-0.16836531328390258,1222,1.466177527541674,93.87169170379639,1893.6256990456002,32.4,40,2.0442261695861816,0
34.88336495636271,0.053408858795078964,1709,8.200300530373045,134.11306190490723,1426.9812929227778,43.9,40,7.711406230926514,0
34.818123411575016,-0.17379115060747083,1138,2.073035372745148,90.85835933685303,918.8612496420501,42.3,30,6.506167411804199,0
35.12128335197444,-0.050387513058396304,1241,3.527317496137603,116.33408260345459,222.8570476154501,37.3,30,0.3569242060184479,0
35.20328030655455,-0.3650571964483189,1868,4.718689356049284,111.27314281463623,140.94580768197756,39.7,10,5.804974555969238,0
35.25425437190214,-0.033340885067030694,1458,3.7047924640678094,107.24820518493652,918.8632370693149,43.0,30,2.641423463821411,0
34.979937207315416,0.02626379022517283,1785,4.1406424759792175,145.6927137374878,986.6303053195761,40.9,10,5.018439292907715,0
34.795196575181386,-0.05142271392025433,1202,1.390963080774087,96.55889749526978,1329.6929670862933,39.9,10,33.740501403808594,0
35.224365347781614,-0.25535884119204993,1851,8.14914053294931,140.4625997543335,2593.186050701856,41.9,10,1.1440786123275757,0
34.82814022194249,-0.003105498532917981,1498,10.308688250803273,115.11287212371826,597.9883268614029,45.6,20,1.5974417924880981,0
34.87665361459001,0.07318278459899963,1741,9.307390273913562,134.11306190490723,1299.4684046815548,39.5,10,8.19804859161377,0
35.29257199840112,0.015887488550495665,1713,15.674861868747177,89.18272972106934,1481.6225233701778,44.1,20,2.0093793869018555,0
35.29021324001492,-0.11936628423001429,1824,24.672163425405607,122.74016284942627,498.3230668012971,42.3,10,4.115522384643555,0
35.11833815358377,-0.019043975770628833,1275,1.671583673665349,144.83207511901855,996.6471624432842,37.1,30,0.24535305798053741,0
35.20541470276144,0.08935379125114955,2010,3.5273179456349246,131.724956035614,1924.8442512581537,37.8,20,4.143301963806152,0
34.710915058519454,-0.08930946565766268,1138,1.6715842736405766,107.31008577346802,996.6466235268648,37.0,30,4.920153617858887,0
34.999628496525766,0.0037217121851689686,1869,17.350275052892474,145.6927137374878,704.7360016568261,43.3,30,3.389829397201538,0
35.32059734852533,0.07342303960621283,2460,8.849279348313967,152.49081325531006,3805.5727253040545,39.3,10,1.7983299039769918E-4,0
35.310194115627084,-0.2366828471885572,1538,12.721917531115455,98.85570621490479,498.3215235370759,41.0,20,0.8369961380958557,0
35.09764464409297,-0.24602050457630195,1430,10.584330562219373,108.0540189743042,1127.5725586409064,37.5,20,1.2383335828781128,0
34.87343543167822,-0.3027104270640051,1136,0.4637353428839794,105.01800727844238,1494.960602206104,41.7,10,1.929020643234253,0
34.870771754902876,0.030684554526314883,1699,5.790914811974609,131.36324834823608,1398.860884233132,41.8,10,6.094207286834717,0
34.87214080447368,-0.24721432102920557,1135,0.6558095470960992,95.0595383644104,410.926293811083,47.8,10,1.9340481758117676,0
35.310195130948614,-0.2913444541405147,2089,5.108655517628022,107.16136646270752,2044.9361382621005,36.5,10,7.227323532104492,0
34.955238371397364,-0.38504126388216936,1587,0.9274308858849705,128.00864696502686,3534.8988764045644,44.8,10,5.642822265625,0
35.33835036862306,0.010361617047378846,1781,14.000591369020615,120.95885181427002,422.84158020838606,41.4,40,5.200786590576172,0
34.77581696252191,0.01753702880545687,1471,17.234866449893154,118.319899559021,1268.5247406251583,35.2,10,8.46090316772461,0
34.95480145102502,-0.2976111308275631,1165,1.4661896558704755,101.53885078430176,0.0,40.8,40,0.7053537368774414,0
35.3287686229928,-0.26701013670012047,1817,5.17075024943244,107.16136646270752,199.32838404878518,43.4,20,3.6100096702575684,0
34.99973414527438,-0.16872844770643583,1162,1.0368567797582855,92.81751441955566,422.8407072076611,43.8,30,1.9800485372543335,0
34.95729031610597,-0.16253021118771918,1165,0.9274099368611016,92.81751441955566,1993.2905034766006,42.1,30,7.542046546936035,0
35.33503981034263,-0.23734911132056022,1763,4.390863605960017,98.85570621490479,498.3214990407799,43.6,30,1.249522089958191,0
35.09393660438988,-0.22170384712611585,1379,2.0730308179623465,108.0540189743042,1872.5232934131955,39.4,20,0.47943341732025146,0
35.03182507549536,-0.10955454815739904,1180,1.3909655981480333,102.38191223144531,638.1650269033081,35.8,30,4.299220085144043,0
35.19573045499464,-0.38399856572713226,1862,5.917787676469976,108.3173656463623,359.34232324266713,42.1,30,4.679720878601074,0
34.796809337764834,-0.12527906161240362,1142,0.927412148446677,97.51497077941895,697.6522249323978,37.1,30,15.52598762512207,0
34.79787687388605,-0.3109928777372478,1137,2.363307350938664,107.22574234008789,1837.7134654918323,45.7,30,5.114657402038574,0
35.29897404668036,-0.2518185909376443,1638,11.067207560474476,113.28399467468262,1295.6352606021592,42.4,20,2.067063331604004,0
34.8919651025662,-0.3342045549005059,1201,2.6215320011765764,105.01800727844238,222.8552400277196,42.6,40,3.3364675045013428,0
35.108258134999396,-0.3573341768039017,1700,3.5273278691089125,107.70154333114624,1481.6085394792422,41.3,40,4.849389553070068,0
34.849057794254506,-0.3972593531866612,1416,10.814592462050431,115.06833744049072,398.65420087464275,44.2,20,2.82875657081604,0
35.00463165019035,-0.09627726864093449,1185,0.9274112603661333,98.31086540222168,1832.3122532361604,33.1,40,7.734474182128906,0
34.83310624684273,-0.03635408603722858,1198,3.7335421120351815,115.11287212371826,2092.9589382468785,34.2,30,1.011854887008667,0
34.80457801239979,-0.15211686584913495,1138,1.0368561268616128,90.85835933685303,1763.245879131279,44.0,40,8.174168586730957,0
34.8306170013847,0.04796790908637605,1615,8.884514847605278,124.67988348007202,1295.64112010594,45.0,10,8.502758979797363,0
34.940260015327475,-0.21513478513568382,1142,1.9113748833915059,93.33990859985352,99.66437819627431,46.8,30,2.6516594886779785,0
34.75136090917776,-0.38009570358144423,1335,10.10691612789264,110.90058755874634,1416.486583146616,34.3,30,4.081797122955322,0
34.906310124664,0.08167394650628794,1815,7.603344730509575,147.77320003509521,2156.0765147600864,39.4,10,3.825599431991577,0
35.03604499285946,-0.1736882039270701,1203,1.4661779097646053,93.87169170379639,1295.638445118371,32.7,30,1.5222219228744507,0
35.25361674115381,0.027966767265488027,1596,5.845600543046969,89.18272972106934,725.5700506756739,44.0,10,2.7127227783203125,0
35.396038428891835,0.03833867158773248,2339,31.9908251577685,100.90661716461182,2475.6199505676227,40.3,10,8.121108985505998E-4,0
34.99900862767493,-0.06191453900766619,1200,0.9274104666749395,94.65282535552979,803.5224332781568,35.7,40,0.7238755226135254,0
35.140354012768725,-0.15075815320629815,1265,0.9274099368670311,115.02675151824951,845.6817469873048,35.9,30,1.438124656677246,0
34.93694596790358,-0.03382117783407933,1349,7.393099224655657,103.33967447280884,1550.4190512164766,36.2,40,3.4237258434295654,0
34.90789770362929,-0.11313854023806552,1153,1.0368535973167428,99.18256187438965,697.6523621112273,34.1,10,3.1638565063476562,0
34.78322023607113,0.07120135920277665,1623,7.505996010206352,113.54673433303833,1924.8447243584676,43.7,20,12.344165802001953,0
35.206765747352534,-0.26379951251283446,1804,13.684790394877067,140.4625997543335,996.6420672218537,40.3,20,3.894141435623169,0
35.35965226070895,-0.22974199278629964,1727,3.242751465064752,105.94207859039307,1136.3481891705771,41.8,40,3.1449599266052246,0
35.25234666757996,-0.3904819749895766,1906,6.4156471288409405,124.79443073272705,0.0,40.1,20,4.025611400604248,0
34.76162758107037,0.08224558416409167,1611,6.282324443434728,113.54673433303833,1796.7303406444128,42.8,20,11.986309051513672,0
35.08752586502492,-0.10435955481842209,1206,2.7020737281301677,102.59629154205322,199.3292757129519,37.3,10,3.2066810131073,0
35.39466825061784,-0.3292671848311651,2189,3.6171791494601115,119.22164916992188,563.7842561654237,37.1,10,0.3472799062728882,0
35.28513037433717,-0.01755734996830123,1555,13.82930311991095,107.24820518493652,222.8570804805459,44.3,10,1.9917302131652832,0
35.33644354476431,0.07781927747737723,2498,9.161193032360625,152.49081325531006,3031.182666777936,45.2,10,1.2705029803328216E-4,0
34.95519781893324,-0.3445802873160672,1440,12.586652170886662,112.09769630432129,1694.2853509919564,38.3,10,2.2825047969818115,0
35.122795651623726,-0.2694145630552845,1431,5.003454849014889,130.93061923980713,398.6567289034515,34.6,10,0.8955694437026978,0
35.05883306014884,0.04828035740286905,1845,1.911362250766802,112.8200478553772,398.6588061864431,44.2,10,4.0390424728393555,0
34.807244506851,0.07631787067618988,1702,6.0242051203297144,123.45417833328247,3167.392986365621,42.7,20,8.253072738647461,0
35.20721579469641,-0.1423434028164974,1329,1.6715872155086757,162.29397678375244,630.3340818070209,36.9,30,4.713089942932129,0
34.78113764978057,-0.3346633228277113,1143,0.6558120819622939,107.22574234008789,398.65557267521046,42.6,30,1.546742558479309,0
35.2622904241712,0.018183818676691266,1682,8.401816864195114,89.18272972106934,2054.6407611128916,43.8,20,1.6781229972839355,0
35.22081822507812,-0.1500730448734124,1326,2.073033460504942,102.35875844955444,315.16697893239865,42.4,30,1.2535964250564575,0
35.010832639611955,0.019672522049149842,1891,7.435644727579669,108.59018850326538,918.8632822380664,39.5,10,3.554879665374756,0
35.079204085101665,-0.027116340499146664,1275,2.317462833111017,104.0775842666626,140.94718647422516,38.1,10,1.076291561126709,0
35.36603174414143,-0.27645178812682675,1916,3.9559505258065135,112.93021297454834,498.3207886476717,41.1,10,3.8661818504333496,0
34.802952251351186,-0.1505652474480487,1141,1.036856063063033,90.85835933685303,1763.245879131279,44.4,30,9.108099937438965,0
34.93136256708132,0.0033975630793558653,1829,8.884512162699021,138.7496542930603,1832.313604307748,42.4,20,4.982352256774902,0
34.72598187925735,0.08356178483276505,1604,3.2427514650854445,98.9084358215332,1550.4183652878583,44.8,20,53.50946807861328,0
35.0402208762628,0.0646643079710248,1930,9.763745456539745,129.44190740585327,1805.0042481771338,35.0,10,2.9775655269622803,0
34.89294851752806,-0.21907849837715843,1141,1.3114459581522968,95.0595383644104,704.733472724352,46.5,30,2.982544183731079,0
35.38066502248998,-0.05547293997302292,2245,12.586539301632193,145.5918083190918,1276.3308694383481,42.6,10,0.4120519161224365,0
34.83782520005374,-0.05173843764339237,1166,1.0368535336980842,98.42325210571289,945.5023776245885,36.1,20,1.412483811378479,0
35.26603277547835,-0.22161447742562243,1388,3.982881211606015,98.5356035232544,563.7867504651027,37.9,30,1.5182665586471558,0
34.85079981362174,0.08023563051870515,1740,4.917574048461085,134.11306190490723,2326.695198532674,38.4,20,18.730993270874023,0
35.136619052536176,-0.32702677245982126,1676,2.317462738066788,116.53495216369629,896.9753471737671,42.6,10,4.533179759979248,0
35.188599599336776,0.025340721319541914,1446,3.9828617436604996,131.86794662475586,0.0,42.0,10,0.7067875266075134,0
34.76313350923394,-0.1339771442798555,1134,0.6558073885435408,97.51497077941895,1204.2517499857538,39.2,10,6.438220024108887,0
35.305420232472365,-0.05355454473171193,1985,15.724366391561684,115.12260723114014,1001.6178051228235,41.9,20,2.8946516513824463,0
34.792947153410594,-0.36942821242361207,1323,11.858378637278374,110.90058755874634,1743.4029291697027,35.8,20,1.0066807270050049,0
35.39568551891403,-0.17701266230801835,1746,6.861102196050785,113.56745433807373,498.3224298991819,41.7,30,2.5337867736816406,0
35.2100365129802,-0.0038900159761726446,1415,2.317462741713958,120.31810855865479,1200.1221658192242,40.2,30,1.4747244119644165,0
35.22267146729312,-0.25272184729730324,1802,24.382770507843574,140.4625997543335,2562.35981571584,41.3,10,1.5888506174087524,0
35.272739293948554,-0.2724922767664421,1702,5.170750317079282,113.28399467468262,1622.4151828032875,42.6,40,3.1608452796936035,0
35.0924292827651,0.04745053469752337,1781,17.86599427931851,112.8200478553772,0.0,40.7,10,4.199070930480957,0
34.96707504271915,-0.24630341919568072,1153,1.46618406261978,99.08784103393555,0.0,38.9,30,2.9000980854034424,0
35.29963630356484,-0.12568459377895239,1729,13.82932779800138,122.74016284942627,1299.4674465069336,43.2,10,3.7657053470611572,0
35.097641288830246,-0.13248406491682785,1210,0.9274124110925218,102.59629154205322,1096.3104775044055,39.1,30,2.9471867084503174,0
35.19207717218338,-0.2811937458393924,1857,7.292877772591388,130.96662139892578,2711.157537900094,39.4,10,3.8332183361053467,0
35.1207896312374,-0.1991525061764133,1312,3.733559033300782,115.02675151824951,99.66442718881697,35.3,20,0.9493780136108398,0
34.92005261658768,-0.16853982696671044,1150,1.390963080774087,81.83048439025879,597.9870628565053,40.6,10,21.067895889282227,0
35.30439626323918,-0.29687785048490006,2116,9.592760111201004,107.16136646270752,2959.8718554002676,36.8,20,8.71544075012207,0
34.95979734838921,-0.09522594738033925,1177,1.46617366524884,94.65282535552979,1114.2846903254797,36.4,40,5.008965015411377,0
34.9057912916532,-0.23097758778590635,1140,1.0368548833739348,93.33990859985352,896.9789187400462,48.2,10,5.811228275299072,0
35.13013989647683,-0.21975645173096406,1364,4.191898773559783,121.1725721359253,606.2346558947389,35.3,20,0.4909394085407257,0
35.35335668124237,-0.08596122025658594,2541,13.277498459431404,145.5918083190918,2874.768403715332,40.8,10,0.1797289252281189,0
35.11131654240747,-0.3021526958346514,1474,14.869021474014215,116.53495216369629,1622.4131091910592,40.8,20,1.1387423276901245,0
35.120782305082244,-0.33090149192812124,1620,5.917745519892692,116.53495216369629,536.7065691849225,41.4,20,1.2749346494674683,0
34.948470445690006,0.05058303646364283,1847,14.41849173212708,147.77320003509521,1694.2999262923831,37.3,20,4.6133599281311035,0
35.172828967320996,-0.12157674607377036,1291,2.317464621299602,132.58636569976807,1059.449320309701,36.0,10,4.166736602783203,0
35.253576676915074,-0.28454043528207446,1784,4.830223917416368,113.28399467468262,199.32824686932858,42.3,10,7.580528259277344,0
35.22735895698206,-0.11912281189649383,1401,2.8185836198116636,162.29397678375244,986.6293353192475,40.6,10,0.7879924178123474,0
35.2119808150507,-0.06805062224020492,1443,7.4356455880486285,124.45808410644531,797.3174947911277,42.8,20,2.653447389602661,0
35.0307939880873,-0.08578337586306162,1189,1.0368534265882763,98.31086540222168,0.0,35.1,10,2.627911329269409,0
34.99343911448962,-0.28985404737741494,1203,1.036855842777997,101.53885078430176,1893.617879828105,36.5,40,1.882287859916687,0
34.77324587245258,-0.030711639007077438,1314,8.754586671826951,109.24514961242676,1295.6412474861627,36.5,10,3.8392322063446045,0
34.83863878567675,-0.11828985801331146,1144,1.0368536337572731,91.27813529968262,99.6646182595032,41.1,30,4.452635765075684,0
34.895764397367685,0.09465279042570675,1760,15.117427540349398,134.11306190490723,298.993957662609,38.3,10,2.7589147090911865,0
34.88715930260737,-0.22521386478167538,1139,1.0368547952960097,95.0595383644104,638.1631760434102,46.6,30,2.2475287914276123,0
34.90947610118847,0.04790355587091133,1762,8.149098614938163,138.7496542930603,2396.1019344904234,41.3,20,5.630603313446045,0
35.31034582195994,-0.19419545196508717,1657,22.953681292791803,106.76100826263428,222.85646699795927,40.0,20,0.5648682713508606,0
35.18243858003043,-0.33655331041198455,1872,7.29285903656141,108.11863803863525,668.565654352426,44.2,10,5.076826095581055,0
35.10340513680541,-0.3960651662048538,1805,3.704791833694711,107.70154333114624,398.65425966619244,41.5,10,10.007857322692871,0
34.943462317195866,-0.2984100580157777,1154,0.6558109403127845,112.00077390670776,99.66405974416003,42.4,30,4.003344535827637,0
34.83888690994407,-0.18267551181979272,1141,1.4661725724505692,90.85835933685303,845.6810818432087,45.1,40,6.890269756317139,0
34.8382754895532,-0.12662972377901763,1145,2.363306233604093,91.27813529968262,845.6821627020992,44.6,30,2.5114033222198486,0
35.37944477491668,0.07860761316006873,2226,4.390860265923052,147.08410167694092,563.7885241826052,43.3,20,1.487328700022772E-4,0
34.897993840835646,-0.2524448147131673,1136,0.9274099368611016,112.4322338104248,704.7326412925154,57.1,30,2.6443541049957275,0
34.94051983633541,-0.11296444472545758,1159,1.036854805180919,99.18256187438965,1494.9693473812013,36.9,30,3.905573606491089,0
35.23464840865724,-0.25560087904302725,1732,26.276804778398308,140.4625997543335,1398.8542140997708,40.8,20,1.9489728212356567,0
35.257160321155766,-0.03403507530284475,1496,9.816553145703864,107.24820518493652,1195.9765361410732,43.1,10,3.679325580596924,0
34.82818145122341,-0.38648866375452445,1324,5.790944673822688,115.06833744049072,0.0,37.0,20,1.311601161956787,0
35.27276804781795,-0.07421256736423619,1813,19.07391085243532,117.07273387908936,1059.450049424966,42.6,10,2.533554792404175,0
35.204827964747146,-0.1502797813020653,1306,0.6558076255222852,102.35875844955444,697.6518476904777,39.0,30,23.877975463867188,0
35.034511236096,-0.09468986458549598,1184,1.8543366937240382,98.31086540222168,597.987915325218,35.4,30,2.564413547515869,0
35.11626685675166,-0.3122825111425429,1563,7.953998261943732,116.53495216369629,1451.1297578847832,41.3,10,1.5208662748336792,0
34.96744758584775,-0.12761621927520636,1164,0.463735342881014,107.48606014251709,0.0,39.1,40,5.901782512664795,0
34.93621005468754,-0.3695815717444583,1570,2.073062202011722,119.45838165283203,3523.6443259695634,45.8,40,5.681427955627441,0
34.809788402301756,0.03983423423053597,1572,3.5273174145753727,124.67988348007202,281.89435909130924,42.0,10,9.196932792663574,0
34.86040789578029,-0.2394086786693403,1136,1.6715937569970498,95.0595383644104,896.9786541800688,45.3,30,3.9249918460845947,0
34.82017328528011,-0.048526795288163525,1179,0.0,115.11287212371826,606.236712161079,35.3,40,2.0033905506134033,0
34.875571100217066,0.018117666051850417,1593,22.036881331677897,131.36324834823608,0.0,39.6,20,2.1426339149475098,0
35.20812849143575,-0.10429178161191936,1387,3.9559456847317875,162.29397678375244,315.16725780230564,40.1,10,1.7430213689804077,0
34.93315349556765,-0.3652959603350862,1557,5.1086558253286,119.45838165283203,3217.147880705537,46.7,30,3.8214876651763916,0
35.206952993647505,0.07842992003908787,1972,4.26761258333092,131.724956035614,1340.8510298966846,35.8,20,2.904444456100464,0
34.9629418244477,-0.17204463168472287,1165,1.3909693317375098,92.81751441955566,1481.6193187401623,44.7,20,3.273350954055786,0
35.22966693017252,0.0586650784728993,1936,12.554465868575061,131.724956035614,1670.6846708853382,37.7,10,3.732818603515625,0
35.21524134922628,-0.3463843017679873,1964,3.3722233476651184,132.63745498657227,563.7837850186896,39.8,20,5.633638381958008,0
35.04213872651515,-0.3705666986492745,1664,8.162084640675438,119.38974857330322,1204.2411535317065,45.3,20,3.169276475906372,0
34.91109038302605,-0.12578436015521316,1152,0.463735342881014,99.18256187438965,2192.6212783589644,34.8,10,3.1605005264282227,0
35.067531067756825,-0.11983205740532445,1193,1.466172147788346,102.59629154205322,597.9876801615566,34.2,30,1.3895916938781738,0
35.28950415095705,-0.03334343510386898,1751,12.902293997768883,107.24820518493652,2018.056595310201,44.1,10,1.9854140281677246,0
34.98054490797222,-0.23957648887520952,1156,0.4637353428839794,99.08784103393555,0.0,37.8,30,2.398928642272949,0
35.30185327786926,-0.3882314881979768,2087,4.763571599618874,128.01849174499512,1059.43864392157,38.1,20,1.9613630771636963,0
35.049788486429534,-0.16593942427846198,1233,1.6715857948293593,93.87169170379639,2192.6193382573274,34.7,30,1.3561255931854248,0
35.08875747736009,-0.0841278110802079,1216,0.463735342881014,107.6114559173584,2192.6226795424127,36.0,30,0.2846982479095459,0
35.106032631200605,-0.3028967711580337,1434,13.262431028399599,116.53495216369629,1127.569898055105,40.4,20,1.1153957843780518,0
35.154621875733845,-0.11016823283083943,1280,1.466172096387024,132.58636569976807,896.9816525219105,38.6,10,2.017312526702881,0
35.173282753114364,-0.1412768584283001,1294,0.6558074878291744,132.58636569976807,1096.3102619375993,37.3,30,3.6848366260528564,0
35.34339073141902,0.007035532985013074,1793,26.289017755747665,120.95885181427002,281.8943868055907,41.7,10,5.517665863037109,0
35.39239283289424,0.02924023472234556,1969,11.223084536730031,100.90661716461182,1494.9706701763416,41.5,10,7.470584869384766,0
35.345311836842136,-0.06311304760796145,2172,17.475581992192474,115.12260723114014,2369.0026786405815,40.4,10,0.29772698879241943,0
35.279994026572524,0.0032553030788529625,1604,13.530861403569592,89.18272972106934,1096.3119325792386,42.9,20,3.8746020793914795,0
34.90864504039959,-0.06469078209796308,1185,2.0730279971548398,88.86924982070923,1216.5625429456709,38.2,30,0.3284302055835724,0
35.16570684878998,-0.2650732273100611,1570,19.309733412658534,130.96662139892578,597.9851815419426,43.5,10,2.0865559577941895,0
35.140879164802186,-0.3217334888528401,1683,5.917743365883847,116.53495216369629,1494.9592794020555,43.6,40,3.8717570304870605,0
34.99191081366364,0.027134723559464217,1819,5.2725782556021805,145.6927137374878,498.32355672544725,45.6,10,3.7097456455230713,0
35.006086501121,-0.2745429987486928,1186,1.3114487202696035,94.70985174179077,99.66416262880053,38.0,30,4.110528469085693,0
35.30013517981315,-0.11806763424709746,1815,6.282323372398694,122.74016284942627,1594.6338921520512,41.5,10,4.528947353363037,0
35.19034623964658,-0.29525916837641497,1945,7.435740362867529,130.96662139892578,3190.8072533035233,43.8,10,4.269203186035156,0
35.28542381569974,-0.025319170366734572,1633,19.64441939237611,107.24820518493652,1016.3846658930368,43.1,20,2.8765809535980225,0
35.02805739881133,0.01791743327345912,1934,7.20570461619897,108.59018850326538,2467.58244483752,36.4,20,3.5377798080444336,0
34.87678551032522,-0.05230852771379637,1178,1.4661718868177085,93.84386920928955,1416.5014843190686,37.7,30,0.35150614380836487,0
35.32453220127689,-0.035709255989921904,2167,19.223421328030362,124.21498966217041,3070.255510285341,40.6,10,4.140561580657959,0
34.8060427702207,-0.33107637898604964,1139,0.463735342881014,116.1425199508667,2005.697456037737,43.2,30,4.714742660522461,0
35.34118068357557,0.01374145259813631,1675,1.8543341688295631,120.95885181427002,0.0,41.5,10,4.809393882751465,0
35.16899869860431,-0.12027638723595654,1297,3.3722192691631903,132.58636569976807,1295.6399736833725,36.4,10,2.6513113975524902,0
35.21577071662389,-0.37443556730861777,1922,3.9559552341786017,111.27314281463623,1481.6072284827,38.6,10,5.849879264831543,0
34.89527521773539,-0.23263662754318204,1138,1.0368600470904124,95.0595383644104,563.7865287500226,50.2,40,7.639132022857666,0
34.85150706216598,-0.06526338221988381,1161,1.6715843927640583,93.84386920928955,359.34613878673787,34.6,30,1.0911482572555542,0
35.09671802928727,-0.14724159066814235,1260,3.5273190745744514,102.59629154205322,2491.6139867140464,30.7,20,2.2318153381347656,0
35.23890178755102,0.03591536387662249,1787,2.818578234665726,154.9666452407837,896.982402105805,42.8,10,2.297037124633789,0
35.146955780336704,0.037885912987911115,1981,10.584329865645678,113.46054029464722,2192.623541808705,40.2,20,3.3133115768432617,0
35.1389835714471,-0.01102877602339394,1413,5.917707267629146,144.83207511901855,638.1655602009266,42.0,30,1.220617651939392,0
34.894654012449365,-0.1960428784568002,1144,2.0730374493773236,85.5480785369873,778.4040984152688,48.2,50,5.591851711273193,0
35.145730722586784,-0.2614628141070424,1472,8.8375569895701,130.93061923980713,359.34442532982894,42.2,30,1.4614439010620117,0
34.77514092432357,0.0221030583775212,1511,11.545555628284681,118.319899559021,1597.7469466921423,41.3,40,9.735855102539062,0
35.002319327459894,-0.17712131529391278,1166,1.036857168027497,93.87169170379639,638.1640857887766,43.4,30,3.170595407485962,0
35.22188884205473,-0.061423891917743625,1419,5.411852378207829,124.45808410644531,99.66469174813115,42.9,10,1.8752259016036987,0
34.709997284896126,0.04022598857503824,1640,4.140642321850644,103.89941215515137,3313.008353533981,43.0,10,14.008800506591797,0
34.866803928633495,0.065976636788036,1692,4.982099761117644,134.11306190490723,0.0,42.9,20,8.555419921875,0
34.742984234218966,-0.019730734685170247,1541,3.982861694527935,124.56930828094482,3100.838254861498,45.0,10,20.31861114501953,0
35.01669726956895,-0.2621781115293582,1194,1.0368553591071752,94.70985174179077,1096.3063278359407,36.8,30,1.2557651996612549,0
34.76787420351621,-0.3418377234768374,1142,1.4661952964085998,107.22574234008789,2003.218672731774,38.9,30,3.2342753410339355,0
34.72681288810667,-0.37985034135723345,1360,6.415645129923121,103.94532775878906,2139.8693812356864,35.3,20,2.7834818363189697,0
35.377060142340405,0.004992699723624554,1862,4.267612403174302,100.90661716461182,1059.4505181416569,42.2,40,5.555515766143799,0
35.31231363899084,-0.18515680024388997,1556,4.627376216968851,106.76100826263428,778.4043662659369,41.1,20,0.9680107235908508,0
34.88952813874729,-0.01136666409589893,1687,9.16118552983159,111.56751441955566,3288.9356360628376,43.3,10,1.0870877504348755,0
34.85159397599746,-0.37186651713828855,1468,14.253121156579525,115.70798301696777,2391.9287327384986,45.8,10,2.5103485584259033,0
34.70464139359853,-0.38527280757522697,1325,4.390948784810481,103.94532775878906,3390.0285307727318,39.7,30,3.9024131298065186,0
35.08814528367828,-0.3569795770477526,1745,2.702111007289763,114.7891492843628,1409.4586311107184,44.4,40,2.7742061614990234,0
35.352793255204574,-0.15357936910077055,1934,15.18844096668011,113.56745433807373,536.7099990189068,40.2,20,1.740095853805542,0
34.89333288844357,0.03376174317339303,1719,6.937519454265669,131.36324834823608,498.32355672544725,42.4,20,6.019354820251465,0
34.84388980915903,-0.2103143703998596,1140,1.3114456248738,95.18315553665161,1026.1077274630452,45.0,30,9.532870292663574,0
34.93730585679663,-0.17790990302864196,1148,2.9667743199913668,81.83048439025879,2552.6563431551062,43.0,10,11.87075138092041,0
35.33912460309395,-0.12534249691117907,2046,10.476988378575202,106.57208347320557,1340.850107120712,40.6,10,7.113031387329102,0
34.901250260543456,-0.27164778739205137,1135,0.6558101808603477,112.00077390670776,99.66417242733218,43.1,10,0.9881448745727539,0
35.159147328755886,0.08000135735523627,2055,8.04566387677087,129.1945743560791,2820.7039098202063,36.1,10,6.102100849151611,0
35.30523168959156,-0.28204064463849654,1880,14.425340809498772,107.16136646270752,1978.27646191467,42.7,20,3.602468490600586,0
35.25619170884575,-0.33769644096734824,1979,2.0730349103664842,117.83059692382812,2292.269204832163,38.4,10,7.370800495147705,0
35.20882893808053,-0.2153479051483074,1440,3.275624894784929,129.68730449676514,298.99313458882295,37.5,30,1.3169397115707397,0
35.26657313056024,-0.07511475702381433,1761,10.89004532152876,117.07273387908936,1195.9761246049188,40.6,20,2.418980360031128,0
35.14787422115014,-0.1464780407513355,1279,2.930426953830587,114.65100383758545,1355.5845663777538,32.7,30,0.937805712223053,0
35.25335335261743,-0.16220985537249488,1523,8.754586764006483,108.18236494064331,1691.363078259662,39.9,10,1.4056743383407593,0
34.84164509084445,-0.3602823600395037,1430,14.21834949143292,115.06833744049072,2461.5131925841115,48.5,20,1.9984629154205322,0
34.97625245949943,-0.2600181790416747,1164,1.8543532683815647,101.53885078430176,630.3318818289299,38.1,30,3.790316343307495,0
35.029953013785665,-0.004264296295438226,1701,18.378751939231737,106.12790489196777,1295.6413748663729,42.4,10,2.187932252883911,0
34.92966985362075,-0.013437434625207665,1778,5.623579339973809,103.33967447280884,222.8570804805459,41.1,20,4.890804290771484,0
35.04965775921036,0.024440304085544817,1931,10.308688361885347,108.59018850326538,2591.282622352539,33.2,20,3.823857069015503,0
35.320412477381026,0.00701973813849942,1675,15.316556923541269,120.95885181427002,398.65886497731367,41.8,20,4.842257976531982,0
35.18877587449022,-0.25110580738420973,1602,23.317756146621974,130.96662139892578,0.0,44.3,20,2.738454818725586,0
35.29007698720369,-0.23280467519666892,1546,16.763285273419463,98.5356035232544,697.6502358363394,39.9,20,0.8130264282226562,0
35.230267737258906,-0.2317854543325441,1628,6.076780065618694,129.68730449676514,2146.8351415513953,42.9,30,1.170053482055664,0
35.07386592951574,-0.3598259853793233,1658,11.474980040989632,114.7891492843628,99.66376088817339,44.9,20,3.4924755096435547,0
34.782340665597005,-0.13832174199028496,1138,1.9113625417722195,97.51497077941895,398.6583162621846,36.4,40,3.5960381031036377,0
34.950682847018946,-0.39125455036129697,1596,2.621540201391851,128.00864696502686,2631.1942621397584,49.7,10,6.2663493156433105,0
35.23898939857228,-0.256081388823765,1675,11.994473234558512,140.4625997543335,996.6423121850186,40.8,10,1.879399061203003,0
35.360809386324036,-0.3872450284256619,2253,3.6171885604371967,124.95374870300293,1059.4386960017732,41.3,10,0.30028846859931946,0
35.3981062229304,0.06212520003569442,2257,2.3633060654856974,147.08410167694092,1078.0384693535989,43.6,20,4.591689503286034E-4,0
34.95495392528603,0.010428709499642004,1910,2.70207257115654,145.6927137374878,2292.2884736195538,39.6,10,5.388978958129883,0
35.2609683889117,-0.1503947069442069,1526,5.170765675886653,108.18236494064331,1078.036932544376,40.4,30,1.395074486732483,0
35.15358121885504,0.08419525250239629,2063,7.220301199990363,129.1945743560791,3401.764023514813,35.4,10,3.1522305011749268,0
35.140975778144934,0.08325830998965705,2119,5.547550706299012,135.17668628692627,3016.4001795134463,36.0,10,2.646416664123535,0
34.92037847618342,-0.3459349794036568,1314,6.076734160911163,105.78975296020508,2326.6756405078927,30.9,20,5.122738361358643,0
34.91533607702131,-0.3203258821604186,1164,2.317475747296527,105.78975296020508,981.5761873249764,43.8,30,1.7415555715560913,0
35.28603657728131,-0.29115363795725757,1937,6.024204059576622,113.28399467468262,2368.988354803652,42.1,10,7.9236249923706055,0
35.30593798769214,-0.25769348841499606,1696,5.108655399677854,107.16136646270752,508.18985979036415,42.7,30,2.1706702709198,0
35.13982989059278,-0.09027697595170568,1265,2.780291950736421,116.33408260345459,896.9819170810036,33.3,30,3.142676830291748,0
35.36317897235734,-0.31425066141001273,2153,4.5810933274767445,119.22164916992188,1793.9518407781325,38.9,10,2.101323366165161,0
35.06684124941832,-0.3234744290307281,1448,2.9667840410675135,108.93474006652832,821.8499211953177,45.7,20,1.5755200386047363,0
35.21241476038052,-0.16139052262944786,1300,5.108655144463623,102.35875844955444,498.32262586915016,39.9,10,4.211930751800537,0
35.1114662976519,-0.29926127672929104,1435,7.292885450100548,130.93061923980713,1832.3013545555898,40.2,20,1.1006361246109009,0
35.341990670263876,-0.07040974204459549,2169,13.850856909604108,115.12260723114014,1904.0910750974135,40.4,10,0.2302144467830658,0
35.154383092849656,-0.2040536666715325,1339,4.390884946038852,134.27558517456055,638.1636152309903,34.7,10,0.9636562466621399,0
35.20105695598787,0.07462944682478351,1975,10.106791342455347,131.724956035614,1295.6408016553287,37.9,20,4.113641262054443,0
35.30530888581653,-0.1328761980584992,1762,22.06876215222818,106.57208347320557,315.16710287461,42.7,10,2.404585599899292,0
35.25749395233059,-0.3436831720395945,2006,4.830248975011608,117.83059692382812,2853.9383150744516,39.7,30,8.113492965698242,0
35.03416358464619,0.030581030303542756,1886,6.282322523741734,108.59018850326538,2176.7101520270216,39.9,20,4.61125373840332,0
35.28085372296238,-0.14861482932070325,1516,3.275607801075189,122.74016284942627,638.1645249757306,42.4,10,4.819819450378418,0
35.210346301185474,-0.015453623103423927,1390,2.6215097322416057,120.31810855865479,398.65886497731367,40.2,30,1.105129361152649,0
35.09041477040075,-0.1233642143246401,1192,2.966769752470904,102.59629154205322,99.66460846101539,39.6,10,2.226011276245117,0
34.76512133803131,-0.02931606121450737,1359,6.562217038140863,109.24514961242676,1691.3662376907018,36.7,10,5.65731954574585,0
35.17164917419386,-0.06041490303704737,1293,4.191898428050962,119.70459175109863,99.66469174813115,38.6,30,1.1523895263671875,0
34.978783609711556,-0.24029410857367206,1159,0.9274099368611016,99.08784103393555,222.8561383458789,36.8,40,2.6450397968292236,0
34.92669695673885,0.07330667522409476,1860,2.3174639469754577,147.77320003509521,1268.524241768018,34.6,10,3.411875009536743,0
35.22481587128771,-0.027875089176833286,1411,3.9828619362771223,120.31810855865479,996.6471134508945,41.0,10,0.9439431428909302,0
34.91963681014951,-0.0519090385378935,1205,0.6558066254959891,88.86924982070923,986.6302083195861,36.0,30,0.3533892035484314,0
34.81432765856873,0.08268573185492299,1675,5.623584908091917,123.45417833328247,2114.2068617561704,42.5,20,12.226397514343262,0
35.33722584629414,-0.26063850585574855,1794,14.19739961707804,107.16136646270752,498.3210826035634,42.4,20,3.6905357837677,0
34.96612059258038,-0.07379642477856546,1184,0.463735729935719,94.65282535552979,1575.8369087220367,35.8,30,4.694101333618164,0
34.81842959546179,-0.15431128371527622,1146,0.0,90.85835933685303,1100.8308776073416,45.8,30,9.665356636047363,0
35.20001996301355,-0.09304543835814047,1381,4.5577303512948975,119.70459175109863,1832.312433379096,41.2,10,2.9267659187316895,0
34.93422642079551,-0.1207360679827123,1156,0.6558072189315577,99.18256187438965,2102.427322056877,39.8,30,3.220980167388916,0
35.20096544854746,-0.28835807798902763,1901,7.630990413142913,140.4625997543335,2779.896101644358,41.2,10,3.8708508014678955,0
34.93391745086133,0.09113558000880204,1836,9.657188495146547,147.77320003509521,315.16731977336264,40.9,10,5.629917621612549,0
35.322689765059465,-0.019700454505933572,1911,19.990117119161823,124.21498966217041,1295.6413111762695,43.3,10,4.385195732116699,0
35.15564333112795,-0.016604492130505612,1501,23.14038169072324,118.15802955627441,1829.6009834904066,42.3,20,1.1125401258468628,0
35.03781205678336,0.05451418688160548,1894,7.887834762149962,129.44190740585327,857.3481382018188,43.6,10,2.5487029552459717,0
34.7181353797492,-0.0724643576742271,1184,1.9113623006353073,107.31008577346802,563.7885796111873,37.6,10,11.428367614746094,0
34.833444571890304,-0.37109229302136804,1426,1.9667532111968784,115.06833744049072,1200.1098948703093,38.4,30,1.4064282178878784,0
34.776392905627304,0.008082159129921556,1383,2.3174627512532604,118.319899559021,498.3235812216421,35.7,20,7.828601837158203,0
35.21023505729412,-0.13539455851061846,1340,4.140651303957795,162.29397678375244,563.7880253251217,40.2,10,1.239871621131897,0
34.820735561589785,0.0974604342137402,1672,6.282330497476028,123.45417833328247,498.32323827480445,42.7,10,10.440716743469238,0
34.713250657806164,-0.36285000983734655,1175,3.107860012488339,103.94532775878906,1340.8386382806284,40.4,30,5.117094039916992,0
35.145828048850206,0.09212959160540643,2028,5.411850474624612,135.17668628692627,2228.569490201338,37.5,10,2.7743232250213623,0
34.95212952380135,-0.009468187251739387,1852,2.930425997671757,112.8185510635376,2054.6407611128916,38.9,10,5.038580417633057,0
34.99114909285034,-0.24071634341624384,1161,1.671588202142413,99.08784103393555,359.3447079624591,38.7,30,2.522634506225586,0
34.98162244289739,-0.08178269835097274,1182,0.4637353428839794,94.65282535552979,398.6586690077114,35.2,30,8.642610549926758,0
35.007364144035456,-0.22107142892155562,1164,1.4661816596314743,100.98622608184814,945.4991241402607,38.5,30,1.6198424100875854,0
34.89282760008795,-0.3490885666604908,1328,6.529933874361696,105.01800727844238,1697.2136920276864,34.8,20,4.987819194793701,0
35.14891843958866,-0.07354859668155908,1280,1.0368533625901648,116.33408260345459,1340.8510958092297,36.9,40,2.3281545639038086,0
35.023893668136346,0.04038011081960796,1895,0.6558065708287745,108.59018850326538,1114.285292852413,41.2,20,4.523209095001221,0
35.249882395114184,-0.011180291805755955,1600,26.06764273192351,107.24820518493652,1310.8846745167223,45.8,20,1.254718542098999,0
35.05588457152349,-0.2706883880880369,1289,2.702094679616461,116.11215019226074,1127.571450064252,34.0,30,2.0040712356567383,0
34.827527268743275,-0.04248893322252353,1178,2.073027842675187,115.11287212371826,1395.3058902419032,34.5,30,1.5766526460647583,0
34.978637797529935,0.08149141881940256,1994,2.4957682552130653,146.29144191741943,4228.413931369539,36.7,10,0.2865101993083954,0
35.28368254773434,0.05528397053413558,1948,16.950493170011868,133.68057441711426,704.7358284425626,41.2,20,5.898599147796631,0
34.9629527390711,-0.25601091306766127,1153,0.9274099368670311,101.53885078430176,140.94650747269336,41.2,10,5.62398624420166,0
35.0720102879349,-0.22157712261656634,1349,6.006589140954743,108.0540189743042,797.3148687940042,34.1,20,0.9722822904586792,0
34.97596444887586,-0.19716259531463926,1149,1.6715905069990287,92.81751441955566,1295.637617144909,48.3,30,1.7152879238128662,0
35.28598914133113,-0.31676271469611944,2071,5.623662283726361,117.83059692382812,3288.911223065032,35.6,10,4.746111869812012,0
34.816207001699944,0.039013269392614965,1492,5.717164139281081,124.67988348007202,140.94717954565462,42.3,10,11.34148120880127,0
35.39626606892416,-0.345064316148189,2167,3.3722233179737175,119.22164916992188,0.0,41.2,10,0.22720643877983093,0
35.27303800024481,0.07134310739661023,2175,18.454864717443897,133.68057441711426,1958.1003160349699,39.0,10,1.1804335117340088,0
34.94914100970563,-0.17573583790008576,1158,1.3909696178912219,81.83048439025879,2259.550291868799,43.5,20,5.834286212921143,0
35.144021428825106,-0.34609960152306596,1725,12.294549340804348,116.53495216369629,996.6383437743352,42.5,40,5.877871990203857,0
34.98167191772885,-0.3274475721976952,1301,6.024273078217325,112.09769630432129,1935.1234355816946,36.0,10,3.5737407207489014,0
35.2767018605764,-0.3634245018964368,1943,6.530059128313326,124.79443073272705,140.9458215392532,36.4,10,30.001413345336914,0
34.862784455643194,-0.035476892313429015,1207,4.166350197307866,111.56751441955566,2239.6858300189115,38.0,30,0.45381829142570496,0
35.143609374689845,-0.31342313867192695,1703,8.463769270248292,116.53495216369629,2185.8020780961333,42.6,10,4.874032020568848,0
35.277055108123115,-0.2702699305605749,1772,5.566680443520852,113.28399467468262,1059.4447893678794,41.1,10,3.0549697875976562,0
35.12835302096986,-0.21307480131266296,1338,3.107851911541712,121.1725721359253,140.9467222592459,35.7,10,0.5087185502052307,0
35.24810339434433,-0.30048101838507185,1892,8.20034169160075,132.63745498657227,896.9764495105558,37.7,20,7.0947442054748535,0
35.36837744478629,-0.29438998671109046,1992,6.024204068326069,112.93021297454834,410.9255262038822,38.9,20,9.009744644165039,0
35.008269138459404,-0.26618588240605073,1186,0.4637403496738676,94.70985174179077,704.7322948622938,38.0,40,2.8116917610168457,0
35.324449381730155,0.07526748642647292,2488,10.992993970149875,152.49081325531006,4017.6115739066986,38.9,10,1.7725150974001735E-4,0
34.7411576316589,-0.3715091275252126,1204,0.9274099368611016,103.94532775878906,315.164298670154,38.2,10,3.8380613327026367,0
34.98159898310462,0.05617352298191568,1975,11.571983636948131,146.29144191741943,2763.7866780484,34.6,10,7.375442028045654,0
35.35568589768803,-0.35012042675145283,2104,2.0730354401281055,119.22164916992188,697.6467034621195,40.0,10,2.203366994857788,0
35.15418195274941,-0.0892453873087353,1278,2.621511283010183,119.70459175109863,536.7106322166303,35.5,10,1.9901639223098755,0
34.792523520562945,-0.003180527577475914,1483,10.157670263126587,109.24514961242676,1550.4192036450174,36.5,20,7.4716949462890625,0
35.38369655040893,-0.05866858495605565,2215,12.902297226689337,145.5918083190918,1481.622159208025,43.8,10,0.3795282542705536,0
35.181836046094475,-0.023124183579616247,1331,1.4661719310965198,118.15802955627441,359.3462447734949,39.1,10,1.4928483963012695,0
35.259378723420184,-0.2750019946414969,1790,1.9113635064448273,113.28399467468262,996.6415772953434,45.0,10,6.365484714508057,0
35.07205652198579,-0.13089854764340791,1199,0.9274123491979781,102.59629154205322,281.8940403768764,38.4,30,1.8782848119735718,0
34.75523162174068,-0.3151629727947931,1136,0.6558114335738778,107.22574234008789,1059.4427061697343,37.9,80,1.5366473197937012,0
34.88296791196849,0.0827741633374245,1762,6.282324503708758,134.11306190490723,1622.423237964107,36.3,10,7.573980331420898,0
35.14756796434086,-0.002017128944268662,1366,5.547544894647286,144.83207511901855,638.1655915713609,39.6,30,1.2388423681259155,0
35.34898846907185,-0.17675753715395326,1739,15.117409744375575,106.76100826263428,359.34543220755916,43.7,10,4.122162818908691,0
34.81104735409829,-0.17489216159571327,1138,1.036854157163329,90.85835933685303,1195.9739493400348,42.1,10,5.842127323150635,0
34.91673824396185,0.07593464761775846,1857,5.585698746855116,147.77320003509521,1880.4693656521633,36.1,10,5.027776718139648,0
35.20825026107613,0.03237893322333895,1589,4.1406426577678195,154.9666452407837,697.6529794156261,46.0,30,2.3062171936035156,0
34.81556463334724,-0.37085562494036184,1348,22.426448804810363,115.06833744049072,410.92399098517905,37.0,20,2.177565574645996,0
34.88122879503711,-0.12444431580620019,1147,1.0368551551459462,82.33929634094238,1782.8546281175031,37.9,30,1.8303323984146118,0
35.172821362263555,0.0021814570872064776,1598,10.076122188253837,131.86794662475586,1793.9649805842087,42.4,20,0.5970979928970337,0
34.94676891153444,0.0844754602942711,1882,2.4957664520028886,147.77320003509521,1059.449945265673,40.0,10,1.6656675338745117,0
35.07226800106632,-0.11000266328767894,1183,2.9667676947076465,102.59629154205322,0.0,38.6,10,1.836197018623352,0
34.859753081862046,-0.3692399241866246,1452,10.457470644745975,115.70798301696777,1978.2681958439052,47.7,20,1.7810602188110352,0
34.76429617029172,-0.13357305111119264,1137,0.4637353428839794,97.51497077941895,1162.278846571467,39.2,20,7.4451375007629395,0
34.817496114510725,-0.12364384102176311,1139,1.0368551203312935,91.27813529968262,410.92770782059404,38.3,40,3.184098720550537,0
35.366174834637114,-0.104885886645152,2308,6.282325822603344,135.73330307006836,1073.421000600999,44.1,10,0.41355425119400024,0
34.846142035838625,-0.35465407816138195,1344,13.330115351090345,115.06833744049072,2958.185158774506,37.2,20,1.8506603240966797,0
34.91830437620695,-0.03336470809758108,1245,2.3633060267352404,103.33967447280884,99.66471134508944,37.0,10,0.2932654619216919,0
35.09856828742921,-0.20406999916301746,1360,2.702077091216881,108.0540189743042,1437.3805983019945,33.4,20,0.7563319206237793,0
35.20216679700539,-0.08618125229208447,1389,4.267616926196631,124.45808410644531,2255.153875016071,44.3,10,2.4726994037628174,0
34.914540441021664,-0.33451982934703667,1212,2.6215320011765764,105.78975296020508,2054.6237929762383,40.3,20,8.038444519042969,0
34.890255315914864,0.06231205086151834,1853,2.3633060654856974,134.11306190490723,2294.4535109830617,36.3,40,7.391529560089111,0
35.09072954114909,0.0030469235047232883,1523,36.40132200860523,112.8200478553772,1295.6413748663729,40.0,30,1.126484990119934,0
35.399815651056066,0.03042612895868816,2162,21.86462750419228,100.90661716461182,2194.8875878817803,39.5,20,3.7778494358062744,0
35.300477513268845,-0.28336120287296007,1870,6.922356886499003,107.16136646270752,1714.6864144793356,43.2,20,3.5589277744293213,0
35.01078339187363,-0.05283503393752984,1203,1.4661718868177085,98.31086540222168,581.1400517651705,34.8,30,1.4289910793304443,0
34.969550764363355,-0.16868633047769865,1162,0.6558079088670004,92.81751441955566,1268.5221216229834,43.3,20,3.8699533939361572,0
35.36885461365914,-0.3204131816628785,2139,7.726619774217365,119.22164916992188,1494.9594263803408,41.3,20,3.450934886932373,0
34.991476044689634,-0.04667137411152106,1224,1.8543341688414132,112.8185510635376,1195.9764185593292,36.2,30,0.5145739316940308,0
34.88370707922909,-0.2366726384210976,1140,0.6558092918831914,95.0595383644104,281.89322280342253,48.9,30,5.120388507843018,0
34.90276192867308,-0.26042600399407295,1137,1.3114479491541802,112.00077390670776,945.4978227433949,48.4,90,0.8691930770874023,0
35.301387475038396,-0.24293935646246856,1456,6.982962571225241,98.85570621490479,398.6571404415077,41.6,10,1.8494596481323242,0
35.12045355310329,-0.14539221754067094,1237,7.603360261763376,114.65100383758545,315.16702541073363,34.5,30,2.7705318927764893,0
35.10216554613336,0.08302506552755236,1935,6.163254157744279,135.17668628692627,896.9820052673507,37.1,40,6.40047025680542,0
35.01299837988606,-0.149691313568429,1181,0.9274099368611016,102.38191223144531,1040.5284977776919,41.6,10,4.142585277557373,0
35.076877292623976,-0.1332415732469482,1201,1.0368537572520753,102.59629154205322,140.94701325985946,38.5,30,2.1844472885131836,0
35.34531172419759,-0.34779959319930004,2059,3.8184838357095887,120.11456489562988,0.0,40.4,20,3.103485345840454,0
35.39699680232189,0.059960236089729516,2264,1.4661719056010996,147.08410167694092,1416.5014146877863,46.1,10,4.477695329114795E-4,0
35.301311083312626,-0.02110751855523364,1761,24.550207224949414,124.21498966217041,2054.6407611128916,42.9,20,1.7538599967956543,0
35.02582910222395,-0.21983449116242001,1225,3.2756258373082217,100.98622608184814,1340.8468773998068,31.1,20,1.101095199584961,0
35.04185508541552,-0.1520721208624504,1200,2.0730291940972543,93.87169170379639,2638.7589403197076,38.2,40,2.0888941287994385,0
34.859264943827206,-0.08554158727008213,1150,0.9274109739629283,93.84386920928955,99.66466235268648,36.9,30,2.740856409072876,0
35.062961460774375,-0.18566296212724365,1208,0.463735342881014,100.60427951812744,0.0,36.3,30,2.1469368934631348,0
34.80222591133738,-0.3589542377273671,1194,17.781501287221946,115.06833744049072,298.9912973623773,40.4,10,1.9275542497634888,0
34.94341754025591,-0.2531349137015408,1140,1.3114475791887499,112.00077390670776,1409.4652825850308,43.1,30,2.270692825317383,0
34.85946709778294,0.02334573733054547,1734,4.557725678172957,131.36324834823608,902.5023902755744,44.5,40,2.4004788398742676,0
34.84154684889789,-0.34267989065604276,1205,2.818579073832839,116.1425199508667,2677.9735054147054,44.8,20,3.8445775508880615,0
34.99643619584332,0.09855753326898332,1964,5.108662381162762,146.29144191741943,5109.210737038427,38.1,10,0.12263418734073639,0
35.0656548733177,-0.3946129296629119,1733,3.92888780891253,114.7891492843628,2212.8903687665343,44.5,40,5.411962985992432,0
35.0950273837186,0.0499740709401304,1789,4.140643372120395,112.8200478553772,0.0,39.5,10,8.496521949768066,0
34.873700832020056,-0.060414135604631665,1169,1.3114415606404572,93.84386920928955,797.3175339850492,36.8,30,0.460991233587265,0
34.95705390843168,-0.233199252168962,1148,0.4637353428839794,99.08784103393555,359.3448139496381,42.3,50,3.1949305534362793,0
34.80347139147027,-0.37265552490275505,1387,17.129663318221677,115.06833744049072,1720.462163675977,41.7,20,0.9699256420135498,0
35.042133415049356,-0.37706591455226074,1754,13.633847263960506,119.38974857330322,1861.870965241936,46.4,10,3.3658506870269775,0
35.37727054456867,0.0771320849749153,2194,7.435649332639396,147.08410167694092,398.65870820163957,43.1,20,2.4151768593583256E-4,0
34.8195975190419,0.08431878198809355,1720,4.140643015488011,123.45417833328247,1634.6220806901172,40.5,10,13.57341194152832,0
34.986410894679935,-0.3828440324596549,1644,2.3174813497828834,128.00864696502686,2540.9340602301154,43.9,10,7.506784915924072,0
35.02770688314655,0.07640769387099645,1952,10.700102895200244,129.44190740585327,3459.6708891356725,35.9,10,0.6058835387229919,0
34.95608292743498,-0.3127976029951623,1180,2.930430356379132,112.09769630432129,821.8503656003932,36.5,40,3.66412353515625,0
35.360161556067396,-0.23260391915392073,1790,10.30876068372209,105.94207859039307,981.5797097345177,41.8,30,2.306788444519043,0
35.19586535741984,0.004749121477608469,1398,1.6715836471821095,131.86794662475586,563.7888013254609,41.0,30,0.8148810863494873,0
35.0030726852711,-0.269779139889605,1183,0.9274099368611016,94.70985174179077,0.0,38.5,40,2.5172324180603027,0
35.08673736944006,-0.2838513509940264,1314,2.3174729779254575,116.11215019226074,99.66412343466429,36.0,30,0.6089625954627991,0
35.03920000752003,-0.14821051633777954,1200,1.0368559790898482,102.38191223144531,2201.661971670492,39.3,10,4.39892053604126,0
35.37087832449157,-0.09521321335756978,2231,13.85803214812105,145.5918083190918,704.735516656781,39.9,10,0.6637675762176514,0
35.04930889849345,-0.30382134551743073,1285,3.8184828596853264,109.07925319671631,704.7311516413546,42.8,40,1.2518078088760376,0
35.00496580566847,0.07047013225725,2036,9.206435522121348,129.44190740585327,2790.611094590215,39.2,10,0.23689725995063782,0
34.72700965129414,-0.3575602950140715,1153,2.073035812131051,103.94532775878906,1409.4585618243625,39.7,20,4.369615077972412,0
34.99574762903177,-0.37532200626338363,1506,5.717171221581693,128.00864696502686,1395.2915549939733,46.5,10,6.6807169914245605,0
35.23444192696456,-7.703996430501042E-4,1530,4.3664929158391965,120.31810855865479,697.6530480049701,45.2,10,1.1677314043045044,0
35.11344761999525,0.01720608872096833,1510,24.61804968324966,113.46054029464722,986.6303538195675,42.1,20,1.7918401956558228,0
35.08196719751482,-0.3344445960001585,1540,14.029092470836567,108.93474006652832,315.16490289311247,45.4,10,1.471991777420044,0
35.14453686302948,-0.011201520605387365,1408,5.8456004839336195,144.83207511901855,1114.2854024027295,41.4,10,1.231874704360962,0
34.94690652101687,0.05324433503354668,1847,7.953994842063284,147.77320003509521,1993.2939329474216,36.0,10,6.604956150054932,0
34.81649449043907,-0.3327972324542821,1142,0.4637431709290549,116.1425199508667,2467.5623090457993,43.9,30,4.56940221786499,0
35.081215352245934,-0.1909798916514945,1240,1.9667380262011633,100.60427951812744,1096.308968535872,35.5,30,1.3304941654205322,0
34.72805730727207,-0.39984381369871624,1348,4.267656309987124,116.95635318756104,3699.652198602593,34.3,20,3.7995612621307373,0
35.12771895756831,-0.397894205451918,1837,5.272656438242398,107.70154333114624,2391.9252052478564,44.1,20,7.762876987457275,0
35.260626402083346,-0.37632410732296406,1966,3.340376159219849,124.79443073272705,597.9820656016784,39.6,10,5.042614936828613,0
34.979933120663354,-0.025911628362257192,1315,1.9113622223327302,112.8185510635376,986.6303538195675,38.8,20,0.6047661900520325,0
34.7602667623672,-0.06743796305671532,1179,2.0730280204739517,96.55889749526978,1494.9703027333644,37.1,30,11.149094581604004,0
34.939522328156954,-0.34037711413598515,1257,5.272663866869642,105.78975296020508,359.3431711448507,35.3,20,1.3594383001327515,0
34.89690860310866,-0.33196518025794736,1198,2.3174875819061653,105.01800727844238,398.655611869443,43.5,40,9.629315376281738,0
35.39198984649378,-0.2517348445861852,1996,7.292841357228655,112.93021297454834,1078.0336999385154,39.6,20,2.069209098815918,0
34.74973556438459,-0.39249649732764186,1321,7.84803235073817,103.94532775878906,2491.5896128431996,35.9,30,2.699711322784424,0
34.82899412606239,0.05936371222765697,1690,8.161929882455894,123.45417833328247,1550.4187463593505,41.4,10,8.622480392456055,0
34.94709622781839,-0.2530047594173386,1145,0.0,112.00077390670776,1162.274847147825,42.0,20,2.347717046737671,0
35.035686572189945,-0.25837543587843675,1219,0.9274099368670311,94.70985174179077,140.94650054408942,34.4,10,1.108466386795044,0
34.72912867028807,-0.05713073340942022,1309,11.439182834163688,107.31008577346802,1594.6351463579372,35.1,20,6.588548183441162,0
35.05307039892361,-0.1638443789871754,1234,0.9274099368611016,100.60427951812744,2391.94848658996,32.7,30,1.581330418586731,0
34.7758257306843,-0.29958080711594604,1136,0.9274099368611016,124.73347187042236,1437.375440255607,39.4,10,2.8411872386932373,0
34.92861362703416,-0.19665199135224473,1144,0.927415376137545,81.83048439025879,1993.2886417613984,44.9,40,3.2070093154907227,0
35.21195965813946,-0.030423936353597227,1357,4.366493348474306,120.31810855865479,99.66471134508944,39.1,30,1.0863875150680542,0
34.77317695334127,0.08977555964405676,1603,6.076731783880721,113.54673433303833,398.6586298137794,41.3,10,11.85119915008545,0
35.228116986328416,0.06846656927390911,2045,6.982961572738992,131.724956035614,581.139966063469,36.6,10,4.981743335723877,0
35.31004656739864,-0.014002246299048341,1750,23.07340238585682,124.21498966217041,1078.0387343204848,43.5,10,0.5671975016593933,0
35.070768284632024,-0.35678515819343226,1624,8.488398882831051,114.7891492843628,298.99132675808926,45.6,40,3.659454822540283,0
35.37990541460855,0.041000669606233074,2272,13.397415076590772,100.90661716461182,2201.665326732812,42.1,30,0.003526253392919898,0
34.711742258778166,-0.05757449456111485,1256,13.908120589495267,107.31008577346802,398.6587669925246,34.1,10,6.60111141204834,0
34.954372155245764,0.04724197753750805,1871,9.73190830091492,145.6927137374878,1471.5316836866782,34.8,20,5.105612277984619,0
35.29489061734297,-0.14597726760471194,1583,6.076732065340579,122.74016284942627,0.0,38.8,40,5.397350311279297,0
34.94976592752368,-0.12392418131268991,1161,1.3909663093177673,99.18256187438965,1872.5279878895503,38.9,40,5.439987659454346,0
35.186823696397575,-0.022359011588177307,1338,1.6715837290934574,118.15802955627441,597.9882974659705,39.8,30,1.9631620645523071,0
34.7677326926575,-0.019462737283319063,1278,7.834477713419186,109.24514961242676,718.6924895469898,38.0,10,4.6905975341796875,0
35.1822081441589,-0.3995421362901598,1801,4.650346925791632,108.3173656463623,498.3177021003393,39.9,10,5.423052787780762,0
35.32478995512944,-0.3637871423937268,2102,4.917627258353729,128.01849174499512,1395.292378074395,40.1,20,2.68865966796875,0
35.01315271971566,-0.1150879828964854,1172,0.4637362791874681,102.38191223144531,199.3292365190064,35.9,30,3.3365511894226074,0
34.862221701896146,-0.32396656344088226,1180,0.6558117347794816,105.01800727844238,359.34345377846734,38.1,30,5.774860858917236,0
35.16211760522353,0.04043398324148357,2068,15.98123270459792,131.86794662475586,1829.6008036142578,39.4,20,2.5638515949249268,0
34.78395332075946,0.039608292838697615,1623,11.892517555949892,118.319899559021,2054.6405591120892,44.9,20,8.670005798339844,0
34.72211873026621,0.087970900552913,1606,2.317463712957186,98.9084358215332,1481.6217222133237,44.5,10,32.30015563964844,0
35.34295054743593,-0.06607716833917308,2084,6.814801829831522,115.12260723114014,2015.5935528070106,39.0,10,0.29821959137916565,0
35.006110196796996,-0.09207973983926594,1185,1.9667338452867265,98.31086540222168,2114.206653898957,33.9,30,6.232809066772461,0
34.77823398755686,-0.15136180825382606,1135,1.0368539170845164,100.07862663269043,918.8617464992693,38.8,90,1.5336387157440186,0
35.02947023795469,-0.288549271183974,1224,2.0730488121064106,94.70985174179077,359.3440367095995,37.7,20,3.319136381149292,0
34.880598392910095,-0.06366146562957085,1168,0.6558066926687462,93.84386920928955,498.3234587406557,37.4,40,0.47389867901802063,0
34.9915819713939,-0.09943109454313048,1171,1.466173795642922,94.65282535552979,697.6525335847263,34.7,30,2.9272263050079346,0
35.049290373027766,-0.229166978638575,1277,10.258681679723393,100.98622608184814,851.5324019910369,32.4,20,1.2396382093429565,0
34.928822926080315,-0.06545369427214424,1181,3.2756023563983705,88.86924982070923,1740.5689272274417,36.8,30,0.5504794120788574,0
34.877349616868486,0.06952910689243394,1744,11.994432228292801,134.11306190490723,1232.7840324659971,40.5,10,7.114939212799072,0
35.20805156793155,-0.2189810830468732,1441,2.9304451333326704,129.68730449676514,140.9466945448704,38.8,30,1.2546665668487549,0
35.23808176744576,0.08404863052079571,2096,1.8543361748130038,131.724956035614,1100.8322304553838,37.8,10,16.77460289001465,0
35.11421867004149,-0.34638714944341653,1499,9.816557714360854,116.53495216369629,140.9459462546724,43.5,30,2.7770092487335205,0
35.12800513175314,-0.1475349430114055,1224,4.718612687800093,114.65100383758545,99.66455946856185,35.1,10,1.256260871887207,0
35.008776167936766,-0.23966447060494758,1171,2.0730422157659767,100.98622608184814,99.66429490889654,38.8,20,1.929631233215332,0
35.01172793209473,-0.10584140664732744,1176,1.0368535474601936,102.38191223144531,638.1650582737685,35.6,30,3.63639235496521,0
35.36689525769853,-0.3603384956499867,2200,1.9667520548789417,124.95374870300293,1774.4627270603808,41.1,20,1.1066415309906006,0
35.01617561896996,-0.06135887287423613,1197,1.4661725792861517,98.31086540222168,638.1654033487322,35.9,30,3.0554845333099365,0
35.0921684968778,-0.03194125668932977,1234,1.3114412938575801,104.0775842666626,359.34622710903756,39.7,30,1.075284481048584,0
34.99331986532721,0.010403656290363626,1885,6.197514261330731,145.6927137374878,896.9824461989558,42.4,30,3.7110183238983154,0
34.848427066179525,-0.09038227330998841,1152,1.9667337999043126,98.42325210571289,1295.640546894783,37.9,20,3.292391061782837,0
35.00910505134371,-0.19342133724627633,1170,1.0368543766923917,93.87169170379639,896.9799769791757,39.5,30,1.0236265659332275,0
34.981082210797496,-0.2188989918149146,1149,2.363322512392193,99.08784103393555,0.0,39.9,30,1.9538788795471191,0
35.380481173065,0.0804414144749851,2229,7.927604136689893,147.08410167694092,638.1652778669487,42.2,10,1.5297492791432887E-4,0
34.86941787777935,-0.22380064459833868,1142,0.0,95.0595383644104,1001.6143093074176,45.9,30,1.587177038192749,0
35.251717250612664,-0.20900879202974249,1351,1.3114455550330502,98.5356035232544,422.84022913507175,37.7,20,2.123915672302246,0
34.892773888722154,-0.23779776497651856,1139,0.6558093050384409,95.0595383644104,759.0206940937118,53.5,10,7.631980895996094,0
35.32150966740846,0.08201280661587955,2405,2.3174642584347533,152.49081325531006,3264.683483742863,42.1,10,3.456801059655845E-4,0
34.87621916368784,-0.2024636894875485,1142,0.9274157201898928,95.0595383644104,2853.954589140304,48.5,30,6.108231067657471,0
35.2528224378486,-0.3771095536813016,1928,8.451539537505449,124.79443073272705,918.8536160746376,39.1,10,3.5640907287597656,0
35.35536930160362,-0.14848194625373604,2005,1.3114433936964636,135.73330307006836,797.3164365545213,41.5,10,1.7788857221603394,0
34.80717393134579,-0.0033587892469692238,1316,28.214511483962767,115.11287212371826,422.84160099409564,35.6,20,6.801091194152832,0
35.04284611626919,-0.04420863235626642,1258,3.2427514650854445,106.12790489196777,1796.731047222897,35.2,30,1.495741605758667,0
35.18847061658052,-0.35152731142785976,1971,5.566711558198863,108.3173656463623,1524.5630592023329,39.0,20,8.134842872619629,0
35.30268644547081,-0.11104942404342216,1999,7.847857801555886,106.57208347320557,1340.8504366836323,41.4,10,3.815467596054077,0
34.77463410660803,-0.3417485263389848,1140,0.46374359453398806,107.22574234008789,1384.5745091142846,39.2,30,2.922269821166992,0
34.74866330671851,-0.37902813213076497,1283,11.439406346680355,103.94532775878906,1078.0272876916488,36.2,20,4.256527423858643,0
35.300541863924416,-0.23485156824995732,1588,25.48796686152646,98.85570621490479,498.3215480333707,37.5,10,0.9500492215156555,0
35.09070228648459,-0.2682430277763703,1307,1.0368622612349363,116.11215019226074,638.162172184949,35.5,30,0.6710803508758545,0
35.35008398517602,0.001667912291594904,1847,30.857012664457585,100.90661716461182,99.66472114356715,40.0,20,4.295318126678467,0
35.25020336590542,0.06780922183604142,2134,8.561862870181278,133.68057441711426,2853.962305259786,36.9,10,3.5753371715545654,0
35.008500832221266,-0.2877882660508526,1200,1.6715982484195817,94.70985174179077,199.32821747371847,37.9,30,6.555611610412598,0
35.101021007298755,-0.3663462091571651,1736,9.473095279776912,107.70154333114624,2212.893958569863,45.9,20,3.6033437252044678,0
34.850582265837495,0.06862436049267116,1668,3.733544739526544,134.11306190490723,1409.471449027968,44.2,10,12.615485191345215,0
34.862468244726934,0.07712498129909087,1780,7.672080079195898,134.11306190490723,1204.2528747435586,39.3,10,10.507691383361816,0
35.33518333448492,0.0051400746022704875,1815,13.449489912662969,120.95885181427002,668.5712743067302,42.1,20,4.61680793762207,0
35.32603579192534,-0.04954651422765623,1994,6.861087751072527,124.21498966217041,2095.330357865735,38.2,20,1.3369412422180176,0
35.133144415646534,-0.14956979647727706,1244,4.627377554809595,114.65100383758545,697.651881985206,33.4,30,1.1910455226898193,0
35.22350186494365,-0.09024585864608779,1463,3.275602395029567,124.45808410644531,1299.4681491683916,42.9,10,3.1617331504821777,0
35.284310230801125,0.04305293729398316,1817,5.790914984508667,89.18272972106934,940.2349601421112,44.4,10,6.8909454345703125,0
35.291118437257246,0.06807467672352091,2078,13.829307649173273,133.68057441711426,2114.2072774705357,39.0,20,5.423833847045898,0
35.0750153488132,-0.2889236331488668,1291,0.6558106632237621,116.11215019226074,704.7316366444038,34.9,30,0.9530861973762512,0
35.00873150064447,-0.24907655805453033,1177,1.3114473843188719,100.98622608184814,298.99278184222106,36.0,30,1.8658592700958252,0
34.724757501774526,-0.35823987733603374,1153,2.3174627380815918,103.94532775878906,1556.7978654115632,39.3,20,4.474830627441406,0
34.83279507994766,-0.37966407176470024,1361,18.794898024670637,115.06833744049072,845.6741393704787,37.4,20,1.2134428024291992,0
34.70902642362797,-0.005925813019219969,1463,4.390859872167578,124.56930828094482,697.6530137102989,41.5,10,11.26801872253418,0
35.27866926692792,-0.14910060908960177,1506,5.790929725708561,122.74016284942627,563.7878590391957,42.4,10,4.783466815948486,0
35.01265734668177,-0.34093595021487944,1325,3.9829080869931532,109.07925319671631,359.3431534802423,32.5,30,1.988497018814087,0
34.896840092141275,-0.3462821123727602,1257,5.1086557400769035,105.01800727844238,1451.1273325095387,35.4,20,3.8385660648345947,0
35.234512404628056,-0.037008119941728944,1379,2.073028081736307,120.31810855865479,199.32941289170046,41.6,10,1.0465792417526245,0
35.19327961590944,-0.07651318759919094,1370,1.4661719572869147,119.70459175109863,1395.3054787057386,41.7,30,2.0891480445861816,0
35.1640162715577,-0.19903524760473992,1305,2.317476704780037,129.8203649520874,0.0,38.0,10,2.3885998725891113,0
35.21741616943084,0.09250886034393055,2032,7.6309133650434955,131.724956035614,1248.7945785492755,38.2,10,3.4583840370178223,0
35.36758159810148,-0.27601771243223777,1918,4.267614720016655,112.93021297454834,638.1619839613116,43.0,10,3.9582159519195557,0
34.99156136123466,-0.2017851437713154,1161,0.9274156884549422,99.08784103393555,1804.9993680746818,44.4,30,1.688773274421692,0
35.24665516201164,-0.3455056283092628,2027,5.411935870522787,132.63745498657227,3129.508032797448,35.4,10,9.510985374450684,0
34.91769722901576,-0.3557808002960882,1446,12.095382456787341,119.45838165283203,3312.9775731795444,38.0,10,1.5320466756820679,0
35.03954665673571,0.09654271891632774,1884,11.960570141856794,129.44190740585327,1073.4211061339115,40.3,10,0.4187151789665222,0
34.82170076442831,-0.11682857374854,1144,1.311442567997769,91.27813529968262,1096.3108008545353,38.1,30,5.598891258239746,0
34.932075291528584,0.07995277730693134,1838,8.301711608184245,147.77320003509521,359.34608579334764,38.6,10,1.2693283557891846,0
34.97188339371335,0.09936128327608681,1923,4.390865765213178,146.29144191741943,4265.833204625738,34.9,10,0.3917892575263977,0
35.04627847569015,-0.3266995937416556,1366,6.6103568064501035,109.07925319671631,2722.121041190238,44.6,10,1.4848458766937256,0
35.34910211471351,-0.28483647103549803,1943,2.7802885155287553,107.16136646270752,563.7853924588683,42.0,10,8.211268424987793,0
35.09846950362028,0.04151726280340741,1876,6.006590749402342,112.8200478553772,845.6830772739277,39.7,10,4.738452911376953,0
35.17428752149039,-0.12967193248391387,1292,0.4637353428839794,132.58636569976807,199.32918752656371,39.1,30,11.429201126098633,0
35.12402078818256,0.026378624910251048,1742,17.64270700664283,113.46054029464722,704.7359323711258,44.0,20,3.801815986633301,0
35.0630598307465,0.09575729231743166,1888,5.392184584449417,126.4190559387207,1766.0621427875917,38.4,10,2.5843048095703125,0
34.72352137748812,-0.026990618492146887,1466,4.267612417147619,124.56930828094482,1697.2288765440567,46.2,10,7.744065284729004,0
35.18957766869164,-0.23564528155131526,1445,2.495768988818065,134.27558517456055,1200.1172102588043,43.9,10,2.1266586780548096,0
34.894401823829725,0.02267273385492197,1726,8.301704459623284,131.36324834823608,498.3235812216421,40.2,10,4.767502784729004,0
34.87592805481916,0.03768361114687598,1735,9.689289075446395,131.36324834823608,1494.9705966877534,41.5,20,3.4836766719818115,0
34.7284087565954,-0.018167894213174312,1505,1.9113623044694203,124.56930828094482,1796.7312238674745,46.5,10,7.494100570678711,0
35.06716919489549,-0.3677328458392747,1730,5.170751850672328,114.7891492843628,986.620508272431,45.7,40,4.049315929412842,0
34.834515630235565,0.05349710721019656,1678,14.749524452151002,123.45417833328247,1740.56909835054,42.1,10,8.752280235290527,0
35.17741533566282,-0.24763304133349243,1568,12.465882745046068,134.27558517456055,398.65706205333925,42.4,10,1.9795830249786377,0
34.791589105178545,-0.003342907022795892,1489,9.29622906262911,109.24514961242676,1481.6225962025976,36.5,10,7.327581882476807,0
35.199617003375025,0.06915589525089451,1839,5.4118501155062,129.1945743560791,1127.5771592223746,40.1,20,4.140416145324707,0
35.35427954188899,-0.33942420185348565,2111,5.547544894647286,119.22164916992188,498.3193433620152,41.1,20,2.2802700996398926,0
35.20371123333481,-0.07930643964253463,1407,6.529934594325351,124.45808410644531,1766.062490046714,46.4,10,1.7694696187973022,0
35.200229081391846,-0.00973074304319142,1385,2.8185777126832123,118.15802955627441,759.0238655771142,38.8,10,1.740573525428772,0
35.02139414077341,-0.2958609704966123,1219,1.9113637072266119,94.70985174179077,638.1614192900669,38.4,30,3.9485740661621094,0
35.21812475984936,-0.23908996908983304,1609,9.560251017788085,129.68730449676514,1703.0642179520858,43.2,30,1.1663705110549927,0
35.399361274224084,0.052022154558785685,2289,6.610340337872491,147.08410167694092,1832.3132440220884,44.9,10,2.01497197849676E-4,0
35.36905523148823,-0.11239254262416906,2179,9.307390194099106,135.73330307006836,1395.3047242224545,41.9,10,4.382710933685303,0
35.3725131253249,-0.06350493970089943,2375,17.54051636416184,145.5918083190918,2540.9610401996524,39.6,10,0.3014907240867615,0
35.200750324970855,-0.2218497251113449,1472,13.033895513681149,129.68730449676514,668.5688094203076,39.4,10,1.117492437362671,0
34.93850942137157,0.03482981684512804,1755,6.214571950670149,138.7496542930603,0.0,41.8,20,4.69976806640625,0
35.05887400078871,-0.3485204854466119,1690,10.584331288937115,108.93474006652832,1622.409440486009,43.0,40,1.6431974172592163,0
35.19336314137011,-0.2965864979198798,1979,4.14068641350402,130.96662139892578,3489.665915969339,43.1,10,4.385108470916748,0
35.18994841265628,-0.20223667552102945,1405,9.889982236943725,134.27558517456055,398.6576695612415,35.4,20,1.8021082878112793,0
35.06155021735419,-0.22912847057741484,1285,2.7803108007495245,108.0540189743042,2073.880347866199,32.8,30,1.5419741868972778,0
35.07146670554042,0.01661784669666194,1958,10.728821718104296,112.8200478553772,2818.9438680559074,40.3,20,3.2771284580230713,0
35.30957524876842,-0.29722087594070534,2136,3.5273246079502627,107.16136646270752,2537.033018914515,36.7,20,9.00554370880127,0
34.822620023656384,0.09455881960682881,1693,5.642426112534235,123.45417833328247,563.7884133254248,42.2,10,9.734522819519043,0
35.10556540494784,-0.36198086966529447,1740,3.956013804998234,107.70154333114624,1935.1200110151437,44.9,20,3.343256711959839,0
35.297669160739396,-0.0040462769882102624,1657,6.0065891431779805,107.24820518493652,697.6530480049701,42.8,30,2.450450897216797,0
34.71306449415285,-0.37280198701814066,1242,6.481192481191159,103.94532775878906,2318.1183523091527,39.5,30,2.5368282794952393,0
35.09058964541855,-0.11913941601711646,1205,2.9667680532731024,102.59629154205322,359.3458738197087,39.5,10,3.7801401615142822,0
34.837940327415495,-0.3536139449743184,1305,24.523063098495964,115.06833744049072,2410.545614821012,40.8,20,1.8726818561553955,0
35.35603167041692,0.050404972314066654,2121,8.488391405700133,147.08410167694092,222.8570476154501,42.6,10,5.257368564605713,0
35.34533850918666,-0.15211921739370493,1788,5.27258486262843,106.76100826263428,140.9469578312175,40.1,10,3.704169988632202,0
35.174070488365494,-0.3435403207422992,1886,1.3114529712055147,108.11863803863525,1395.2938870539067,40.3,10,7.729421138763428,0
34.746961563426204,-0.04017311253664368,1427,4.830169823881369,124.56930828094482,3751.6845694165754,44.7,20,6.071214199066162,0
35.24051380993963,-0.020191590570964254,1484,5.27257807738512,120.31810855865479,1127.577547222363,43.7,30,1.0981401205062866,0
35.3789969409289,-0.16312073113889616,1772,13.442104980907883,113.56745433807373,199.32904054916332,43.3,10,2.949849843978882,0
35.35395253284301,-0.27248374259443187,1874,3.7335427476908674,112.93021297454834,422.83927298827143,42.7,30,3.333106756210327,0
34.87511185005866,0.05237596434134197,1726,6.282323140863857,134.11306190490723,1594.6351463579372,41.4,20,5.616593360900879,0
34.83326539848959,-0.059834114939304295,1165,1.036853306803227,98.42325210571289,498.3234587406557,34.9,30,1.7056951522827148,0
34.90000143603139,-0.0859054706777304,1160,1.4661733008514377,93.84386920928955,1740.568499419622,37.2,20,1.9059823751449585,0
35.00268239135273,-0.3443155245687667,1339,8.849402201065885,109.07925319671631,398.65537670398976,33.8,10,1.9535492658615112,0
35.201404421082636,-0.19217460492686309,1374,4.5577295625001195,102.35875844955444,1643.708164866866,33.9,30,1.5376297235488892,0
35.20965321530802,0.08689852864260951,2011,5.642425688115252,131.724956035614,1796.7302523220828,36.5,20,2.3942863941192627,0
35.15592912542202,-0.31037980379097563,1808,1.9113638569764648,108.11863803863525,2292.272134599751,44.5,10,3.7975730895996094,0
35.13429769087646,-0.126568974558168,1238,1.6715864531238764,114.65100383758545,778.405437667688,36.5,30,4.395801067352295,0
35.14603863940682,-0.1511402054264082,1284,4.267618668820702,115.02675151824951,1200.1201010048692,32.4,30,0.7900813221931458,0
35.209453459722624,-0.23124903383588855,1535,10.467230365696977,129.68730449676514,725.5672329772841,39.3,20,1.1855838298797607,0
34.91254183068016,-0.028578217140200937,1358,18.127277285852813,103.33967447280884,759.0238282656218,40.2,20,0.3048114776611328,0
34.720853150530445,-0.059593190584170445,1252,12.294496050016377,107.31008577346802,697.652842236918,36.7,10,5.641629695892334,0
34.928141480111854,-0.07673099135482835,1174,0.0,88.86924982070923,759.0235670851235,36.7,30,2.480719566345215,0
35.30616226141396,0.014224239503809471,1626,11.883978485980371,120.95885181427002,498.3235812216421,46.3,20,5.686827182769775,0
35.1867477684935,-0.31714569122899405,1921,6.983065697284811,108.11863803863525,1694.2875997607741,40.2,20,4.5646233558654785,0
35.235655585368384,-0.3973172456188037,1963,2.363308194779372,111.27314281463623,1388.1526245281443,36.2,30,4.3136725425720215,0
34.87373196102649,-0.1899095817708512,1141,0.9274150426577322,85.5480785369873,2391.9468404419026,50.5,90,5.561793327331543,0
34.77611514267556,-0.05045235194215726,1306,3.3722188103533104,96.55889749526978,2259.5550680319234,34.9,10,14.78380012512207,0
34.815036161287296,-0.10556308834189351,1149,0.4637361318940341,91.27813529968262,1200.1211629098382,38.9,40,3.311898708343506,0
34.88353176004951,0.09120695901158526,1774,6.610339603878596,134.11306190490723,725.5696583385791,38.2,10,4.6174468994140625,0
34.84017486605916,-0.3054245011471493,1131,0.0,116.1425199508667,0.0,36.4,80,1.5014575719833374,0
35.378369861811336,-0.22899852273813887,1886,14.259987135017536,105.94207859039307,704.7332648664848,45.5,20,3.2346150875091553,0
35.02591357045403,-0.04560767408146859,1246,1.6715838048350598,106.12790489196777,2451.427523769951,33.8,20,1.4721295833587646,0
35.26534161878338,-0.3693770136498637,1965,6.024239464404822,124.79443073272705,563.7830921551302,37.6,30,31.401180267333984,0
34.80615149112867,-0.0788626071783018,1161,1.036853389148425,98.42325210571289,896.9820493605209,35.5,30,6.551751613616943,0
35.23132330800193,-0.2699023556036707,1950,4.650346323579055,140.4625997543335,1355.579435322309,41.4,20,9.644883155822754,0
35.278212845123555,-0.1573645869093281,1499,10.70011223173629,108.18236494064331,630.3338649081136,40.2,40,3.547205924987793,0
35.1033869160546,-0.09943123844499535,1225,0.46373603548798364,116.33408260345459,1200.1212808992213,39.1,30,0.31193843483924866,0
35.388520200555526,-0.3131664154126481,2210,6.861177347790911,119.22164916992188,845.6770493959262,40.1,20,1.653563380241394,0
35.397660271097365,-0.006190341903437631,2007,13.655519907487742,134.72788524627686,1388.1688653863855,41.1,10,7.5573201179504395,0
35.33569648812687,-0.30869988735253356,1980,1.0368561995080758,120.11456489562988,140.9462026137987,38.1,10,8.639572143554688,0
34.985470012781825,-0.1737092306569937,1154,0.0,92.81751441955566,359.34544987205555,44.8,30,2.0409722328186035,0
35.077866049009714,0.013955974950594426,1888,9.2402175266705,112.8200478553772,2408.506696650956,38.6,10,2.9285995960235596,0
34.71871953980005,-0.3575814744156475,1152,0.4637443907678241,103.94532775878906,1409.4585618243625,38.6,30,5.335115909576416,0
34.956194051371746,-0.31780001960517706,1191,1.671591530983445,112.09769630432129,1329.6832931778342,36.9,30,3.6464436054229736,0
35.13392793266845,0.031247685792734313,1859,16.03562721506103,113.46054029464722,857.3482646363728,45.3,10,3.7568390369415283,0
34.814164691380014,-0.13688806655244107,1144,1.6715851106428592,91.27813529968262,99.66457906554615,42.6,30,6.194493293762207,0
34.80467424497628,-0.10179128911687889,1149,0.0,91.27813529968262,140.94708947420662,35.9,30,3.9549152851104736,0
35.372125999223236,0.07030346269379437,2160,2.8185777690734675,147.08410167694092,298.9940458489516,43.6,10,0.0010905254166573286,0
34.96578219241039,-0.33678068094507496,1362,11.076567104720832,112.09769630432129,2690.9248509965746,39.3,20,2.3556582927703857,0
35.15859492179001,-0.3418726016635156,1834,0.655812325918851,108.11863803863525,1195.9662476947249,43.5,10,8.070511817932129,0
34.774332037176926,-0.061043096453077386,1200,6.076731692692972,96.55889749526978,2633.110222780752,37.1,30,42.90238571166992,0
35.03132963287227,0.017218939184223375,1889,14.148495479744332,108.59018850326538,2674.2849657665506,37.9,10,3.448334217071533,0
35.04738971056279,-0.13381341088408247,1185,2.0730288628169524,102.38191223144531,1248.79365773909,40.1,30,2.14652156829834,0
35.200544800734306,-0.2779769306284634,1883,9.296334150409171,140.4625997543335,2194.8751799735815,38.8,40,3.662368059158325,0
35.18564954741415,-0.13367368648123892,1311,1.8543341688414132,132.58636569976807,697.652122048258,39.5,30,2.0020697116851807,0
35.140644452031786,0.09899762319341927,2024,8.161930495477426,135.17668628692627,1260.6691551513427,38.0,20,3.030998945236206,0
34.951066703601555,-0.24324209806144892,1146,1.4661836800198733,99.08784103393555,0.0,42.4,30,3.8770532608032227,0
35.26256487541549,-0.26795506724825685,1676,11.755217190371614,113.28399467468262,1694.2911811271736,43.1,10,3.5430078506469727,0
34.96963058521413,-0.2478094928401161,1155,0.6558095471044862,99.08784103393555,99.66426551333481,39.2,30,2.7745554447174072,0
34.88426350105594,-0.1153802714123683,1149,0.463735342881014,82.33929634094238,996.646182595032,35.9,20,1.3270264863967896,0
35.271322474532816,0.0658031611719966,2125,16.131787023711365,133.68057441711426,1471.531466677446,39.1,20,2.8535988330841064,0
34.91735281728508,-0.10561026074043338,1153,1.0368546057562664,99.18256187438965,99.66463785647595,33.3,30,2.737417221069336,0
35.111497447570585,0.005469687824524782,1403,8.46375127489148,113.46054029464722,996.6471624432842,41.3,20,2.163217782974243,0
34.7540340755186,-0.37734022238038795,1365,6.937668230819591,110.90058755874634,1437.369787580774,38.2,20,3.631488561630249,0
35.36694409884411,0.08054035331279359,2240,8.790223581868139,147.08410167694092,821.8559408436493,45.2,10,5.121590220369399E-4,0
35.34437786157568,-0.24852079887063513,1777,10.728832841892546,98.85570621490479,896.9783896200133,42.0,40,1.9931637048721313,0
35.15217124358124,0.021553739505972933,1441,5.108654982296554,131.86794662475586,1001.6180020698073,40.9,10,1.413529396057129,0
35.00423932554073,-0.07285125312300182,1188,1.3114417236771154,98.31086540222168,1127.5771037937939,37.0,30,4.634506702423096,0
35.31968619961699,-0.17700980896380683,1675,10.30873044807936,106.76100826263428,1100.830228239691,44.8,40,1.3025727272033691,0
34.77978066288956,0.03720363126268667,1555,7.847852712642038,118.319899559021,2277.0713728623828,44.1,10,7.8686747550964355,0
35.22852673786499,-0.3271273531882445,1959,5.91776567795486,132.63745498657227,2722.120907376269,40.8,20,8.850817680358887,0
35.156892985881676,-0.31687637506229965,1803,4.917613686292148,108.11863803863525,1594.623623304258,43.9,20,2.6161696910858154,0
34.96444871254422,-0.21279377697936422,1145,1.0368588909673981,99.08784103393555,697.6507159634934,42.7,30,2.56400203704834,0
35.39949504001756,0.017461885641022256,1954,22.352369449614322,100.90661716461182,803.522630772813,43.3,20,7.345582008361816,0
35.288130272060926,-0.03406303304572689,1728,16.757572074908822,107.24820518493652,1958.10089356371,44.5,20,1.9406458139419556,0
35.08190601978454,-0.23569783630364854,1433,2.780312002933899,108.0540189743042,2424.9373123340733,41.6,20,0.8817198872566223,0
34.79286687676679,-0.38001004837875607,1371,6.006700964867744,110.90058755874634,2836.47715423276,39.9,30,1.1688176393508911,0
34.89016262476328,0.07482579039641063,1861,10.700098444381508,134.11306190490723,2491.6169262602475,37.2,10,10.290029525756836,0
35.15945981948465,-0.005446717291918747,1412,3.5273172971464875,118.15802955627441,1832.3135142363396,40.0,10,1.274048089981079,0
35.1833321218759,-0.08397633626117106,1319,2.621511090758392,119.70459175109863,1166.5450218855412,37.7,30,0.9454681873321533,0
34.83970831598835,-0.22023985948479233,1137,0.46373878291080756,95.18315553665161,1409.466876162757,42.6,30,1.7891050577163696,0
35.093516287121055,-0.15642481525118038,1281,2.7020799679312106,100.60427951812744,2720.3125332064906,29.8,10,2.8439714908599854,0
35.21086536816929,-0.23947818694195216,1589,8.301775137733282,129.68730449676514,1597.7401921713329,42.2,10,1.4852148294448853,0
35.15723193551789,-0.08240079890530355,1286,3.1078482467176385,119.70459175109863,1295.640674275062,33.9,30,1.8285256624221802,0
35.2019917677143,-0.16972896605626214,1289,3.955946990431809,102.35875844955444,359.34548520104573,37.8,10,4.2520341873168945,0
34.808923978768114,-0.1782906301977324,1136,1.03685420051419,90.85835933685303,803.5207743211279,40.0,20,1.7481396198272705,0
35.021387301003664,0.047056724012705546,1900,5.1707501386230055,108.59018850326538,1409.4717261708374,34.4,20,4.179188251495361,0
34.77619996778458,-0.30862044773849073,1137,0.6558112434251671,107.22574234008789,704.7310130689935,41.2,30,5.58923864364624,0
34.950230467938255,-0.22675247141631022,1143,0.463738976060806,99.08784103393555,422.83997970568015,42.9,30,1.9871330261230469,0
35.05602672933348,-0.3917861373113067,1763,0.6558141577620492,114.7891492843628,2963.2113979705364,47.2,10,6.671533584594727,0
35.328241417827975,0.026436439168114244,1914,22.44578660520413,120.95885181427002,996.6471134508945,45.3,20,2.481130838394165,0
34.944831795469625,-0.2369436290619205,1142,1.036854965486765,93.33990859985352,0.0,42.1,30,2.449772357940674,0
35.388536726362126,0.05884870263809969,2209,3.527317569444653,147.08410167694092,1740.569012788993,43.9,10,0.0013505236711353064,0
35.26963614433486,0.008424652881507483,1746,7.927599062919093,89.18272972106934,2018.0566945122293,41.2,20,1.626583218574524,0
35.03938915540369,-0.12707544577368876,1178,1.0368537024589866,102.38191223144531,281.8940542340331,39.2,30,2.6793344020843506,0
35.05949162953315,-0.39190001681506725,1764,1.9113648379804127,114.7891492843628,2591.2531973569276,41.8,10,6.738757133483887,0
35.28384736685459,0.03433600141875722,1844,4.763546101585266,89.18272972106934,1481.6224505377543,41.3,30,4.490412712097168,0
34.9271184165324,-0.05937498930288572,1190,1.3909630807829783,88.86924982070923,2185.8173358680388,38.9,30,0.5944399833679199,0
34.940582905731006,-0.05550328946289662,1215,2.363306053287243,88.86924982070923,2756.589304689141,36.8,30,0.3587685823440552,0
34.988432931577044,-0.2813503759319023,1187,1.466187779504475,101.53885078430176,2044.9370429833837,40.6,30,2.5051863193511963,0
34.78098588057322,0.08804988842330311,1652,1.8543341688295631,113.54673433303833,498.3233117634324,44.4,10,14.526599884033203,0
35.109754656262695,-0.0963571547690249,1232,1.0368543783766822,116.33408260345459,1575.8365214029975,38.1,30,0.3451285660266876,0
35.18177725953485,-0.3450023866694057,1891,4.140657095065969,108.11863803863525,1622.409759504169,43.1,20,8.179972648620605,0
35.12033344185875,-0.12058185080243265,1220,1.0368550346637786,114.65100383758545,1195.9753603231131,38.6,30,4.002262115478516,0
34.83457329739394,-0.17263220584054514,1140,1.036856971407762,90.85835933685303,508.19120878612216,48.4,40,3.490042209625244,0
35.2415577853427,-0.15495949310503518,1585,13.0338783230637,102.35875844955444,1622.421164362174,41.5,20,1.6374906301498413,0
35.17475319319367,-0.05191921135157897,1437,18.725546440719047,119.70459175109863,996.6470154661077,39.8,30,1.0759320259094238,0
35.39800932186887,-0.28719635532172433,2078,2.363334449215235,112.93021297454834,2377.3598319370617,41.7,40,1.2622928619384766,0
35.10978580605522,0.058779910780897705,1878,2.8185791509471634,135.17668628692627,896.9822257331804,41.2,10,2.8689467906951904,0
34.71741482712992,0.04611267529112359,1635,3.9828620538940918,103.89941215515137,3013.10640356738,44.0,10,32.356327056884766,0
35.07677974040002,-0.04072605138550374,1243,1.9113622393617775,104.0775842666626,704.7358977282731,34.9,30,2.1416800022125244,0
35.394337884812295,-0.2717537695944669,2010,1.390963080774087,112.93021297454834,797.3133794186574,38.8,40,5.266094207763672,0
34.841018095168046,-0.18883038915290498,1137,1.9113719939495555,90.85835933685303,1040.527474784424,46.2,40,7.090958595275879,0
35.30059640410527,-0.3634069443526651,1991,8.058786123626275,128.01849174499512,222.85491137382974,40.9,20,18.230655670166016,0
35.31554900558087,-0.23742062687767074,1663,2.818601206663533,98.85570621490479,845.6796268386745,43.3,20,0.8079491257667542,0
35.19902256333943,0.025402783269335916,1434,2.7802885155465065,131.86794662475586,99.66471624432842,42.2,10,0.9815977215766907,0
35.20782116081568,-0.32256661310645884,2012,4.830239773252218,132.63745498657227,3220.2406815135723,41.6,10,5.742021083831787,0
35.33121431009272,-0.07830716556965779,2132,15.785983594502635,115.12260723114014,1299.4683408032686,41.0,10,0.22909407317638397,0
34.85839379700311,-0.026452696155074704,1338,21.57183982589571,111.56751441955566,3104.039794666782,35.7,20,1.09506356716156,0
34.88192415305995,-0.29379277780451496,1136,0.6558108088135457,112.4322338104248,498.320396706213,39.4,10,1.8152565956115723,0
35.0313151540156,-0.2982977927127229,1238,0.4637353428839794,94.70985174179077,986.6238547994747,40.3,30,3.425328493118286,0
35.04141799885044,-0.07323549575261161,1197,1.9113636666947278,98.31086540222168,1691.3656556906906,37.8,30,3.753323793411255,0
35.142648729746455,-0.038568682990304824,1248,5.392179365781842,144.83207511901855,99.66470644585023,39.2,20,0.2500285506248474,0
34.90095094041835,-0.3605076521048926,1399,5.917752635532641,119.45838165283203,3094.39511771384,37.7,10,1.963867425918579,0
35.29206783842383,-6.82005875564266E-4,1533,4.627367505964277,107.24820518493652,0.0,43.3,30,3.7817869186401367,0
34.86510151006062,-0.19707091397317328,1140,1.8543341688414132,85.5480785369873,1451.1360353077687,48.7,30,7.748296737670898,0
35.061765434227866,0.02957988285533783,1927,7.161732962677934,112.8200478553772,2318.1420547364005,39.6,10,3.593637704849243,0
34.90012173133215,-3.36601415510124E-5,1811,6.937519448992062,111.56751441955566,2102.429595748244,43.2,20,3.133798599243164,0
34.82170597566393,-0.14682069514503598,1141,0.0,91.27813529968262,298.99367840568556,46.5,30,7.671797752380371,0
34.78854539441303,-0.3365609796944915,1139,1.466174349415245,107.22574234008789,140.94601554096874,43.8,30,3.214570999145508,0
35.38921494708197,-0.11791242177129435,2105,7.3931146429824794,135.73330307006836,498.323091297516,38.8,10,6.103923797607422,0
34.92922707883572,0.07172522287979592,1858,5.108658906914139,147.77320003509521,1200.1216938619702,36.4,10,3.5886290073394775,0
35.269477741262634,-0.1877506705668123,1411,10.065887247632002,108.18236494064331,597.9867395059861,37.3,40,7.320677280426025,0
34.88283434300391,-0.3588880308888339,1336,8.161942118970035,115.70798301696777,1100.822273454882,33.3,10,2.3266963958740234,0
35.358459993086726,-0.17043876646843162,1809,16.392728062284533,113.56745433807373,902.5004826002865,40.5,10,4.769545078277588,0
34.90339530871152,-0.3585727338543003,1374,4.650346714070807,119.45838165283203,2998.206784212596,32.7,30,1.9207442998886108,0
35.10479622246121,-0.09321227276515508,1229,1.466173559997333,116.33408260345459,1914.4955512667852,40.1,30,0.29109320044517517,0
34.9607930749987,-0.09767599710975007,1178,0.655806964855436,94.65282535552979,1329.6922480820047,36.5,30,4.983652114868164,0
35.10874448100288,-0.008619561856981822,1304,6.415609699645913,144.83207511901855,697.6530137102989,38.7,30,0.28519129753112793,0
35.09414980766366,-0.3059478118521515,1418,7.043148746607457,108.93474006652832,498.3201517426448,37.0,40,1.1663413047790527,0
34.80167127708887,0.029647372148373194,1456,3.617155048683993,124.67988348007202,0.0,38.6,10,9.729565620422363,0
35.3448467396163,-0.10294438358687068,2375,35.492293025775346,106.57208347320557,3394.4554170183183,40.0,10,0.2722650170326233,0
35.0434035482815,-0.32246039560050366,1342,2.702104046760308,109.07925319671631,2683.533901261311,40.4,40,1.339001178741455,0
35.336319661330826,-0.20091667751698908,1679,12.457748827433983,98.85570621490479,638.1636779720485,45.0,20,4.042943477630615,0
35.288539056833265,-0.31086961477140723,2120,6.861176392837078,117.83059692382812,3587.9042106778716,35.5,10,6.255453586578369,0
35.04181252430951,-0.3580813107881118,1638,11.43919944258209,119.38974857330322,581.1346525333006,40.7,40,2.548936605453491,0
35.040356200700444,-0.224542177041602,1235,3.527321497368951,100.98622608184814,199.32868780296027,30.3,30,1.0456584692001343,0
34.89199635535938,-0.1543183132594369,1147,0.9274132874295548,85.5480785369873,2540.957292998792,44.7,30,4.494795322418213,0
35.342168579356745,-0.3687847721817198,2137,3.107860434498165,128.01849174499512,918.8540677667822,38.0,10,1.8226628303527832,0
34.87674778048493,-0.34958278950379057,1279,4.627367505948797,105.01800727844238,398.65525912121115,36.3,30,5.030150890350342,0
34.81171822385809,-0.38359060026047476,1357,4.390948272507063,115.06833744049072,1232.771003341532,43.6,30,2.8470089435577393,0
34.9974634388363,-0.39801283325131853,1542,7.435688086088669,128.00864696502686,896.9719078742795,40.2,20,6.9113922119140625,0
34.889143730496464,-0.3766699020462386,1422,12.902368221566604,115.70798301696777,2095.3086246235603,38.0,20,2.6857192516326904,0
35.30655018493679,-0.3567768459961481,2015,3.818549188339896,128.01849174499512,222.85497710464648,41.4,20,18.90247344970703,0
34.835676029137424,0.010897998702080844,1497,5.272577974258345,124.67988348007202,0.0,47.7,20,2.4346907138824463,0
35.08627293833564,-0.024571848333756197,1275,1.3114412532111859,104.0775842666626,845.6831604167721,37.9,30,1.0236550569534302,0
35.03665759638842,-0.2972546753769266,1243,2.363307229474789,94.70985174179077,422.83883648575255,38.4,30,3.7911264896392822,0
35.26467247281288,-0.34026840970577843,2039,3.2756587576364273,117.83059692382812,2400.2236834238493,35.5,10,7.093775272369385,0
35.10090734425318,-0.03740725755842775,1231,2.317463053028119,144.83207511901855,445.7141171409652,38.3,30,0.26540082693099976,0
35.13414206352076,-0.115016964892658,1241,1.0368536133146622,114.65100383758545,1524.5754999599478,37.0,30,1.180822491645813,0
35.32913024802997,0.06639113839250392,2507,6.282322588278355,152.49081325531006,2905.6999731535216,39.0,10,7.410069811157882E-4,0
35.309351570846744,0.0839574839793144,2247,10.584340963311531,152.49081325531006,2114.2068617561704,36.7,10,0.0022643785923719406,0
35.27377640588963,-0.33647063258438376,2017,5.272584126247019,117.83059692382812,2146.825749071172,34.3,10,8.60809326171875,0
34.74034371172359,0.02176390468472883,1542,15.562783162800102,103.89941215515137,797.3177299546273,41.7,10,10.273468017578125,0
35.02149361506792,-0.1876282788229266,1176,1.036857628731788,93.87169170379639,222.8565108182,35.8,30,1.3432174921035767,0
34.89711401930346,0.017432484088891264,1667,22.148030098378467,131.36324834823608,99.66471624432842,42.1,20,2.9814109802246094,0
34.774357267606774,0.004813248124935645,1374,7.50599288264798,118.319899559021,298.99416343070146,37.3,10,8.12402629852295,0
34.8838813880354,-0.15827889669131284,1147,0.6558077456060081,85.5480785369873,3342.850127160392,45.4,40,2.944038152694702,0
34.77721844726598,0.08165349765022525,1626,13.397424566526757,113.54673433303833,697.6527050581828,42.9,10,9.411138534545898,0
35.19387165926547,-0.3900154493213124,1858,6.197542692304663,108.3173656463623,498.3179715615824,39.2,10,4.756886005401611,0
35.15050652187064,-0.05958287366804229,1258,3.5273175776496672,119.70459175109863,99.66469174813115,36.8,30,2.631422281265259,0
34.98100894318075,0.05200854570614114,1971,6.72123728105158,146.29144191741943,2683.5542164118606,32.0,10,6.466251850128174,0
34.71633033379371,-0.014183485485968669,1443,5.170748606978572,124.56930828094482,581.1401660340861,46.0,10,7.054044723510742,0
34.84919472989582,-0.20971971452880064,1138,0.0,95.18315553665161,1268.5206250478843,46.0,30,14.72191333770752,0
34.86199043106798,-0.19411724419566698,1140,0.6558083822856112,85.5480785369873,1100.8297412137015,47.5,30,5.355260848999023,0
35.15664438577535,0.08763090729899192,2069,8.598346889099751,129.1945743560791,3318.997863566558,34.5,20,3.0730409622192383,0
34.828762122988564,-0.395663038736049,1375,17.448810927872124,115.06833744049072,725.5617045499127,38.4,20,3.1318578720092773,0
34.84621554773346,0.08368043731358443,1734,4.366494238425423,123.45417833328247,2294.4529470381112,41.3,10,13.290131568908691,0
34.871096665018555,-0.07182139163821852,1162,1.390963080774087,93.84386920928955,222.8570037953149,36.9,30,2.802448034286499,0
34.81184355571443,-0.3923071894954382,1409,6.432089243533728,115.06833744049072,1691.3471147283751,41.2,30,3.2464492321014404,0
35.01308386571388,-0.27893116908249804,1195,0.0,94.70985174179077,99.66414303173434,39.6,30,5.515554428100586,0
34.71240155600836,-0.3973754749322709,1339,2.9668089873677768,103.94532775878906,4594.262660062923,38.9,20,3.911048650741577,0
34.90467731929348,0.03891815642193293,1777,2.8185783559155295,138.7496542930603,1694.300009579454,43.3,20,6.39166259765625,0
35.30015077138792,-0.1538355988891882,1632,15.443414784572465,108.18236494064331,918.8617013304423,40.2,20,2.816840648651123,0
34.99925709298866,0.09220923864797327,1961,1.4661720148816109,146.29144191741943,5043.66191808544,37.1,10,0.1281398981809616,0
34.99624458461911,0.05153532176522669,1940,11.439182758122886,146.29144191741943,1136.3524345328565,34.4,20,3.015428066253662,0
35.397609057450104,-0.2618077516061475,1924,9.858601364540966,112.93021297454834,99.66421162144916,38.4,40,2.360340118408203,0
34.72817098344805,-0.3686789152996187,1208,3.5273285727815,103.94532775878906,1694.283185508052,37.6,30,4.662041664123535,0
35.32026927998016,-0.2609245771989708,1749,6.432078533337769,107.16136646270752,597.9852991242761,42.7,40,3.2003207206726074,0
34.93711935521507,-0.04499244459207897,1255,2.6215100893376784,103.33967447280884,2274.8891125963423,37.1,30,0.34545618295669556,0
34.92265621298821,-0.10172072374201307,1157,0.9274099368670311,99.18256187438965,0.0,36.7,10,2.5524582862854004,0
35.0131600168073,-0.08379386280152336,1185,0.0,98.31086540222168,918.8628305504513,36.9,20,5.554459095001221,0
34.83820352791587,-0.3354589277600585,1172,2.363307569621752,116.1425199508667,2206.1542118016137,42.3,30,3.7162859439849854,0
34.8684732993863,0.017311088205924356,1572,11.892514765019541,131.36324834823608,222.8570804805459,41.3,40,2.193239688873291,0
34.96514618097524,-0.3143276976106931,1194,2.0730526170172263,112.09769630432129,1136.3443348147712,40.4,40,2.8300468921661377,0
34.737968190803414,-0.03683533768091562,1480,8.561861980719579,124.56930828094482,2943.063512046164,44.0,10,5.386936187744141,0
35.211335709351076,-0.14366350231085037,1347,4.1918985591981155,162.29397678375244,581.139309016672,38.2,30,4.219033718109131,0
35.287389661077135,-0.045184238183730754,1869,14.092363817443577,107.24820518493652,2362.7051523029168,46.5,10,4.244100093841553,0
34.95389415670623,-0.024475302821484288,1447,19.99011704445993,112.8185510635376,1694.3001761535832,40.4,10,1.370913028717041,0
34.927484677336054,-0.13756511951062983,1155,0.9274099368670311,99.18256187438965,1559.9974161762457,40.3,30,5.993445873260498,0
34.87060174361677,-0.18676604038521538,1142,0.4637353428839794,85.5480785369873,1995.7792858950643,50.6,40,5.794459342956543,0
35.207103010982735,-0.19027603749133323,1358,3.2756199517621343,102.35875844955444,1295.6378719060306,35.1,30,1.3665122985839844,0
34.852228656486496,-0.09057290361407272,1149,0.46373591674015774,93.84386920928955,896.9819170810036,38.2,30,3.022794246673584,0
35.272185681645,-0.13869066881971845,1503,7.87454856070741,122.74016284942627,597.9874743932769,43.5,10,3.057199478149414,0
35.276879623402614,-0.292548312494272,1911,7.506036978082623,113.28399467468262,2292.274050214996,40.6,10,8.148173332214355,0
35.02164690468191,0.085799281719872,1933,6.610339448803767,129.44190740585327,3388.5985199913403,38.3,10,0.13747599720954895,0
35.0818082750282,-0.1769722568690515,1242,5.642432418828924,100.60427951812744,398.6579439193455,29.5,30,4.200037479400635,0
35.13576291330289,-0.2319084145312443,1405,5.717166807975706,121.1725721359253,902.4987967443503,38.3,20,2.1315901279449463,0
35.1765703599946,0.05247040938736247,1751,16.723239051511325,129.1945743560791,99.66469664737107,40.9,20,3.0990450382232666,0
35.35617577295151,-0.08967210519359586,2439,9.858588728074551,145.5918083190918,2410.566588853516,41.5,10,0.1750149130821228,0
34.79402482153078,-0.06724266098838198,1166,0.6558067143527877,96.55889749526978,2292.2877975244924,37.4,30,8.603338241577148,0
34.95696330950375,-0.3234362487144596,1220,3.372222771598568,112.09769630432129,2015.5784924382597,35.3,30,4.242954254150391,0
35.259464690837014,0.03878237588778573,1712,11.892514768153264,89.18272972106934,222.8570585704826,44.2,20,2.5723354816436768,0
34.99281443332084,-0.27489846839818155,1183,1.9667439133976345,101.53885078430176,1200.115381415861,39.8,30,2.5566704273223877,0
34.96197636172483,-0.10277515805549509,1171,1.9113623922672447,107.48606014251709,1935.1373240394662,37.0,20,4.901111602783203,0
34.96517093229235,-0.2054893685046242,1147,0.4637353428839794,99.08784103393555,940.2321407586664,44.6,30,1.9869627952575684,0
34.89315738225564,-0.06937765655049835,1170,1.4661727983144222,93.84386920928955,668.5710113859446,36.4,30,0.41487807035446167,0
