elevation,slope,rainfall_3day,distance_river,clay_percent,land_cover,population,flooded
1411.9,1.58,28.5,600,26.6,30,18,0
1125.6,1.07,4.0,218,51.2,10,0,0
1172.5,0.67,6.6,600,59.9,40,397,1
1165.5,0.65,5.5,880,41.9,40,290,0
1324.2,0.95,3.2,1073,24.7,40,626,0
1485.0,2.31,90.0,600,33.8,10,92,0
1646.1,7.32,12.6,21,50.0,40,205,0
1563.3,3.97,79.7,600,22.3,30,201,0
1487.3,6.26,47.3,6000,54.6,30,88,0
1506.4,0.5,80.4,6000,43.1,30,184,0
1156.7,0.74,5.4,728,49.8,50,602,0
1167.1,6.16,62.8,1252,22.0,10,98,0
1136.2,2.38,90.0,652,58.0,30,72,1
1152.4,2.44,13.4,68,31.2,30,81,0
1636.9,1.64,69.3,276,37.3,40,311,0
1250.0,7.13,3.8,84,19.6,40,325,0
1133.2,2.17,3.6,3085,41.1,40,267,0
1395.4,0.23,155.0,600,45.9,40,300,1
1206.4,10.89,20.5,1190,35.3,20,185,0
1410.5,0.65,11.2,800,27.7,80,49,0
1350.4,1.31,87.4,43,28.1,40,554,1
1601.4,2.68,19.3,813,21.6,10,77,0
1250.0,5.48,26.4,109,35.8,40,318,0
1444.9,7.91,25.6,22,31.5,40,398,0
1356.2,0.52,71.7,600,48.3,20,83,0
1538.9,0.7,2.1,854,36.7,90,98,0
1431.9,2.91,59.6,600,48.0,40,389,0
1265.3,1.06,68.2,645,21.0,40,303,0
1188.4,0.17,18.9,2762,27.6,30,65,0
1334.9,0.16,41.0,79,35.0,30,107,0
1352.1,0.73,6.9,158,65.0,90,54,0
1643.2,4.07,59.5,727,49.4,40,590,0
1386.8,0.55,25.0,190,65.0,40,461,0
1250.0,0.62,53.8,1025,35.0,40,258,0
1250.0,1.77,121.8,46,48.4,40,302,1
1321.3,6.29,63.6,620,48.1,40,185,0
1454.0,1.99,10.0,111,23.1,10,80,0
1418.0,0.46,12.8,84,36.1,40,501,0
1157.8,2.44,28.7,600,29.6,40,317,1
1152.3,19.27,16.2,507,58.9,90,170,0
1414.7,4.82,50.6,2032,26.4,40,116,0
1205.3,4.21,64.6,500,49.8,30,64,0
1308.5,1.57,3.8,235,30.7,20,45,0
1186.7,13.16,21.2,20,55.0,40,350,0
1168.2,3.05,18.0,5779,26.7,40,302,0
1418.7,1.06,4.7,810,33.1,20,87,0
1588.5,4.66,55.1,600,15.0,40,238,0
1653.1,0.66,90.0,1275,60.1,40,497,0
1437.2,9.17,47.5,600,65.0,20,86,0
1112.3,1.46,71.1,800,36.7,40,405,1
1435.6,0.62,9.2,600,17.1,10,10,0
1400.3,4.43,122.9,622,49.8,10,0,0
1313.6,0.5,81.1,26,27.5,10,85,0
1617.5,19.16,132.5,1223,49.2,40,202,0
1517.0,0.09,150.7,47,26.9,90,59,1
1556.9,0.01,32.3,200,55.4,40,491,0
1495.3,0.5,4.8,176,31.3,30,123,0
1364.9,0.82,75.9,1393,29.5,10,107,0
1499.9,0.27,69.2,800,48.1,40,326,0
1500.9,8.6,127.6,4549,28.2,10,88,0
1628.2,17.24,17.0,2473,55.4,40,221,0
1164.0,1.69,18.7,600,21.3,30,31,0
1248.1,1.36,46.9,2099,37.6,30,48,0
1515.5,0.5,28.7,292,37.3,30,117,0
1438.8,1.88,64.1,650,31.0,40,198,0
1459.3,0.13,2.4,600,63.8,30,36,0
1205.3,1.47,9.1,1579,59.3,30,31,0
1504.4,0.5,22.8,600,56.0,40,0,0
1151.7,0.86,118.6,600,20.9,40,393,1
1238.3,0.58,82.7,600,31.8,90,112,1
1169.7,2.89,12.9,424,46.0,30,66,0
1617.0,2.29,10.1,600,27.6,10,151,0
1342.6,2.45,66.6,55,65.0,40,367,0
1224.8,4.97,17.9,121,60.3,20,123,0
1532.1,5.91,50.0,892,41.8,40,292,0
1131.1,14.46,27.2,555,55.4,20,62,0
1139.6,1.75,84.2,93,28.1,50,1105,1
1300.8,0.59,24.5,800,36.0,30,80,0
1424.8,0.44,109.5,35,21.1,40,309,0
1488.9,1.33,48.2,2301,38.1,80,116,0
1154.0,4.99,10.8,1121,46.5,80,180,1
1201.7,0.84,22.2,887,34.1,40,440,0
1100.0,0.27,50.0,90,63.5,90,109,1
1738.1,3.23,50.8,600,30.0,40,186,0
1122.7,1.23,53.8,600,41.2,20,0,1
1162.2,2.27,10.1,600,48.5,50,1183,0
1466.8,4.09,17.3,3118,29.3,40,464,0
1312.7,4.09,9.3,46,39.5,20,30,0
1284.7,4.75,75.8,6000,35.5,40,479,0
1524.3,0.95,42.9,20,39.3,40,395,0
1399.0,3.43,59.8,642,21.1,50,1359,0
1316.1,2.34,5.9,129,31.2,40,241,0
1514.0,0.09,18.9,600,15.0,30,67,0
1280.8,1.26,58.5,102,32.9,30,172,0
1192.7,5.12,37.7,600,56.4,40,347,1
1353.1,4.28,21.2,4369,29.0,40,473,0
1381.6,17.29,86.4,2023,42.9,10,51,0
1411.1,22.0,50.1,20,19.9,20,167,0
1422.7,0.97,90.0,125,37.3,20,53,0
1286.1,2.19,32.0,941,40.7,40,233,0
1250.0,0.5,10.9,669,25.7,10,107,0
1544.9,6.04,15.6,234,48.8,30,69,0
1250.0,2.55,27.1,87,41.6,40,538,0
1163.9,13.35,47.3,53,19.3,20,92,0
1536.2,17.11,54.5,1309,43.3,30,74,0
1413.7,7.95,51.4,1293,23.0,50,1463,0
1161.7,2.8,1.5,963,44.7,40,421,1
1487.5,1.16,50.0,800,29.7,30,85,0
1180.1,10.64,69.7,442,65.0,50,813,0
1470.8,1.32,34.5,600,43.1,30,146,0
1184.7,11.11,50.0,25,36.2,40,328,1
1123.6,4.61,15.3,600,40.3,30,157,0
1248.4,1.33,69.7,21,26.3,40,240,1
1231.4,0.2,28.7,91,23.8,30,84,0
1167.5,0.61,0.8,2972,43.9,30,124,0
1510.4,1.62,7.1,697,20.1,40,292,0
1389.4,1.77,12.1,1646,32.3,40,427,0
1439.5,0.51,16.7,399,33.7,40,390,0
1313.8,0.79,89.9,90,33.1,40,736,0
1250.0,1.84,11.4,600,34.9,40,242,0
1111.9,2.71,7.4,601,20.9,40,510,0
1591.3,3.13,50.0,66,58.8,40,248,0
1193.0,20.2,20.0,202,21.1,20,84,0
1103.3,0.15,26.6,415,55.1,50,1247,1
1157.1,0.23,63.6,3302,36.1,40,289,1
1504.9,2.61,7.3,736,65.0,90,74,0
1149.1,0.12,98.6,27,22.6,40,379,1
1143.5,7.18,8.1,20,30.4,40,109,0
1165.6,2.11,42.0,600,39.8,50,1254,1
1426.6,4.98,21.7,146,38.5,10,18,0
1250.0,1.36,8.8,1927,60.6,80,92,1
1138.8,3.59,49.0,777,56.1,30,46,1
1100.0,4.48,4.0,2052,33.5,10,77,0
1392.5,1.61,34.6,1171,36.8,30,118,0
1131.1,4.05,150.2,600,44.3,40,303,1
1311.0,5.85,2.7,20,25.0,10,131,0
1303.5,9.51,52.9,149,62.4,10,24,0
1669.5,0.47,17.8,1332,41.3,40,365,0
1186.3,0.64,15.8,600,47.7,40,506,1
1250.0,0.38,13.3,1893,20.3,40,363,0
1154.0,10.68,3.8,50,35.8,30,79,0
1422.6,5.23,12.3,80,24.6,30,79,0
1411.4,5.68,20.8,1655,42.5,10,127,0
1250.0,1.11,24.8,2696,15.2,40,88,0
1101.7,11.47,62.8,600,59.2,30,104,1
1184.0,2.47,8.6,222,33.3,30,43,0
1382.4,22.0,20.4,354,16.0,40,315,0
1245.9,3.66,10.5,1353,56.2,40,290,0
1220.7,7.7,24.0,282,35.0,10,24,0
1482.2,1.52,31.1,610,54.8,40,380,0
1142.4,4.23,23.7,423,35.3,20,56,0
1126.1,0.11,116.0,167,26.3,30,139,1
1123.3,0.66,34.1,208,40.1,30,52,0
1423.3,0.5,25.2,1259,37.0,40,319,0
1492.1,0.5,58.5,3147,37.9,40,500,0
1500.3,0.9,33.9,313,31.3,50,1138,0
1507.6,0.55,33.1,600,56.0,50,1329,0
1590.5,1.75,9.9,103,55.5,40,342,0
1140.1,0.5,0.6,800,28.7,30,96,0
1280.3,0.32,22.5,173,47.9,40,399,0
1160.3,22.0,50.0,800,51.8,40,533,0
1383.2,0.42,155.0,81,56.1,40,0,1
1429.7,0.75,136.5,783,62.5,10,88,1
1400.8,0.16,13.2,800,50.0,40,229,0
1516.2,2.33,19.0,2190,32.2,50,312,0
1471.0,12.19,66.8,115,26.3,40,144,0
1456.9,10.41,3.7,600,25.9,40,529,0
1501.6,13.69,45.4,341,26.1,40,184,0
1362.3,0.34,21.1,600,33.1,40,485,0
1148.7,0.17,65.2,1150,53.9,40,321,1
1489.5,2.74,34.7,1361,23.7,40,330,0
1435.7,8.96,107.2,321,41.6,80,165,1
1274.4,0.5,8.9,600,30.5,80,171,0
1175.1,15.59,36.6,193,65.0,40,332,0
1314.2,7.95,33.8,205,50.1,10,130,0
1536.1,1.92,52.5,1622,48.1,10,128,0
1250.0,3.7,70.6,186,35.0,80,124,1
1544.1,2.73,27.2,1284,56.9,30,102,0
1101.7,0.82,77.0,800,58.0,30,107,1
1250.0,0.57,31.5,20,27.3,40,393,0
1169.1,5.0,67.6,86,44.4,30,51,1
1250.0,0.52,63.0,103,36.2,40,257,1
1496.1,0.5,51.6,116,24.0,40,412,0
1291.3,12.16,21.3,280,47.0,30,103,0
1307.3,1.29,39.2,2633,29.7,40,215,0
1134.4,5.42,121.3,1306,35.0,40,485,1
1250.0,17.25,10.4,270,55.7,40,411,0
1521.0,11.69,7.7,600,45.5,30,119,0
1298.7,7.29,31.3,832,28.7,50,949,0
1372.9,10.02,83.2,600,35.1,40,395,0
1409.4,2.07,34.4,688,40.4,30,112,0
1224.3,7.08,40.5,3937,27.7,40,0,0
1250.0,6.99,62.5,600,57.6,80,26,1
1399.4,1.19,23.9,800,25.4,40,441,0
1425.4,1.64,10.0,300,61.4,40,340,0
1140.9,12.42,5.0,1110,24.7,40,357,0
1278.1,1.79,6.5,600,35.9,30,41,0
1151.4,4.34,20.1,1064,16.6,20,57,0
1376.9,0.76,50.0,600,21.7,20,138,0
1651.8,0.5,20.4,204,52.2,10,41,0
1284.8,4.63,64.3,600,44.8,40,155,0
1492.0,5.83,17.5,309,31.7,20,23,0
1143.0,11.5,8.3,37,37.9,50,939,0
1197.0,14.2,82.8,57,39.0,90,69,1
1587.0,2.76,11.6,20,47.2,40,417,0
1232.3,1.04,29.6,873,35.2,40,222,0
1227.2,1.97,85.0,695,35.0,30,19,1
1151.3,14.89,49.3,194,27.5,40,228,0
1177.7,0.22,1.5,758,56.9,40,397,0
1328.4,7.08,62.5,5444,52.4,30,117,0
1182.2,0.36,34.5,3055,31.4,30,23,0
1232.5,0.35,14.5,612,48.8,40,434,0
1605.0,0.5,6.5,800,53.5,40,550,0
1517.1,0.79,153.9,615,34.8,40,339,1
1423.0,3.59,87.6,6000,23.9,80,76,0
1193.4,15.04,5.3,20,26.3,40,355,0
1188.1,1.3,155.0,1649,24.6,30,62,1
1354.7,0.09,51.3,20,21.6,40,450,0
1328.5,3.44,18.0,600,40.6,40,311,0
1286.7,4.81,11.5,93,15.0,40,456,0
1224.3,10.09,154.4,993,26.8,50,965,1
1313.8,3.35,50.2,4547,54.7,30,52,0
1226.9,5.0,52.4,89,34.0,30,108,0
1304.7,1.16,14.7,600,57.3,40,462,0
1248.4,8.56,8.2,1159,45.1,10,61,0
1585.7,0.5,43.3,274,24.9,40,465,0
1598.1,7.88,15.4,800,53.1,40,336,0
1484.9,0.39,6.1,237,47.3,30,82,0
1538.5,0.89,14.6,600,52.6,40,337,0
1250.0,1.48,122.4,281,21.8,40,499,1
1426.1,2.3,90.0,600,22.9,10,52,0
1223.7,0.18,10.8,3987,24.7,40,407,0
1553.2,5.36,86.1,415,24.6,40,382,0
1178.9,1.04,11.2,6000,61.2,40,337,0
1334.0,0.67,7.3,600,57.6,40,674,0
1105.6,2.19,29.4,2137,25.3,40,268,0
1693.5,9.34,26.2,57,44.4,10,135,0
1437.2,0.5,32.7,550,16.7,40,386,0
1100.0,9.17,42.0,600,23.7,40,241,1
1157.5,6.08,110.1,130,25.9,40,476,1
1136.0,3.98,135.9,3267,37.8,30,21,1
1154.4,0.81,30.1,600,40.9,30,4,1
1399.9,1.29,19.1,1740,55.5,40,302,0
1170.6,0.71,32.2,600,26.4,30,99,0
1149.6,4.8,22.5,4206,39.7,40,475,0
1188.8,4.18,8.6,1083,46.6,40,192,0
1175.4,11.39,12.0,59,37.6,40,234,0
1117.0,0.0,29.4,4448,32.8,10,119,0
1420.5,1.1,64.0,600,52.0,30,109,0
1190.8,9.07,94.9,317,26.7,10,85,1
1422.7,2.02,35.2,101,46.0,40,413,0
1504.3,3.5,102.6,773,40.9,50,1814,0
1108.3,5.71,4.8,1514,64.2,30,158,0
1386.0,14.11,16.3,171,54.8,40,539,0
1328.5,5.18,36.7,370,65.0,30,76,0
1218.8,5.12,14.6,600,37.0,50,823,0
1250.0,9.23,40.2,318,43.1,40,613,0
1643.0,0.12,90.0,2045,25.8,30,68,0
1155.6,1.19,28.2,1389,32.0,40,341,0
1192.7,0.5,18.2,2123,51.5,40,268,0
1194.4,0.82,90.0,94,39.7,30,70,1
1116.8,0.5,9.0,108,30.0,10,75,0
1528.5,5.4,80.7,3155,39.7,20,80,0
1345.6,7.9,73.4,795,36.0,40,388,0
1333.5,3.94,96.8,101,45.7,80,81,1
1689.3,0.6,28.3,600,37.0,20,96,0
1525.2,0.5,8.5,600,43.0,40,275,0
1629.6,7.06,155.0,135,33.3,10,120,0
1253.4,0.45,14.1,3815,25.5,30,106,0
1341.5,3.74,28.5,266,48.3,40,309,0
1471.5,3.02,4.0,600,35.4,40,433,0
1648.0,1.37,7.0,1867,17.5,10,50,0
1100.0,0.42,44.8,654,21.8,40,298,1
1401.2,1.71,14.1,600,23.5,30,60,0
1251.0,2.31,5.4,600,27.3,40,295,0
1250.0,8.66,72.0,417,49.6,40,255,1
1167.9,5.29,29.8,39,42.3,30,67,0
1472.8,1.27,61.6,147,54.3,40,360,0
1386.9,4.38,9.5,60,33.6,30,101,0
1163.4,1.23,12.8,830,38.3,30,47,0
1424.0,7.76,44.5,1953,31.9,10,45,0
1208.7,21.98,72.2,407,53.7,30,95,0
1126.4,0.33,19.0,600,62.6,10,8,1
1498.5,1.99,11.0,600,58.5,40,352,0
1141.1,0.76,2.9,24,37.4,10,114,0
1151.6,15.8,20.5,2995,56.0,20,7,0
1587.6,1.95,25.9,1190,19.0,80,10,0
1513.6,0.08,12.1,600,36.0,40,326,0
1463.1,0.96,20.9,1782,48.6,30,0,0
1250.0,3.3,1.8,942,30.5,40,208,0
1312.0,1.32,127.5,1941,20.8,40,134,1
1250.0,0.5,10.0,2590,40.3,20,53,0
1387.8,1.11,6.7,480,36.5,30,28,0
1133.5,12.38,12.2,800,28.6,80,168,1
1121.0,10.97,155.0,2311,37.4,40,525,1
1168.5,0.22,49.2,600,45.2,40,174,1
1427.3,1.37,30.5,686,57.1,40,190,0
1473.1,22.0,50.0,702,31.8,40,130,0
1100.0,0.65,20.9,178,18.6,40,273,1
1117.6,22.0,30.8,254,34.2,40,302,0
1334.1,6.74,38.4,266,34.0,40,340,0
1250.0,1.82,12.1,600,30.4,10,39,0
1173.7,2.46,21.5,80,33.2,40,275,0
1435.3,1.88,146.2,800,22.3,40,224,1
1141.7,2.85,0.6,289,29.9,10,134,0
1599.8,6.19,11.5,43,27.6,40,242,0
1536.4,4.33,10.0,1638,60.1,50,1084,0
1491.2,0.56,1.6,2221,42.3,90,62,0
1214.1,0.59,53.5,210,27.7,40,260,0
1190.6,7.08,28.2,2111,45.2,20,57,0
1447.7,1.57,58.3,177,54.8,30,102,0
1318.6,1.14,8.9,600,65.0,20,128,0
1511.3,3.5,146.4,600,39.1,40,495,0
1570.2,0.22,10.2,220,38.9,40,544,0
1250.0,7.49,38.6,3560,51.6,50,615,0
1308.6,0.5,11.6,81,17.3,50,1744,0
1378.7,1.14,28.8,27,51.6,10,148,0
1679.9,1.55,43.8,108,23.8,20,119,0
1296.7,1.76,16.8,644,40.4,50,1625,0
1170.1,0.91,6.6,20,48.6,40,379,0
1361.1,5.66,79.8,600,55.1,40,407,0
1317.1,10.63,0.7,2545,43.6,40,253,0
1566.6,1.12,25.5,1737,31.9,40,292,0
1153.8,3.48,36.1,152,20.1,40,63,1
1457.2,2.01,19.7,1272,29.2,30,96,0
1250.0,7.95,21.4,61,44.1,40,242,0
1100.0,9.96,50.2,146,47.8,40,320,1
1604.1,0.32,48.1,4860,37.0,30,22,0
1406.2,3.46,92.1,600,15.0,90,84,1
1176.5,0.34,60.1,540,25.8,30,107,1
1393.8,2.91,37.4,800,50.5,40,381,0
1267.5,2.63,24.3,653,57.8,40,136,0
1107.3,6.15,51.0,1545,26.1,40,442,1
1673.0,3.43,90.0,866,35.9,30,128,0
1173.4,1.63,20.4,869,18.8,40,284,0
1283.0,2.03,9.4,716,60.0,10,93,0
1739.4,1.45,29.0,300,49.7,30,162,0
1563.5,0.91,31.0,2305,50.0,30,112,0
1355.9,1.03,9.3,600,43.4,20,19,0
1484.8,18.82,51.3,1851,17.7,80,81,0
1250.0,1.68,76.4,258,56.5,40,524,1
1365.1,5.09,16.6,114,55.1,20,141,0
1250.0,0.5,50.0,482,45.5,80,87,1
1346.6,3.69,90.0,234,43.3,30,27,0
1250.0,2.68,17.1,20,17.2,30,115,0
1368.3,2.92,84.5,114,47.7,20,133,0
1387.9,9.35,73.9,600,20.6,40,471,0
1250.0,7.85,50.0,1197,51.2,40,212,0
1212.4,0.31,155.0,725,15.0,10,88,1
1111.2,2.47,8.0,683,54.5,10,8,0
1100.0,3.83,90.0,4690,21.0,40,267,1
1331.0,22.0,3.1,239,47.7,40,300,0
1186.0,0.75,82.6,717,23.5,40,186,1
1344.7,0.5,2.3,800,21.3,40,431,0
1129.3,0.64,48.8,997,48.0,40,242,1
1713.0,0.16,68.5,205,41.8,40,270,0
1526.9,14.44,61.2,2716,29.1,40,256,0
1522.4,13.51,48.5,600,46.0,30,144,0
1318.1,8.56,28.6,435,31.2,20,86,0
1464.4,1.12,127.2,600,27.5,40,358,0
1397.0,0.02,21.2,2424,65.0,40,652,0
1250.0,22.0,9.5,128,51.8,20,75,0
1143.0,2.12,86.3,992,60.3,40,338,1
1250.0,0.77,53.0,2640,21.9,30,73,0
1250.0,14.34,8.4,600,28.1,30,60,0
1116.8,0.69,15.4,600,24.9,30,126,0
1570.1,0.4,24.3,600,43.3,30,99,0
1236.4,1.9,48.4,1161,33.0,40,373,0
1366.1,6.17,30.3,337,23.4,30,150,0
1685.7,2.66,79.2,1389,53.0,40,511,0
1142.3,1.68,13.3,443,53.2,10,121,0
1447.9,9.2,52.0,55,56.1,40,406,0
1388.8,1.09,29.2,742,55.5,10,96,0
1332.6,2.36,55.2,1130,34.5,30,104,0
1314.7,1.56,15.9,1378,44.3,40,293,0
1231.5,3.15,54.2,2140,40.7,40,434,0
1183.6,1.26,53.0,600,32.1,40,491,1
1203.1,17.9,54.7,199,31.6,10,125,0
1124.6,1.44,27.0,600,20.4,40,259,1
1468.5,2.11,46.3,600,62.0,30,99,0
1416.4,5.0,86.6,600,33.1,40,550,0
1214.7,0.53,72.0,1345,29.5,30,88,0
1127.8,5.3,13.1,1899,17.6,40,229,0
1319.5,12.04,10.0,600,64.5,40,468,0
1250.0,20.97,62.8,1088,60.1,40,73,0
1220.2,0.52,49.8,36,16.8,90,0,1
1163.4,2.07,1.5,1692,46.8,50,1726,0
1100.0,0.5,68.4,552,64.5,40,296,1
1602.5,2.26,155.0,45,30.6,50,1255,0
1339.3,9.28,97.6,600,24.9,20,122,0
1116.3,0.49,46.1,104,32.3,10,136,1
1149.8,1.19,155.0,827,55.1,40,440,1
1478.7,0.63,22.1,600,23.5,90,73,0
1195.4,2.02,41.4,600,32.9,40,140,1
1490.1,0.08,62.5,600,33.9,30,126,0
1335.9,0.14,123.6,103,33.2,40,362,1
1173.7,4.89,4.5,135,42.0,10,83,0
1393.5,0.64,85.7,547,36.4,40,399,0
1319.8,4.03,13.5,600,40.4,30,91,0
1136.9,0.79,48.6,372,42.5,10,0,1
1453.4,2.89,4.4,800,23.9,30,68,0
1450.9,5.72,12.3,756,28.7,40,385,0
1467.7,2.78,2.8,713,39.0,40,422,0
1430.9,6.06,80.8,600,29.2,10,48,0
1548.7,0.11,58.5,1535,59.6,40,406,0
1342.9,3.23,59.3,101,22.4,40,305,0
1456.0,0.02,61.5,838,46.8,90,61,1
1183.0,2.81,55.8,274,44.4,50,510,0
1428.1,7.7,53.5,628,35.8,10,54,0
1380.0,2.05,153.8,626,65.0,30,46,1
1250.0,2.05,86.4,2918,33.8,30,32,0
1250.0,0.08,49.3,626,50.5,40,181,0
1108.9,4.13,155.0,20,18.8,40,567,1
1138.3,0.3,16.3,205,32.4,20,91,0
1352.6,2.65,6.7,76,30.6,80,18,0
1568.4,18.87,10.4,846,37.4,40,308,0
1447.8,20.92,31.3,969,17.4,40,495,0
1100.0,0.5,12.5,61,30.5,40,371,1
1351.6,2.22,4.5,3253,34.1,40,426,0
1285.8,1.73,7.0,800,53.3,40,232,0
1326.4,0.91,10.0,5464,32.7,50,1462,0
1170.5,0.22,128.2,2383,45.9,30,55,1
1230.4,2.23,37.7,520,47.7,40,386,0
1488.2,0.5,7.5,1616,51.2,10,47,0
1118.4,1.91,52.0,1673,28.1,40,325,1
1260.6,2.77,122.6,600,19.9,40,362,1
1461.6,2.48,155.0,1570,46.0,10,43,1
1497.9,0.47,28.7,1236,45.8,10,112,0
1152.6,1.15,25.8,776,44.3,10,42,1
1596.7,9.09,18.5,600,33.3,30,18,0
1173.8,0.23,16.0,505,29.8,40,386,1
1620.4,9.72,9.2,600,24.7,90,26,0
1166.3,1.52,4.0,1377,29.9,30,64,0
1111.2,3.55,32.5,41,47.5,20,48,0
1166.5,7.18,60.5,822,47.9,40,284,1
1232.1,0.5,90.0,338,51.5,20,18,1
1437.3,7.02,90.0,418,50.0,10,107,0
1372.9,8.46,15.9,1095,47.8,40,313,0
1184.8,22.0,30.0,1198,41.8,50,1243,0
1399.3,3.93,13.3,901,29.4,50,1037,0
1837.9,1.47,95.1,48,36.4,10,87,0
1218.4,1.59,103.5,1101,54.3,20,89,0
1107.0,0.9,100.3,25,35.8,40,410,1
1273.0,9.16,50.4,20,62.1,30,69,0
1507.0,3.31,16.5,1590,53.4,40,322,0
1156.7,5.89,118.7,600,31.1,40,363,1
1129.3,10.4,15.9,119,55.5,10,80,0
1137.7,3.53,23.7,1022,39.8,30,55,0
1250.0,0.55,26.9,600,41.7,50,1295,0
1278.8,8.47,28.5,829,27.1,40,362,0
1374.2,0.5,30.7,600,26.2,40,433,0
1250.0,0.01,6.2,600,52.5,40,419,0
1128.6,1.36,21.0,42,31.5,40,381,1
1105.2,0.75,62.7,600,55.3,20,127,1
1250.0,1.23,89.2,47,15.0,40,313,0
1579.0,1.01,7.0,884,61.1,40,327,0
1298.4,1.04,115.7,50,43.7,10,38,1
1375.4,0.75,96.7,600,37.1,20,70,0
1236.0,1.58,19.2,1538,40.1,40,433,0
1517.0,0.06,123.7,2952,18.4,40,359,0
1250.0,0.04,1.6,201,20.4,40,361,0
1234.8,1.33,26.2,215,60.6,40,415,0
1367.1,11.73,144.1,1783,55.1,40,395,1
1131.2,4.94,17.6,20,31.7,40,399,1
1377.9,0.45,17.9,4099,37.0,40,303,0
1454.2,3.67,24.0,2032,28.0,10,120,0
1250.0,0.33,125.5,494,43.5,20,85,1
1202.8,0.63,16.2,3118,34.9,40,268,0
1397.2,2.8,12.9,158,28.2,40,284,0
1142.2,0.37,3.0,370,57.0,40,264,0
1358.0,0.53,10.1,600,23.3,40,140,0
1250.0,2.48,13.2,947,22.4,40,547,0
1486.3,2.42,55.3,42,53.2,30,99,0
1378.8,1.34,113.6,20,42.6,40,274,1
1430.2,3.07,13.5,2796,43.6,10,68,0
1507.1,4.78,12.3,97,64.2,40,331,0
1145.0,3.66,44.6,600,15.0,10,52,0
1255.7,4.85,155.0,1554,55.5,20,62,1
1100.0,6.67,18.5,121,41.0,40,352,1
1326.6,0.55,13.4,77,63.5,10,129,0
1211.4,0.5,7.1,196,38.0,40,233,0
1539.1,11.89,76.9,369,48.3,40,465,0
1533.8,0.6,76.7,3101,29.2,40,251,0
1490.1,4.19,9.8,212,47.9,10,92,0
1250.0,0.37,16.6,746,52.6,10,68,0
1412.5,0.5,43.8,739,32.0,40,170,0
1393.3,0.74,76.3,198,33.2,30,116,0
1721.7,3.38,54.9,130,35.3,50,553,0
1447.5,0.07,113.3,600,22.6,20,0,0
1143.9,17.68,20.4,251,65.0,40,381,0
1202.0,1.41,79.4,20,28.6,10,54,0
1572.7,0.72,9.1,781,33.1,40,111,0
1372.5,12.1,90.0,28,27.3,50,1255,0
1557.6,0.24,1.4,63,63.6,40,529,0
1250.0,2.3,30.7,866,15.1,40,303,0
1319.8,14.62,64.1,740,18.2,30,25,0
1250.0,2.53,90.0,23,36.1,80,45,1
1405.1,3.63,19.4,5391,25.8,40,430,0
1489.1,1.71,38.0,383,43.5,10,96,0
1146.9,2.33,29.2,227,53.5,10,14,1
1216.7,0.08,29.0,20,48.4,10,54,0
1291.5,13.96,36.4,381,15.0,10,55,0
1296.5,4.25,38.1,468,55.9,80,108,1
1274.0,6.43,28.0,1620,37.4,30,72,0
1374.9,1.21,41.8,794,20.1,30,41,0
1100.0,2.24,10.0,560,33.0,40,316,0
1162.3,2.49,17.6,870,21.6,40,269,0
1267.8,1.44,35.0,600,65.0,30,14,0
1158.0,10.9,20.5,694,43.4,10,145,0
1250.0,6.38,100.7,140,56.0,10,80,1
1609.9,8.35,72.0,600,58.3,40,293,0
1453.8,2.48,44.1,46,31.8,30,38,0
1586.7,1.26,117.4,713,25.1,50,1000,0
1409.0,0.13,51.8,1959,35.7,40,384,0
1167.1,0.39,3.1,600,32.2,40,135,0
1159.6,0.03,74.7,939,63.9,80,73,1
1540.3,2.9,12.8,3081,45.4,40,79,0
1398.3,8.11,9.6,359,51.6,40,243,0
1153.4,0.5,11.9,647,37.7,30,40,0
1213.3,2.43,100.9,1052,32.0,40,179,0
1299.1,0.03,17.0,410,45.3,30,35,0
1401.6,0.14,90.0,5605,39.8,40,468,0
1288.9,7.82,33.4,74,62.9,40,159,0
1518.2,0.43,17.5,600,39.3,40,336,0
1480.5,0.81,85.9,59,29.3,40,527,0
1258.0,3.16,18.9,3379,61.8,40,367,0
1221.8,7.43,21.6,152,37.1,30,94,0
1310.0,0.11,44.3,68,52.8,40,264,0
1144.3,0.5,127.3,600,40.5,80,98,1
1431.7,8.32,20.1,600,39.7,40,330,0
1487.3,3.02,11.3,4618,62.8,30,56,0
1182.0,6.51,34.1,600,32.1,90,51,1
1503.3,3.31,27.6,600,27.1,30,89,0
1407.7,3.14,2.2,41,62.4,90,125,0
1178.5,0.5,27.5,5063,30.1,20,85,0
1351.2,10.79,155.0,20,56.3,90,41,1
1220.6,0.6,23.3,1222,56.7,10,124,0
1586.9,2.84,19.0,1524,27.5,40,618,0
1544.6,7.97,49.4,600,15.2,40,362,0
1311.2,0.93,19.3,52,33.0,40,534,0
1549.1,0.5,59.9,901,54.6,40,353,0
1134.3,0.87,41.1,285,35.0,40,404,1
1396.5,0.09,50.0,183,58.4,10,68,0
1273.0,1.71,69.7,5479,56.0,30,98,0
1100.0,1.37,97.6,600,29.2,40,131,1
1361.3,5.87,31.9,600,21.0,40,340,0
1489.3,18.59,5.1,20,24.2,20,77,0
1357.6,0.56,148.4,1375,54.9,30,100,1
1121.1,2.61,47.8,600,21.5,40,317,1
1384.6,11.09,96.8,837,24.5,40,404,0
1474.5,1.9,26.9,600,51.9,50,1449,0
1588.9,1.79,19.7,20,48.0,10,70,0
1270.1,4.95,21.7,6000,53.9,80,88,0
1303.7,4.29,25.8,600,26.9,80,60,0
1276.6,13.54,70.4,600,52.0,10,94,0
1380.4,5.39,14.0,2033,33.9,40,258,0
1457.7,3.51,120.1,1201,59.2,40,362,0
1124.3,3.11,50.0,964,24.0,40,372,1
1472.7,2.97,56.2,3497,59.4,40,426,0
1478.8,4.7,26.1,2018,39.7,40,355,0
1329.0,1.8,55.9,1105,31.9,30,0,0
1340.9,1.02,47.4,1515,54.6,10,63,0
1475.4,0.91,29.0,928,44.4,30,29,0
1144.9,1.49,155.0,169,23.2,40,192,1
1338.3,0.5,25.1,2473,28.9,30,107,0
1159.3,0.81,31.8,1819,34.5,40,332,0
1236.7,3.32,19.4,896,53.8,40,454,0
1250.0,0.5,3.7,2508,56.3,40,481,0
1301.9,2.11,24.5,2681,25.8,50,1339,0
1375.6,5.24,21.6,1512,55.8,30,95,0
1128.1,0.5,46.7,90,43.8,20,31,1
1304.0,1.69,47.3,131,30.2,90,36,1
1250.0,6.25,75.8,1509,25.0,40,293,0
1140.0,8.17,23.4,600,33.5,20,157,0
1542.1,0.86,76.7,188,49.0,20,162,0
1177.6,2.31,79.2,23,28.3,50,1609,1
1100.0,8.96,65.8,178,19.6,40,391,1
1531.7,4.94,17.0,600,15.7,10,77,0
1193.5,13.64,45.8,600,23.8,50,1404,0
1217.2,7.83,90.0,142,41.0,40,662,0
1161.3,1.99,43.3,936,31.2,90,35,1
1377.9,1.8,23.1,983,57.8,30,144,0
1449.7,0.74,134.3,600,19.2,40,340,1
1343.1,7.41,50.0,600,51.2,20,63,0
1158.8,1.84,3.1,6000,22.4,40,503,0
1167.9,4.76,155.0,800,27.9,20,74,1
1391.2,0.48,2.4,1963,41.0,30,167,0
1492.1,1.03,26.7,3496,50.1,30,20,0
1597.2,5.85,155.0,2385,37.5,30,73,0
1134.5,2.32,131.0,1233,37.4,90,22,1
1546.6,12.1,8.4,600,51.7,10,17,0
1525.7,0.37,47.3,2095,53.0,40,314,0
1433.7,2.02,15.9,276,15.0,40,372,0
1447.5,0.91,107.1,34,48.1,40,390,1
1662.6,3.2,49.3,100,40.4,40,526,0
1353.6,15.5,63.5,1090,41.3,40,136,0
1421.2,0.05,29.0,125,35.0,90,101,0
1341.4,14.71,56.3,101,31.7,40,273,0
1194.1,0.5,3.1,680,22.5,40,286,0
1384.1,9.84,37.5,20,32.5,40,248,0
1388.8,2.13,16.4,600,36.4,40,415,0
1100.0,2.03,27.5,4471,37.5,40,56,0
1415.3,0.53,7.8,20,18.9,30,60,0
1365.1,22.0,14.6,4202,47.7,30,47,0
1443.1,2.58,39.3,486,39.6,30,33,0
1304.6,4.38,22.8,205,20.7,30,113,0
1425.7,1.09,88.1,800,35.1,40,301,1
1280.9,1.02,155.0,1189,27.3,30,74,1
1250.0,8.8,102.3,600,27.9,40,500,1
1250.0,0.3,24.9,1620,32.8,80,141,1
1461.3,0.94,136.6,600,64.5,40,349,1
1191.1,3.63,72.6,600,20.4,30,77,1
1301.3,2.46,48.0,600,20.7,30,99,0
1515.2,0.83,32.5,600,26.9,50,957,0
1450.6,2.89,12.9,299,63.6,80,102,0
1390.4,0.27,6.5,600,28.9,50,1367,0
1401.5,9.66,50.0,914,48.8,30,28,0
1588.3,5.17,145.2,3091,18.9,30,28,0
1409.4,3.06,15.1,1201,31.7,90,41,0
1181.1,2.73,50.5,799,30.3,30,101,0
1440.7,0.5,10.5,424,40.6,20,67,0
1171.8,6.4,19.4,710,53.7,30,79,0
1131.0,0.17,22.9,1768,15.0,90,135,1
1440.1,0.22,52.1,86,64.1,40,303,0
1584.2,5.7,77.5,2972,41.3,80,54,0
1520.6,4.18,84.9,1502,46.7,10,41,0
1334.9,5.33,10.0,600,34.8,40,492,0
1460.4,0.87,57.9,20,28.7,10,41,0
1507.9,0.76,9.2,1315,30.4,20,130,0
1242.7,0.89,25.8,600,39.1,40,420,0
1334.4,1.19,86.5,283,20.4,40,192,1
1157.2,10.81,23.0,1690,40.6,40,108,0
1502.4,11.72,0.9,2754,30.4,90,105,0
1167.6,1.12,78.0,600,46.6,10,125,1
1486.3,0.52,5.9,2869,29.0,20,75,0
1415.7,5.4,4.7,82,29.8,40,371,0
1533.1,3.46,63.6,600,34.2,50,482,0
1489.1,0.54,40.0,36,61.7,40,127,0
1365.6,4.08,13.3,3313,34.1,40,285,0
1193.1,1.66,16.4,359,21.1,40,463,1
1114.2,1.81,49.1,434,35.0,30,102,1
1420.2,4.13,105.5,600,25.4,10,64,0
1180.6,0.61,58.2,600,29.8,40,424,1
1645.7,2.52,43.8,734,29.6,40,561,0
1173.3,5.16,10.7,1264,26.2,40,299,0
1250.0,1.67,20.7,600,39.8,40,439,0
1492.8,3.9,72.9,600,30.9,40,420,0
1568.1,15.9,6.9,424,20.0,40,293,0
1171.8,7.55,0.8,149,34.6,50,1293,0
1250.0,6.94,28.7,600,22.7,40,548,0
1234.6,22.0,32.5,600,22.0,10,154,0
1194.2,4.49,58.5,728,42.3,40,317,1
1540.6,1.36,16.4,1988,30.9,40,496,0
1345.5,3.05,35.6,41,48.0,40,417,0
1473.4,0.46,80.7,694,58.0,50,1059,0
1316.9,2.43,71.1,25,41.8,30,139,0
1710.4,1.21,90.0,67,34.5,40,301,0
1110.5,6.33,31.6,5820,27.1,40,539,0
1606.1,7.21,29.8,205,20.9,30,127,0
1543.9,1.78,62.4,600,32.1,40,303,0
1475.4,1.87,18.0,1219,32.2,40,301,0
1535.5,4.38,10.1,3840,31.9,40,432,0
1417.7,1.54,19.8,600,32.0,40,391,0
1100.0,0.55,63.0,600,39.6,30,50,1
1127.7,0.37,10.0,2611,43.3,40,91,0
1398.8,0.55,112.9,600,37.1,40,321,1
1503.4,0.36,12.9,855,17.9,40,447,0
1135.7,2.73,21.7,673,51.7,40,67,1
1221.1,0.17,3.0,2587,33.6,40,156,0
1515.7,0.5,36.3,1440,26.1,10,81,0
1294.5,1.85,90.0,479,22.4,50,1443,0
1315.4,0.1,18.5,2282,19.6,40,238,0
1250.0,2.5,6.5,251,50.0,40,206,0
1435.2,3.55,97.0,238,43.5,20,88,0
1366.4,7.27,3.3,336,35.5,40,201,0
1188.8,0.62,90.0,20,34.8,10,83,1
1440.1,0.96,13.6,2763,44.9,80,70,0
1145.1,0.61,21.4,2443,26.9,50,1312,0
1327.8,7.85,61.9,600,38.5,20,89,0
1365.1,4.46,18.1,600,27.7,40,296,0
1467.4,1.97,35.6,97,54.3,40,409,0
1283.5,22.0,29.4,49,33.5,40,397,0
1340.7,3.13,59.8,765,50.0,40,451,0
1250.0,0.91,26.3,800,54.4,90,123,1
1451.3,7.19,142.0,20,33.7,30,96,1
1431.8,0.5,64.8,1554,44.3,20,100,0
1212.1,0.05,24.0,171,36.7,40,424,0
1100.0,1.28,26.4,92,41.8,40,193,1
1145.2,17.25,7.9,1447,49.8,30,101,0
1633.9,0.48,59.3,67,43.5,30,56,0
1529.1,3.74,84.4,1557,50.5,40,340,0
1250.0,1.34,18.8,335,50.7,40,465,0
1250.0,4.13,127.0,2443,22.7,30,73,1
1156.2,2.08,1.7,694,31.6,50,1892,0
1592.2,0.6,46.2,474,16.8,20,92,0
1159.2,1.05,52.9,578,65.0,10,102,1
1163.4,1.62,84.1,389,25.0,30,64,1
1345.9,0.02,12.8,600,36.2,50,860,0
1522.3,1.14,2.2,2140,41.1,40,127,0
1698.2,22.0,40.8,600,27.5,30,30,0
1452.1,0.38,0.8,250,60.9,20,109,0
1408.6,0.58,90.0,1098,23.2,40,251,0
1583.3,4.42,66.2,800,24.8,40,392,0
1154.5,2.15,20.6,600,23.0,90,102,0
1177.7,13.42,28.0,3842,15.0,40,508,0
1174.0,0.89,8.2,1469,30.2,10,1,0
1497.1,0.5,74.6,54,46.7,40,288,0
1163.9,1.25,18.7,168,43.1,30,82,0
1174.8,6.22,20.2,290,25.3,90,0,1
1119.3,5.6,67.5,856,35.0,10,89,1
1369.6,2.97,5.3,757,52.3,30,48,0
1250.0,0.03,56.6,20,30.1,40,417,1
1649.0,1.11,36.4,20,40.2,10,91,0
1192.4,0.19,82.6,1025,45.3,30,57,1
1207.8,4.31,71.7,459,41.5,40,497,1
1250.0,0.5,90.0,217,45.7,40,369,1
1254.5,3.78,25.1,48,25.8,40,326,0
1159.6,0.85,12.3,263,24.5,50,1231,0
1250.0,0.3,108.7,600,58.8,40,196,1
1421.8,5.06,19.0,149,31.6,80,89,0
1222.5,3.86,45.0,213,43.5,20,86,0
1193.6,0.5,31.9,795,18.4,30,140,0
1164.1,1.73,24.6,1686,51.2,40,303,0
1220.7,1.55,35.9,198,38.5,30,52,0
1277.2,0.13,19.0,600,49.5,30,36,0
1214.4,1.01,33.8,3600,51.0,50,1564,0
1167.5,0.72,73.6,31,38.2,40,86,1
1673.3,4.7,42.1,600,22.2,30,36,0
1152.0,10.84,155.0,631,21.3,40,340,1
1249.5,0.16,39.4,2222,41.6,10,26,0
1100.0,0.79,96.5,43,27.5,40,301,1
1337.5,1.36,115.8,600,57.9,10,107,1
1692.8,0.5,59.2,600,57.5,20,115,0
1190.9,0.87,97.4,85,34.5,10,61,1
1230.0,2.29,31.2,1031,22.9,50,1724,0
1325.9,22.0,18.2,847,25.5,10,47,0
1551.3,0.5,8.2,126,64.4,40,363,0
1342.1,0.45,5.0,141,65.0,30,26,0
1205.7,0.5,9.1,3042,52.3,30,125,0
1155.9,0.84,30.6,134,55.4,40,513,1
1378.8,9.91,86.3,254,28.9,40,358,0
1529.8,0.14,34.0,34,40.6,40,400,0
1443.5,0.81,135.4,129,38.9,80,39,1
1122.1,2.19,4.1,1075,23.9,30,105,0
1250.0,11.21,3.2,600,35.0,10,22,0
1182.5,0.55,86.7,260,55.6,50,1336,1
1408.9,3.03,40.4,600,19.4,90,123,0
1386.3,3.38,6.7,79,47.8,40,392,0
1757.6,0.5,6.8,1308,22.9,40,392,0
1239.8,2.05,37.2,65,49.3,20,89,0
1451.4,4.25,90.0,600,31.3,40,439,0
1467.3,0.13,59.3,600,51.7,30,32,0
1226.6,2.63,129.8,600,23.4,90,90,1
1565.4,0.62,23.6,600,53.8,20,100,0
1202.2,3.13,31.5,911,46.4,30,67,0
1163.5,3.1,52.9,959,46.3,40,315,1
1365.8,3.23,72.8,380,35.7,30,110,0
1318.0,0.5,24.7,185,24.8,40,227,0
1218.4,3.06,4.6,72,65.0,90,118,1
1244.4,0.02,6.2,600,27.9,40,184,0
1250.0,13.57,29.7,22,32.8,80,54,0
1250.0,1.46,72.0,1030,49.0,10,23,1
1222.5,2.06,90.0,162,20.6,10,96,1
1195.3,6.1,13.2,600,25.1,80,64,1
1179.7,13.08,10.6,1121,23.9,20,120,0
1238.8,2.57,29.1,1092,15.0,40,255,0
1177.6,0.26,25.9,38,44.0,40,641,1
1646.4,6.02,9.7,6000,37.7,40,373,0
1454.5,1.3,93.7,600,21.6,40,473,0
1649.7,3.79,134.8,600,48.0,40,192,0
1172.9,0.89,4.3,616,53.3,80,76,1
1250.0,2.94,44.5,768,63.6,30,3,0
1375.9,1.06,15.0,2011,52.5,40,329,0
1499.1,0.93,16.7,607,27.4,30,81,0
1275.5,0.64,15.0,600,25.7,40,475,0
1664.7,0.46,20.5,600,30.3,20,75,0
1169.5,0.44,133.3,165,47.3,40,364,1
1181.3,3.42,23.8,30,26.0,20,67,0
1409.4,8.9,60.6,2577,43.9,30,124,0
1207.1,11.76,90.0,1201,57.3,40,474,0
1501.7,0.52,90.0,1822,31.6,30,92,0
1582.8,1.92,54.5,600,54.4,40,367,0
1577.6,6.91,13.9,1375,37.1,40,381,0
1170.4,0.99,92.6,600,63.9,10,74,1
1180.5,0.34,8.1,600,33.7,30,128,0
1139.8,1.14,4.5,600,36.2,50,408,0
1395.4,1.76,35.6,1170,44.5,90,42,0
1471.8,0.51,50.8,28,59.5,30,21,0
1120.0,0.5,119.5,296,44.6,10,31,1
1196.6,0.41,39.1,307,25.3,20,66,0
1310.3,2.14,148.5,284,27.7,40,434,1
1258.1,1.22,2.5,56,44.7,40,375,0
1198.9,2.76,4.5,1782,43.5,30,105,0
1172.7,1.73,64.3,600,28.3,30,79,1
1424.2,1.5,60.9,488,47.2,40,176,0
1408.4,0.02,84.8,198,15.0,40,510,0
1301.7,1.18,13.8,473,32.0,40,404,0
1181.6,0.84,52.9,600,65.0,30,20,1
1522.5,0.71,65.5,310,43.6,40,372,0
1177.0,0.5,5.5,127,19.3,40,508,0
1478.8,0.96,1.9,43,46.7,40,385,0
1444.6,0.5,59.6,355,32.9,40,262,0
1346.4,1.06,7.9,465,26.9,40,197,0
1242.0,21.89,57.5,800,22.6,40,646,0
1361.5,22.0,120.4,206,46.5,30,87,0
1148.3,2.15,21.1,600,30.3,90,81,1
1169.7,1.74,31.4,1194,36.3,50,2212,0
1593.5,2.0,33.0,600,52.5,40,475,0
1256.0,1.09,70.9,331,39.6,10,75,0
1387.7,4.91,5.6,600,60.7,20,41,0
1195.7,9.68,93.6,197,35.8,50,1046,1
1490.0,5.0,10.9,686,50.0,80,100,0
1623.5,0.21,3.4,600,31.9,20,116,0
1189.2,0.35,13.8,600,43.4,40,279,1
1687.6,3.28,55.8,6000,42.3,40,306,0
1584.0,5.85,16.9,1773,61.6,30,69,0
1219.1,2.59,62.9,600,17.0,40,143,0
1143.3,0.53,136.3,1238,54.3,40,260,1
1412.7,3.87,48.4,128,28.3,10,129,0
1100.0,4.06,50.0,512,65.0,20,158,1
1494.3,0.26,20.9,600,37.5,10,46,0
1163.4,1.19,66.7,600,50.0,50,964,1
1479.9,2.52,43.1,20,35.0,40,210,0
1623.1,3.18,38.6,439,24.8,40,468,0
1123.0,5.92,28.3,670,37.3,40,251,0
1347.9,1.17,54.9,171,51.9,90,117,1
1553.4,11.12,44.0,20,32.9,20,58,0
1541.7,12.05,21.6,600,28.9,20,102,0
1469.0,0.16,19.8,600,20.6,30,131,0
1169.5,0.79,28.8,5227,26.7,50,1332,0
1423.5,0.75,13.3,198,57.3,40,359,0
1457.2,0.6,14.7,276,42.0,40,96,0
1125.0,0.08,12.9,6000,58.9,30,65,0
1250.0,7.55,12.8,33,23.8,40,403,0
1154.3,0.23,31.8,618,28.8,20,0,1
1311.8,1.28,155.0,297,44.7,40,376,1
1400.1,1.34,13.5,600,31.7,30,140,0
1467.6,1.12,42.2,2862,40.5,40,373,0
1100.0,19.67,20.5,42,48.7,40,189,1
1534.8,9.01,34.6,111,28.2,80,112,0
1132.7,0.97,60.4,464,33.6,30,113,1
1263.3,2.18,10.3,1272,24.3,40,274,0
1421.1,0.5,4.9,2950,45.4,50,292,0
1128.5,15.35,40.3,1106,48.3,20,39,0
1568.8,0.68,36.3,354,44.7,40,205,0
1580.5,3.48,69.5,224,62.6,40,316,0
1100.0,6.06,48.9,1054,48.1,30,77,0
1120.1,2.7,24.9,2186,33.7,10,125,0
1250.0,0.5,60.9,2910,15.0,30,44,0
1554.1,11.63,52.7,600,37.2,40,414,0
1154.9,4.36,3.1,58,44.8,20,31,0
1497.2,0.77,10.0,293,50.6,30,40,0
1250.0,4.36,150.6,20,38.3,40,366,1
1378.8,5.29,2.8,1700,57.8,30,145,0
1168.4,1.76,5.5,2711,52.4,10,81,0
1492.6,0.83,25.1,715,46.4,30,186,0
1431.5,0.59,65.7,251,27.4,90,118,1
1154.1,7.38,23.8,800,31.0,30,119,0
1257.4,3.71,21.8,106,23.7,30,36,0
1378.1,1.0,44.3,600,50.1,20,74,0
1244.8,8.27,116.0,215,56.2,30,34,1
1170.3,0.86,106.3,600,29.0,40,324,1
1217.6,1.98,27.6,126,41.9,90,62,1
1593.5,0.09,1.1,2002,21.2,40,427,0
1466.3,1.7,15.1,4547,36.7,40,339,0
1186.6,1.41,16.2,388,36.7,30,70,0
1254.2,0.71,36.2,319,37.4,10,114,0
1143.2,0.34,38.3,3285,62.6,10,21,0
1290.6,2.55,14.5,2872,31.1,40,81,0
1154.5,1.92,59.7,169,42.0,40,194,1
1250.0,5.64,90.8,3723,30.0,10,90,0
1414.7,3.31,40.0,340,62.1,30,115,0
1218.5,9.34,67.7,2281,44.4,30,22,0
1266.4,7.93,92.8,1124,41.1,40,437,0
1173.9,0.41,66.1,218,27.1,40,272,1
1563.0,0.5,24.9,20,34.5,40,257,0
1250.0,2.38,1.1,4153,33.1,40,296,0
1303.5,0.85,15.3,195,36.3,10,133,0
1250.0,0.49,41.1,4465,42.2,90,82,0
1127.9,11.52,16.7,96,28.5,20,91,0
1250.0,2.15,42.3,41,50.0,30,85,0
1518.1,1.75,2.0,1133,33.3,40,164,0
1116.4,6.24,46.1,3158,64.6,20,70,0
1496.8,0.01,5.6,3099,57.2,40,470,0
1356.3,3.31,34.3,600,26.4,50,1598,0
1515.1,1.25,24.2,364,42.3,40,376,0
1504.5,21.37,71.3,547,47.0,30,101,0
1505.4,2.22,7.4,1247,27.2,40,147,0
1268.0,7.73,99.5,289,16.3,40,325,0
1537.5,0.5,3.0,2460,27.4,40,417,0
1501.5,7.62,50.1,600,49.7,40,445,0
1218.6,0.27,97.0,600,33.4,90,154,1
1549.7,2.45,6.9,83,31.9,90,136,0
1100.0,0.45,24.2,600,19.8,40,508,1
1373.2,4.0,1.1,68,31.5,10,123,0
1563.8,1.18,41.4,1276,22.5,40,211,0
1530.9,1.99,112.5,347,21.1,30,61,0
1723.8,3.15,155.0,2656,49.9,40,147,0
1152.5,13.71,43.9,4047,31.5,30,54,0
1522.8,2.24,35.9,307,15.0,40,493,0
1368.2,1.32,7.3,600,26.9,30,51,0
1212.2,2.72,32.5,52,50.0,80,0,1
1413.3,0.46,90.0,1726,32.9,20,73,0
1250.0,4.5,1.0,136,37.4,10,41,0
1569.6,0.32,60.3,388,43.3,40,251,0
1420.2,1.15,15.4,98,33.4,40,210,0
1329.5,2.16,42.9,600,50.2,40,347,0
1366.0,2.15,55.7,190,17.5,80,81,1
1373.1,21.31,37.1,20,26.4,40,445,0
1155.9,0.62,155.0,21,42.5,40,320,1
1611.9,18.13,50.0,600,28.0,10,30,0
1475.1,1.15,8.3,600,30.2,40,575,0
1404.4,0.4,12.3,619,29.7,30,52,0
1494.9,5.6,62.5,3158,22.8,40,313,0
1460.7,1.29,0.5,600,65.0,40,410,0
1503.8,3.85,40.0,1448,33.3,40,230,0
1250.0,5.69,10.0,291,49.9,90,45,0
1263.2,1.7,10.3,3843,35.2,40,442,0
1402.0,0.78,129.8,719,16.9,40,472,0
1558.0,0.5,12.2,24,43.9,40,273,0
1362.3,10.36,4.3,469,18.7,40,470,0
1395.1,3.38,14.3,589,43.2,10,75,0
1155.1,11.33,3.2,729,40.9,10,57,0
1455.4,2.64,126.9,28,34.2,10,84,1
1180.4,11.16,35.8,85,29.9,90,138,1
1456.5,2.47,64.0,178,37.4,30,116,0
1577.1,0.11,70.4,622,26.2,40,269,0
1250.0,8.78,16.9,30,50.6,40,437,0
1365.8,0.14,50.0,1752,44.4,40,232,0
1309.1,4.84,90.0,4361,45.5,40,450,0
1418.9,7.31,38.3,800,55.4,30,45,0
1546.1,1.26,46.5,600,20.2,50,1381,0
1585.2,0.8,40.4,204,65.0,80,108,1
1419.7,2.43,8.1,20,41.0,40,244,0
1447.0,5.0,3.2,106,37.4,50,1672,0
1127.4,0.66,84.3,600,58.2,10,53,1
1110.1,1.36,53.2,246,28.0,10,60,1
1404.1,14.37,18.9,600,50.0,40,253,0
1250.0,5.27,37.6,113,38.4,40,437,0
1212.6,19.42,55.6,600,37.7,30,140,0
1547.9,11.91,9.0,798,34.5,40,65,0
1158.4,0.87,49.6,975,61.5,10,118,1
1104.2,2.49,14.6,600,57.2,90,128,1
1297.6,0.14,18.0,2621,22.9,40,593,0
1168.7,5.93,24.3,1183,30.6,30,68,0
1478.5,9.02,4.0,221,51.3,90,69,0
1132.7,2.82,41.6,1119,42.6,10,67,1
1250.0,22.0,10.2,826,60.4,40,475,0
1284.9,0.93,17.3,92,19.2,10,54,0
1644.6,1.52,9.1,20,17.7,30,128,0
1393.3,6.96,30.4,4348,20.5,30,120,0
1477.2,15.96,89.8,180,31.0,30,70,0
1709.5,0.12,155.0,1943,23.1,80,52,1
1555.7,0.5,31.6,1780,50.9,40,298,0
1614.9,5.96,25.9,318,32.3,30,61,0
1428.4,7.7,11.2,20,37.9,40,563,0
1166.0,0.23,37.4,1283,50.6,40,383,1
1194.6,3.06,22.9,809,55.6,90,113,1
1173.1,5.42,77.0,726,23.9,40,415,1
1315.5,0.17,90.0,249,59.7,40,425,1
1579.6,1.99,4.3,883,48.9,30,104,0
1466.6,5.68,8.7,852,39.5,20,178,0
1491.2,1.88,47.1,2008,44.9,40,169,0
1250.0,4.54,97.1,77,18.3,40,273,1
1355.0,3.34,25.9,3772,15.0,40,232,0
1250.0,1.64,10.0,1358,44.8,40,334,0
1100.0,1.56,49.2,212,57.1,40,298,1
1212.2,0.95,61.0,145,33.4,90,58,1
1155.6,7.78,22.4,1930,32.2,90,44,0
1250.0,2.53,1.3,600,22.9,40,341,0
1445.9,3.02,9.3,3739,45.2,40,218,0
1314.1,1.85,6.1,361,45.1,40,624,0
1659.7,22.0,90.0,20,52.9,30,111,0
1135.2,4.35,90.0,600,19.2,90,95,1
1451.8,4.53,39.9,1876,24.0,10,88,0
1544.6,1.42,81.2,3664,54.2,40,509,0
1508.1,5.2,49.0,1835,28.4,20,100,0
1335.3,9.68,9.6,304,41.7,40,419,0
1457.4,1.42,40.1,600,23.4,20,86,0
1568.1,2.23,104.0,624,26.9,50,1218,0
1554.2,2.99,36.9,2480,47.9,30,133,0
1493.0,4.04,36.2,233,15.0,80,63,0
1469.8,2.75,90.0,170,32.7,90,95,1
1497.8,0.73,155.0,6000,41.2,40,337,0
1183.4,0.72,9.9,3334,19.7,40,299,0
1386.0,0.73,154.9,33,62.1,20,111,1
1187.4,3.7,49.1,149,27.4,80,111,1
1484.4,15.53,19.9,149,52.9,40,453,0
1154.8,0.31,70.1,104,28.7,30,166,1
1441.3,0.56,69.4,162,33.5,40,394,0
1210.3,0.54,60.6,125,26.2,10,146,0
1511.2,0.9,36.6,1146,35.8,40,423,0
1451.8,0.89,44.0,225,23.1,20,73,0
1540.7,0.31,32.6,647,26.4,40,287,0
1362.5,0.42,33.3,1203,50.0,40,393,0
1496.6,4.3,155.0,233,24.1,30,78,1
1406.1,2.19,30.9,1107,27.9,80,36,0
1355.6,0.57,2.7,2518,30.1,40,357,0
1465.7,3.13,50.0,20,55.6,40,589,0
1351.2,2.83,90.9,566,48.3,80,109,1
1622.8,1.17,42.6,1356,30.0,50,631,0
1100.0,22.0,4.8,2197,19.6,40,276,0
1451.2,9.73,4.0,255,57.8,20,165,0
1100.0,1.63,23.1,427,27.6,40,200,1
1492.0,0.17,90.0,600,35.0,50,1195,0
1173.3,0.22,22.8,600,23.6,40,450,0
1325.1,1.17,20.5,2252,20.6,40,379,0
1496.8,1.86,31.0,1258,51.4,90,118,0
1250.0,1.13,36.8,20,27.8,10,77,0
1293.9,3.53,33.0,705,56.2,10,0,0
1181.7,5.01,93.1,1095,26.6,50,1085,1
1409.4,8.31,111.3,22,52.5,10,20,1
1493.0,1.9,39.4,1400,50.7,30,64,0
1215.3,10.67,155.0,1392,48.0,80,58,1
1111.4,1.12,90.0,600,22.6,40,295,1
1226.4,5.34,32.4,1356,46.2,40,221,0
1484.8,13.48,7.4,349,44.0,40,511,0
1337.5,2.69,18.8,1094,38.5,30,54,0
1120.4,0.31,6.3,600,25.9,40,302,1
1250.0,1.89,37.2,175,38.3,40,312,0
1125.5,4.77,140.6,206,26.8,30,90,1
1416.6,8.77,40.0,860,62.3,40,331,0
1356.8,0.5,40.3,600,21.4,30,40,0
1417.4,1.3,67.8,85,21.0,10,45,0
1346.0,2.77,61.5,1154,47.0,30,147,0
1174.0,0.5,56.5,917,33.2,40,148,1
1153.5,2.8,60.0,2209,46.9,50,1301,0
1365.7,0.64,1.8,23,50.7,40,417,0
1458.7,3.12,5.8,280,49.5,10,60,0
1160.0,3.43,10.0,428,24.9,20,70,0
1412.1,0.21,38.7,1611,23.3,40,355,0
1465.2,1.1,22.4,405,59.6,20,0,0
1281.7,0.27,121.6,6000,26.2,10,41,0
1341.3,4.17,17.3,600,49.2,40,51,0
1132.9,3.82,4.2,3541,32.9,40,512,0
1362.2,0.84,130.9,600,52.9,50,1546,1
1166.7,2.89,22.0,1129,48.2,40,367,0
1240.1,2.01,20.8,1473,25.7,30,112,0
1216.3,0.16,55.2,758,30.1,40,389,0
1609.2,0.4,43.5,411,30.5,40,293,0
1555.1,5.37,56.8,752,55.6,10,0,0
1110.6,6.07,61.4,62,25.5,40,226,1
1603.4,2.04,0.6,600,55.9,10,62,0
1272.3,3.61,30.3,124,48.8,10,15,0
1453.8,18.5,49.0,889,65.0,10,120,0
1167.7,1.77,17.2,137,22.6,90,108,1
1250.0,0.91,29.6,600,65.0,40,418,0
1488.3,2.49,11.7,1160,26.6,40,172,0
1561.0,5.56,104.1,1616,46.7,30,40,0
1510.2,2.73,125.1,44,33.1,10,128,0
1171.1,0.61,23.0,2409,29.8,40,331,0
1250.0,0.85,145.7,4136,46.0,40,450,0
1408.0,0.05,10.0,519,56.7,40,426,0
1517.8,0.45,53.1,491,39.5,10,76,0
1367.8,1.1,40.1,954,41.2,40,123,0
1474.7,11.48,154.8,124,30.2,90,26,1
1250.0,1.51,59.5,600,55.6,20,88,0
1522.5,0.2,22.5,1037,41.7,40,283,0
1355.2,2.72,28.8,35,35.2,30,66,0
1375.1,7.82,69.5,464,45.6,20,16,0
1178.8,0.89,5.2,480,28.5,40,385,0
1191.5,1.31,1.6,447,48.7,40,370,0
1623.3,0.01,25.4,625,33.3,40,417,0
1164.1,1.36,49.5,1097,39.0,30,124,0
1648.9,16.75,71.1,600,34.2,40,577,0
1129.7,1.56,59.5,1622,27.9,10,60,0
1575.8,1.94,85.1,600,23.5,20,114,0
1503.6,11.94,5.0,2281,40.6,50,1428,0
1651.9,9.32,28.0,600,15.0,40,435,0
1523.9,4.48,80.3,132,15.0,40,100,0
1517.5,1.35,99.1,58,60.9,40,336,0
1250.0,0.9,45.3,225,56.9,30,32,0
1463.6,1.41,9.6,30,62.6,80,79,0
1497.4,0.47,3.6,162,46.3,40,283,0
1359.9,0.53,82.0,600,27.0,30,81,0
1326.2,2.27,6.4,664,50.1,30,68,0
1344.5,2.44,28.5,524,34.9,10,112,0
1554.1,0.74,28.9,385,48.0,30,91,0
1348.2,12.05,39.1,38,36.0,20,120,0
1183.4,0.44,72.1,292,27.1,20,103,1
1134.9,1.19,73.9,110,57.9,10,52,1
1392.4,0.77,24.9,1144,39.1,30,107,0
1135.6,1.08,1.7,600,39.2,10,118,0
1509.2,0.03,53.5,923,21.0,10,136,0
1497.5,12.3,16.1,3241,49.9,20,59,0
1210.6,0.33,1.3,2286,47.1,30,65,0
1294.7,0.5,37.5,600,42.8,40,284,0
1361.9,1.75,90.0,2350,65.0,40,287,0
1162.7,1.14,1.6,369,28.1,30,60,0
1474.4,1.93,122.7,600,64.2,20,53,1
1130.7,1.79,11.4,600,59.7,80,63,1
1250.0,1.42,35.6,53,42.4,40,312,0
1163.8,1.26,39.1,1172,27.3,40,66,0
1154.6,0.04,11.0,305,43.8,40,592,1
1265.7,0.5,90.0,600,34.0,30,11,0
1180.8,0.5,155.0,98,35.0,40,469,1
1250.0,2.91,16.8,118,22.0,40,445,0
1378.5,3.32,155.0,600,24.6,30,43,1
1250.0,1.79,63.6,230,28.7,40,64,0
1561.0,2.49,67.8,3193,31.6,40,283,0
1139.0,5.19,60.8,4390,65.0,30,165,0
1234.7,3.48,155.0,600,26.4,10,28,1
1100.0,2.82,27.5,1806,28.1,30,89,0
1442.3,0.81,75.7,651,65.0,10,39,0
1436.1,0.67,19.6,600,30.0,20,38,0
1489.5,1.22,23.4,1051,51.4,30,45,0
1315.7,2.08,64.2,4623,28.5,30,74,0
1484.0,0.79,22.5,1081,33.7,80,137,0
1481.8,0.32,19.3,600,29.9,40,460,0
1250.0,5.0,7.7,993,42.4,40,260,0
1267.1,3.04,155.0,800,40.2,10,69,1
1250.0,5.0,142.0,602,44.1,10,104,1
1614.4,2.03,36.1,600,44.0,40,293,0
1531.5,0.57,27.1,600,36.8,30,55,0
1201.6,6.75,73.0,70,48.3,10,106,0
1250.0,0.02,9.4,600,32.7,40,404,0
1155.0,2.65,5.1,31,24.8,30,122,0
1458.8,1.76,10.0,308,58.1,30,134,0
1465.0,5.27,6.1,221,27.7,90,74,0
1195.5,2.3,20.9,673,49.5,10,37,0
1122.8,0.01,71.9,210,52.1,40,273,1
1588.0,0.5,7.5,789,38.7,80,0,0
1353.0,0.61,112.7,6000,35.0,10,72,0
1183.2,0.68,9.4,1981,30.3,50,978,0
1284.2,21.11,31.5,1081,39.9,40,260,0
1250.0,12.57,12.2,66,28.1,50,1100,0
1394.3,20.79,37.0,223,17.9,30,51,0
1172.6,8.16,32.2,663,18.8,90,106,0
1258.5,20.06,52.5,338,34.6,40,408,0
1185.7,2.96,12.5,600,26.7,40,164,0
1457.2,5.83,105.8,600,34.5,40,625,0
1511.2,3.69,13.8,3533,38.5,40,316,0
1504.2,0.95,39.1,20,27.0,30,49,0
1196.9,1.7,47.5,20,47.9,30,41,1
1346.9,8.2,34.7,33,29.2,30,87,0
1130.4,3.0,11.8,908,41.2,40,275,0
1287.3,1.26,61.5,303,22.9,40,398,0
1102.9,4.21,17.4,600,44.4,40,164,1
1456.2,0.99,85.9,600,30.9,40,339,0
1356.7,0.88,30.3,1187,41.7,40,63,0
1113.4,0.77,34.1,600,19.6,30,59,1
1550.5,0.5,38.6,563,28.3,40,515,0
1457.0,0.04,70.2,795,47.2,10,54,0
1470.6,0.64,31.0,106,29.4,10,56,0
1288.3,3.04,48.4,600,39.8,40,284,0
1601.0,3.19,9.4,29,65.0,10,79,0
1518.5,0.92,132.8,240,26.9,20,73,1
1250.0,0.55,67.1,179,53.5,40,404,1
1459.1,1.49,21.4,1485,58.1,40,329,0
1432.5,0.47,4.4,342,65.0,40,258,0
1554.7,1.57,53.4,1832,29.0,90,94,0
1370.7,2.07,5.5,2773,63.1,40,358,0
1385.4,4.58,35.5,108,36.6,40,473,0
1393.3,7.49,30.4,2406,19.2,30,128,0
1287.0,1.64,143.2,2149,36.0,40,356,1
1423.8,0.47,125.1,600,15.5,10,80,0
1210.2,0.54,33.1,44,44.9,40,623,0
1533.6,4.06,4.6,20,60.5,10,123,0
1178.9,1.92,94.8,101,23.0,30,54,1
1196.5,1.06,40.5,4599,32.7,40,235,0
1173.5,7.93,68.1,717,42.8,40,506,1
1642.6,1.45,30.5,3213,41.2,30,38,0
1284.5,1.0,30.4,1589,29.8,40,324,0
1443.9,0.7,4.6,3583,32.9,40,492,0
1132.2,1.21,13.0,1457,58.0,40,389,1
1191.2,0.54,12.1,4787,26.7,10,65,0
1250.0,4.8,20.7,429,35.0,40,231,0
1161.3,1.36,37.0,960,50.5,10,42,0
1483.5,2.81,131.2,51,45.6,30,56,0
1193.3,1.04,78.4,466,44.2,40,527,1
1623.8,0.05,16.0,600,46.5,10,101,0
1139.3,0.86,2.9,600,50.2,40,464,0
1456.6,2.32,10.0,600,19.3,80,53,0
1310.3,2.73,60.3,423,46.6,40,444,0
1562.5,4.41,129.1,600,50.4,40,271,0
1194.3,0.85,14.1,600,54.3,40,496,1
1616.2,0.44,131.4,821,46.4,50,1182,0
1250.0,0.06,17.5,2380,25.8,20,100,0
1406.9,3.47,1.2,431,21.2,40,364,0
1250.0,5.0,142.9,993,15.0,40,265,1
1433.7,0.5,74.5,328,64.9,50,1204,0
1459.0,0.34,50.5,283,30.2,30,105,0
1180.2,0.45,13.8,20,51.2,10,101,0
1171.3,1.27,98.2,81,32.6,90,110,1
1451.7,0.5,8.1,20,38.1,10,93,0
1189.9,0.77,44.8,359,55.0,20,67,1
1469.2,0.75,19.5,81,44.1,40,344,0
1255.9,0.97,124.7,1495,43.9,40,417,1
1446.9,2.41,35.2,679,48.8,40,91,0
1198.8,0.09,24.0,816,28.8,40,342,0
1460.0,0.69,21.2,218,34.4,40,339,0
1250.0,2.11,23.9,990,53.6,20,83,0
1162.2,2.47,34.1,1544,35.7,40,441,0
1304.9,0.18,60.5,600,31.1,30,117,0
1149.3,1.07,35.0,600,62.0,10,62,1
1391.4,0.66,84.2,6000,44.5,80,64,0
1127.8,3.95,103.8,800,63.9,10,58,1
1345.4,0.78,22.1,1039,20.7,40,252,0
1483.1,4.99,53.3,2312,25.2,50,829,0
1163.9,0.26,52.7,433,33.7,20,0,1
1473.1,1.23,18.7,32,45.0,30,60,0
1585.5,3.76,31.8,3424,27.3,40,331,0
1612.2,22.0,31.4,201,40.9,30,0,0
1282.0,1.83,60.7,168,47.0,40,349,0
1192.6,1.85,15.3,2722,52.0,30,66,0
1448.9,1.12,36.9,250,49.5,90,62,0
1250.0,0.37,39.0,719,23.5,50,1933,0
1529.1,19.53,43.5,600,21.6,50,675,0
1345.6,0.5,25.3,38,35.0,10,33,0
1430.0,11.45,15.7,1034,45.1,20,46,0
1100.0,2.29,14.0,1125,51.9,20,72,0
1130.2,1.59,82.0,600,55.7,40,427,1
1441.2,0.5,155.0,772,48.3,10,96,1
1490.8,5.03,81.7,1822,28.7,40,214,0
1176.3,2.1,22.2,761,48.9,40,512,1
1479.6,1.85,27.2,1100,50.0,40,321,0
1342.6,3.28,49.3,800,20.8,40,440,0
1384.1,1.8,60.9,196,36.4,40,267,0
1410.6,0.66,88.2,130,53.3,20,46,0
1188.2,0.19,64.4,963,32.3,30,75,1
1137.0,0.25,35.7,600,30.5,40,401,1
1392.0,2.14,56.4,87,62.7,40,393,1
1132.3,2.45,50.0,880,58.0,30,117,1
1250.0,4.03,53.3,3779,25.6,40,365,0
1250.0,22.0,79.7,62,49.9,40,264,0
1117.9,1.89,44.6,600,60.9,30,40,1
1298.6,2.31,9.4,600,19.2,40,378,0
1367.5,10.47,102.3,1456,38.5,30,56,0
1603.6,9.24,5.0,1227,15.0,20,131,0
1519.2,0.53,10.0,107,32.5,40,122,0
1100.0,1.35,5.7,140,26.5,90,106,1
1250.0,2.82,96.2,600,58.8,40,575,1
1433.3,0.5,90.0,370,15.0,80,116,1
1526.0,2.36,22.6,20,35.2,40,457,0
1175.0,18.16,17.5,275,35.6,40,408,0
1252.8,0.98,12.2,158,43.6,40,52,0
1139.6,1.35,50.0,659,30.8,30,45,1
1165.9,1.25,40.4,1047,39.6,10,109,0
1330.2,2.06,7.9,4184,50.0,40,187,0
1454.0,0.45,140.8,948,43.9,40,316,1
1529.5,1.18,2.2,1462,39.0,40,320,0
1190.1,0.47,50.0,93,15.0,40,496,1
1309.7,1.7,98.3,434,22.2,20,26,0
1149.9,4.41,28.9,454,15.0,30,29,0
1212.4,0.95,16.5,114,22.8,40,514,0
1594.3,1.54,12.9,352,58.9,20,90,0
1288.0,3.35,9.6,836,30.5,50,1142,0
1325.2,1.86,56.3,138,65.0,40,453,1
1250.0,1.73,25.7,70,38.8,10,117,0
1117.4,22.0,15.9,600,47.7,40,362,0
1181.8,0.2,57.0,520,36.8,40,461,1
1119.9,0.85,33.1,600,29.9,40,200,1
1153.8,0.5,50.0,600,32.5,90,129,1
1508.7,0.41,49.0,237,23.9,40,590,0
1690.9,8.78,29.4,1762,20.6,50,1462,0
1250.0,2.86,6.3,3171,51.1,80,78,0
1548.6,4.58,57.1,1139,27.2,10,46,0
1486.5,4.6,137.4,600,55.3,10,112,0
1100.0,2.25,64.5,1360,40.1,40,423,1
1332.9,0.76,77.3,261,23.1,40,483,0
1544.2,5.85,28.2,1589,37.8,40,301,0
1194.0,5.33,155.0,912,55.2,40,239,1
1209.4,0.5,34.9,2951,33.1,40,176,0
1214.9,12.79,5.5,404,59.8,40,356,0
1353.7,1.32,155.0,2170,28.1,40,605,1
1250.0,3.39,144.4,1987,26.2,30,118,1
1661.7,12.37,45.4,4081,61.7,20,21,0
1233.1,5.22,60.7,2589,52.4,40,366,0
1626.8,2.22,80.2,745,42.2,40,299,0
1390.0,4.33,15.4,949,50.0,40,521,0
1250.0,0.9,14.6,1219,32.9,30,68,0
1577.9,0.26,137.2,182,52.3,30,116,0
1345.0,2.34,46.7,388,61.4,40,465,0
1490.8,4.25,98.6,600,42.9,90,42,1
1216.7,0.69,41.2,600,15.0,80,113,1
1623.4,0.44,18.4,1362,51.9,40,269,0
1184.4,0.28,74.1,600,40.8,50,741,1
1175.8,22.0,78.3,800,32.3,10,16,0
1450.1,1.01,109.3,1138,43.3,50,344,0
1380.3,4.24,25.2,3518,34.7,40,363,0
1393.4,0.61,90.0,407,44.7,40,189,1
1114.6,17.69,42.0,669,29.0,10,114,0
1100.0,1.6,50.7,600,33.9,50,1895,1
1277.9,2.26,6.9,961,33.7,40,444,0
1290.4,4.66,3.8,154,36.0,30,37,0
1250.0,1.07,12.0,624,56.4,30,94,0
1179.6,2.05,71.5,263,17.1,30,62,1
1196.3,8.93,11.3,612,65.0,40,178,0
1287.6,9.19,11.5,100,38.6,30,65,0
1692.3,1.13,68.7,58,48.0,40,396,0
1411.4,5.93,24.2,1129,47.6,40,239,0
1438.5,2.95,21.3,738,41.9,90,127,0
1206.6,1.78,50.0,322,54.9,30,47,0
1145.2,4.68,149.8,4429,23.6,10,112,1
1100.0,2.32,31.9,20,48.1,30,55,1
1191.8,4.7,39.9,88,51.2,20,26,1
1171.8,0.0,21.6,20,23.1,40,241,1
1121.1,0.5,26.6,2901,31.0,40,21,0
1310.8,1.44,123.9,928,65.0,40,373,1
1619.2,5.0,43.4,20,45.0,20,134,0
1378.6,1.46,112.1,129,15.0,40,530,1
1363.7,1.46,6.4,1079,22.5,90,58,0
1189.3,1.81,65.6,800,31.9,40,340,1
1489.5,0.58,18.5,3572,61.9,90,134,0
1386.0,0.43,27.5,62,27.8,10,20,0
1250.0,0.52,13.4,20,59.5,10,113,0
1157.2,2.57,10.1,278,37.2,90,88,1
1169.4,9.18,90.0,600,53.9,40,406,1
1525.9,4.55,10.0,203,33.0,20,66,0
1179.6,0.12,1.4,524,45.7,30,73,0
1149.3,0.01,65.2,365,47.5,40,202,1
1250.0,22.0,21.4,70,45.7,40,377,0
1100.0,2.82,22.8,159,34.9,40,358,1
1105.0,2.03,48.2,3682,61.9,10,82,0
1290.3,0.77,155.0,20,56.5,40,406,1
1350.6,1.06,26.3,600,47.8,40,353,0
1367.9,1.14,10.5,1214,45.3,40,595,0
1250.0,8.66,50.3,85,31.6,40,348,0
1250.0,10.87,29.0,190,22.3,40,355,0
1407.0,0.42,38.3,865,42.2,30,78,0
1250.0,7.89,74.8,436,52.8,40,374,1
1390.7,1.36,24.8,971,65.0,20,103,0
1140.0,1.7,16.4,1136,32.8,10,109,0
1369.8,0.54,13.2,395,31.0,30,90,0
1205.0,0.23,38.0,91,27.6,10,101,0
1232.6,2.33,76.1,286,51.0,40,476,1
1539.0,1.51,123.7,20,44.4,10,153,0
1235.8,5.16,131.4,1668,55.8,40,533,1
1365.6,0.5,115.1,2402,57.0,90,113,1
1300.0,0.21,50.6,5339,62.3,10,163,0
1559.5,3.72,85.0,45,19.0,30,106,0
1181.1,0.5,42.8,600,34.6,40,427,1
1544.5,3.2,50.7,20,65.0,20,51,0
1337.5,0.92,36.9,2735,35.4,40,355,0
1486.1,3.66,29.1,1153,31.6,30,96,0
1206.3,3.04,60.5,72,62.6,30,151,0
1577.4,2.15,45.6,600,30.2,50,1108,0
1534.0,13.54,2.2,721,21.1,30,65,0
1250.0,0.14,78.3,600,25.5,30,68,0
1100.0,2.5,11.9,600,36.1,20,74,0
1228.4,0.17,44.3,83,42.9,30,26,0
1169.4,0.95,43.9,1219,57.2,30,62,1
1460.7,0.76,22.7,615,19.5,30,60,0
1251.7,0.54,89.6,51,31.5,40,113,1
1157.2,0.01,114.8,170,36.3,40,432,1
1217.3,3.05,66.6,201,40.7,40,169,0
1178.4,4.69,12.6,1868,61.6,40,176,0
1422.6,7.44,9.0,1794,51.5,40,314,0
1200.4,1.6,37.4,212,33.7,90,137,1
1306.2,20.14,54.7,600,31.6,40,235,0
1336.5,0.24,155.0,1212,44.3,80,144,1
1423.1,4.27,27.4,60,59.6,40,456,0
1252.9,9.65,55.8,360,29.8,40,415,0
1570.8,19.3,11.4,31,44.4,40,373,0
1500.4,1.26,51.6,48,56.4,50,1127,0
1160.7,0.04,1.6,867,18.4,40,365,0
1427.2,4.64,78.9,200,40.9,40,287,0
1147.0,7.03,19.4,953,35.5,40,258,0
1365.6,10.29,19.8,219,25.1,50,560,0
1426.4,17.53,28.6,6000,23.1,90,139,0
1403.7,0.56,16.2,600,53.8,30,104,0
1250.0,7.04,53.5,501,22.7,40,299,0
1277.5,4.52,68.3,1926,65.0,10,101,0
1320.9,0.32,1.6,2732,45.1,20,110,0
1219.0,1.4,37.4,85,41.5,80,147,0
1190.0,0.01,77.8,2510,50.0,40,247,1
1150.5,5.23,29.4,764,38.5,30,124,0
1616.5,5.0,9.0,1005,52.7,40,294,0
1527.2,3.34,67.7,1961,25.9,40,477,0
1577.7,0.61,90.0,600,41.6,30,113,0
1143.0,1.63,14.6,600,40.0,30,85,0
1174.1,0.54,17.5,1044,35.0,40,305,1
1397.7,1.54,12.9,600,27.1,20,22,0
1417.3,2.55,62.3,252,39.0,20,35,0
1141.7,7.9,16.0,3982,43.4,30,109,0
1143.1,0.23,20.4,4339,27.0,50,1156,0
1490.6,1.75,17.9,1005,33.9,10,75,0
1385.2,3.17,28.5,1932,16.1,40,343,0
1170.5,3.83,15.1,36,23.0,40,403,0
1304.3,1.02,10.3,183,50.9,10,61,0
1448.7,1.81,155.0,600,16.5,40,450,1
1290.6,11.86,6.1,83,25.7,40,258,0
1250.0,1.26,31.6,4423,35.4,40,441,0
1100.0,0.14,79.8,369,20.8,50,822,1
1713.7,14.68,122.1,1094,62.5,30,149,0
1448.3,0.7,22.9,184,38.7,40,489,0
1392.6,5.34,20.7,800,42.1,30,37,0
1250.0,0.87,50.0,1139,24.1,30,170,0
1513.1,5.28,41.5,222,43.8,20,84,0
1609.1,2.19,155.0,3994,61.3,40,489,0
1250.0,1.67,76.3,800,32.2,30,29,0
1468.7,1.58,48.4,233,62.5,40,304,0
1253.5,0.92,64.6,800,48.2,40,376,1
1464.8,12.31,93.0,112,41.2,40,439,0
1464.7,12.63,71.0,6000,26.2,50,1539,0
1363.6,8.8,9.4,600,44.0,20,9,0
1203.2,0.38,22.5,2459,36.4,40,351,0
1486.2,0.54,15.6,3630,41.9,80,94,0
1312.3,6.35,61.2,2135,39.6,10,94,0
1404.2,0.73,13.7,600,29.7,40,473,0
1531.1,17.41,9.1,103,46.4,30,31,0
1164.6,0.13,8.5,769,33.1,40,298,0
1168.3,1.1,14.5,878,58.3,40,582,1
1487.2,0.28,117.0,1159,22.2,80,49,1
1115.2,3.55,0.8,180,35.5,40,361,0
1401.6,10.88,62.3,1335,36.2,40,81,0
1380.8,0.77,155.0,169,48.5,10,31,1
1176.0,0.5,7.6,3768,33.8,40,266,0
1144.0,0.56,6.0,648,38.4,40,0,1
1160.5,1.42,43.3,660,49.4,40,481,1
1462.0,1.27,154.5,260,33.7,40,195,1
1385.0,6.57,11.1,883,34.0,90,69,0
1434.8,2.75,31.1,1404,40.3,10,94,0
1484.7,5.88,50.3,600,53.0,30,112,0
1333.1,6.2,22.7,33,55.7,90,71,0
1250.0,1.13,83.2,600,45.0,40,401,0
1255.4,2.91,123.0,925,23.6,40,281,1
1413.1,0.5,69.5,3908,26.5,10,87,0
1215.4,7.61,81.2,5848,33.5,30,73,0
1140.7,3.33,43.4,854,38.1,10,7,1
1467.9,5.85,47.6,102,35.2,20,88,0
1426.6,0.18,105.8,362,32.5,40,282,1
1128.9,0.98,155.0,1307,56.3,40,625,1
1516.7,2.78,11.9,109,36.6,50,1276,0
1250.0,2.83,88.9,2515,45.5,30,84,0
1452.1,6.02,10.0,233,60.7,30,99,0
1399.1,1.13,52.9,312,15.0,40,156,0
1137.7,4.5,10.7,4981,26.8,10,40,0
1431.0,0.48,75.8,600,24.7,40,477,0
1323.3,3.32,10.5,342,55.1,40,282,0
1411.0,3.11,18.9,948,32.1,90,72,0
1434.8,22.0,115.1,116,30.4,10,151,0
1109.6,1.86,82.4,768,47.3,20,78,1
1162.6,14.02,0.8,980,35.0,30,121,0
1450.7,2.66,95.9,967,60.3,30,30,0
1151.5,0.68,18.7,1603,15.0,40,272,1
1490.1,1.35,65.4,6000,35.5,80,48,0
1198.2,0.33,155.0,222,55.0,10,36,1
1126.8,2.69,40.0,600,29.6,30,9,0
1306.8,1.19,3.9,41,52.0,30,88,0
1231.0,3.34,14.5,1028,56.3,40,372,0
1534.5,1.53,50.0,252,31.8,40,279,0
1187.2,0.5,84.0,241,37.9,40,457,1
1539.6,2.18,54.3,796,41.3,40,443,0
1323.4,7.69,32.7,800,40.1,40,420,0
1100.0,0.32,62.9,346,51.3,40,560,1
1337.9,2.22,19.7,600,21.9,40,570,0
1351.8,0.11,95.5,2512,34.0,30,53,0
1229.9,3.14,97.9,57,32.2,10,77,1
1593.3,10.55,30.8,163,58.7,30,40,0
1539.8,1.79,73.7,399,25.3,10,140,0
1479.4,4.58,33.3,600,49.2,30,91,0
1182.3,2.91,90.0,1210,49.3,30,120,1
1402.1,2.38,34.8,375,18.1,10,65,0
1416.7,0.86,53.6,36,42.4,40,237,0
1362.3,3.67,16.9,194,27.5,40,561,0
1148.6,0.07,155.0,600,38.1,30,131,1
1405.2,10.33,46.1,649,40.2,40,171,0
1415.0,2.62,16.5,91,31.7,40,176,0
1287.2,6.31,47.7,600,28.0,20,124,0
1107.4,14.33,7.6,366,32.0,90,43,0
1130.5,2.36,90.0,85,31.1,20,101,1
1146.5,2.2,155.0,333,31.8,40,536,1
1139.7,5.0,15.0,800,18.2,90,108,1
1280.6,11.27,90.0,23,30.7,40,145,0
1207.2,2.83,27.2,1870,23.5,40,229,0
1234.0,0.87,100.8,300,29.7,50,939,1
1167.7,5.44,34.7,800,27.6,30,127,0
1461.2,10.4,13.9,185,36.0,30,51,0
1354.0,3.23,19.2,86,25.8,40,394,0
1317.2,15.59,77.9,373,48.9,50,613,0
1676.6,0.32,35.1,600,23.5,40,560,0
1468.2,4.88,19.7,1895,24.6,90,52,0
1289.0,11.42,10.8,1033,24.8,30,101,0
1147.5,3.38,105.1,37,37.9,40,171,1
1163.3,0.67,74.3,600,37.1,80,75,1
1422.0,0.81,9.7,1587,45.4,40,47,0
1116.9,0.86,74.4,2736,39.6,90,95,1
1391.2,0.31,30.5,194,28.1,30,61,0
1526.1,0.81,3.5,600,29.7,90,168,0
1500.1,1.56,23.1,1215,33.8,50,1338,0
1451.5,7.91,25.6,800,27.5,10,84,0
1593.0,4.25,8.3,39,62.8,40,540,0
1515.1,3.41,131.6,1401,52.6,40,270,1
1699.0,0.29,36.0,600,50.8,10,46,0
1410.4,10.11,36.5,2565,31.0,10,26,0
1182.8,13.85,14.7,600,29.5,10,109,0
1546.1,1.04,34.2,20,57.5,40,498,0
1155.4,1.02,42.8,51,40.7,40,205,1
1286.7,0.04,0.6,1941,60.2,80,33,0
1100.0,1.03,28.2,3136,29.9,30,118,0
1228.5,3.71,17.5,53,27.2,40,323,0
1250.0,0.82,6.1,626,24.7,10,97,0
1568.4,2.16,90.0,4236,27.3,40,409,0
1573.5,0.09,48.1,182,28.5,80,103,0
1368.8,2.99,13.8,600,64.7,30,31,0
1545.0,0.69,66.4,1709,46.2,30,125,0
1364.0,3.32,91.6,427,41.9,40,298,0
1188.3,3.17,10.1,546,32.7,30,0,0
1216.7,0.48,2.4,600,30.9,40,405,0
1100.0,0.5,103.3,1872,31.7,30,193,1
1158.2,0.72,27.6,1087,24.2,30,125,0
1440.8,2.16,1.3,129,31.4,40,400,0
1285.0,0.55,26.4,1545,43.4,80,102,1
1650.0,1.87,4.3,600,48.4,40,411,0
1501.9,0.58,90.0,747,43.0,10,121,0
1250.0,0.85,111.0,37,19.4,30,47,0
1317.4,1.11,20.0,300,22.8,90,128,0
1313.1,1.49,7.0,56,29.5,80,117,0
1271.8,1.07,29.5,367,39.3,10,106,0
1437.7,0.73,90.0,1334,28.7,50,888,0
1264.0,4.99,45.1,673,27.0,90,120,0
1250.0,13.56,25.5,20,37.2,30,121,0
1140.9,0.62,9.9,2108,24.7,40,212,0
1385.9,0.5,43.5,600,52.0,40,225,0
1213.6,12.06,90.0,2919,39.0,30,99,0
1193.7,7.03,6.4,616,25.3,20,53,0
1509.7,3.43,60.1,902,44.8,30,53,0
1452.2,10.42,23.7,800,57.0,80,97,0
1522.3,0.44,41.7,403,36.7,40,386,0
1191.4,10.71,63.6,128,25.3,30,81,0
1513.9,0.34,34.9,600,42.7,40,415,0
1361.7,9.51,21.0,116,30.7,40,394,0
1307.1,0.5,53.0,20,61.5,40,384,1
1137.9,0.64,16.3,225,35.4,40,385,0
1250.0,4.02,35.1,176,46.6,40,332,0
1432.1,0.7,38.8,103,26.8,20,127,0
1186.8,6.24,90.0,217,51.7,30,76,1
1545.1,1.27,5.0,160,46.5,40,428,0
1178.6,21.96,5.9,606,27.1,40,428,0
1468.1,1.59,24.0,219,59.5,40,411,0
1250.0,3.87,152.1,1023,29.3,40,293,1
1151.9,2.36,12.8,20,52.3,40,324,1
1151.0,0.29,39.4,86,35.4,40,324,1
1345.1,0.73,55.8,839,20.3,90,137,0
1464.7,6.78,155.0,600,27.6,30,72,0
1574.1,0.45,5.6,651,34.9,80,79,0
1250.0,8.56,77.9,1410,22.2,30,52,0
1300.1,4.29,21.2,275,25.2,40,599,0
1194.2,1.01,92.8,600,28.7,40,356,1
1155.4,11.53,2.3,166,44.2,30,123,0
1301.2,3.08,72.8,1751,24.6,90,45,0
1238.3,1.0,90.0,30,43.1,30,70,1
1171.9,0.5,11.6,420,38.3,40,418,0
1146.1,1.07,50.0,160,52.6,40,508,1
1100.0,3.18,155.0,600,37.2,20,63,1
1201.8,0.33,72.3,39,39.5,90,110,1
1167.0,3.53,58.7,295,54.9,40,440,1
1601.4,0.13,154.1,2770,51.5,80,54,1
1439.8,7.15,37.4,2854,41.6,40,304,0
1151.1,3.52,41.4,114,36.7,40,311,1
1546.3,22.0,6.2,55,34.7,30,63,0
1585.4,0.92,104.3,101,47.5,40,301,1
1250.0,3.31,83.1,465,63.8,10,139,1
1591.2,8.23,59.9,61,24.2,40,507,0
1167.1,0.16,48.8,1070,23.5,10,89,1
1369.6,1.28,84.3,677,33.7,30,135,0
1399.0,11.63,18.0,244,29.0,10,48,0
1250.0,1.77,5.2,3182,56.9,80,81,0
1349.8,6.66,87.0,1823,45.8,40,224,0
1511.1,0.34,69.9,1914,22.8,40,129,0
1352.9,0.58,13.9,3025,34.1,50,1259,0
1250.0,0.5,155.0,158,58.1,40,131,1
1513.6,1.05,17.3,600,52.4,20,119,0
1409.6,17.21,32.9,193,36.0,40,455,0
1442.4,3.68,144.2,1057,46.7,90,151,1
1120.5,3.3,21.9,160,29.5,30,42,0
1624.7,0.89,48.9,872,39.2,40,237,0
1427.1,14.73,24.8,366,51.7,40,394,0
1380.8,0.27,17.2,1218,25.7,30,71,0
1622.1,10.43,155.0,111,24.6,90,80,1
1515.1,4.27,28.8,2161,59.1,30,81,0
1408.7,0.5,11.4,90,34.4,10,146,0
1423.7,1.31,10.0,649,51.8,90,137,0
1320.3,0.5,24.9,142,33.2,40,477,0
1444.1,7.24,10.6,4271,26.3,30,82,0
1163.3,3.42,22.1,574,25.6,30,33,0
1339.7,0.24,125.7,300,17.2,80,24,1
1268.8,1.07,32.5,600,48.1,30,53,0
1497.4,1.15,121.7,6000,43.2,40,154,0
1208.2,3.95,25.5,2017,32.7,30,12,0
1250.0,1.84,8.1,2353,26.8,90,103,0
1309.3,9.97,15.3,940,36.0,40,243,0
1250.0,0.01,67.4,600,29.3,40,71,1
1441.7,1.66,50.0,153,30.0,40,251,0
1375.5,3.14,6.4,600,42.8,80,106,0
1346.6,1.15,37.5,600,24.7,90,79,0
1368.3,0.06,155.0,277,21.1,40,195,1
1151.1,2.36,59.2,177,43.5,40,297,1
1250.0,7.94,49.0,91,27.1,30,46,0
1534.0,4.78,2.6,2129,40.3,30,87,0
1250.0,3.48,68.1,600,25.1,40,379,0
1159.7,11.2,12.9,312,15.0,40,324,0
1397.9,5.83,155.0,600,45.9,50,1262,0
1435.8,0.56,9.2,815,30.4,20,54,0
1151.1,5.48,24.8,2288,55.6,40,351,0
1402.6,0.05,6.9,880,43.0,40,310,0
1310.9,0.5,155.0,21,44.8,40,461,1
1473.7,22.0,28.7,683,35.3,10,151,0
1439.4,8.05,7.0,802,54.4,40,289,0
1250.0,2.92,1.9,77,43.7,30,17,0
1155.8,4.95,18.7,1010,33.0,40,256,0
1123.3,2.47,14.9,600,49.1,40,490,1
1197.1,1.84,37.8,3840,40.6,40,369,0
1245.8,1.25,57.8,884,55.8,40,538,1
1250.0,0.52,40.9,600,27.1,90,89,0
1434.3,0.54,92.4,600,41.3,30,129,0
1197.7,2.83,3.8,600,38.7,40,153,0
1184.3,6.29,90.0,2564,65.0,30,119,1
1206.8,0.5,61.9,202,51.4,40,433,0
1394.7,4.54,9.5,258,41.7,40,273,0
1672.6,1.07,17.9,20,57.8,40,454,0
1279.7,8.04,3.8,1259,52.2,40,198,0
1474.4,0.36,10.0,125,29.4,40,290,0
1469.0,1.64,5.6,144,43.8,30,67,0
1178.6,5.0,4.7,4796,34.4,90,103,0
1313.8,0.18,70.1,800,43.1,40,500,0
1338.8,0.9,44.3,731,36.9,40,296,0
1543.1,2.35,113.2,520,62.1,40,197,0
1218.8,4.19,12.8,106,46.0,50,2033,0
1570.5,8.29,6.2,89,29.8,20,166,0
1170.9,1.04,61.9,773,35.4,10,66,1
1174.7,0.79,22.8,493,41.1,30,77,0
1512.3,16.35,154.0,1944,35.0,40,250,0
1173.2,2.01,35.6,800,49.3,30,86,1
1250.0,1.48,9.1,742,22.0,40,276,0
1556.6,0.05,7.9,2790,42.6,10,46,0
1253.5,0.55,85.7,997,29.1,40,488,1
1524.7,1.8,155.0,20,32.7,40,316,1
1598.2,2.17,60.1,600,55.0,30,61,0
1249.8,0.72,155.0,800,59.4,30,91,1
1187.5,17.25,24.9,32,48.7,40,411,0
1190.7,1.02,25.5,600,49.0,40,438,1
1497.2,2.88,41.4,245,26.8,40,216,0
1432.8,2.78,141.5,600,49.3,30,44,1
1364.6,11.64,10.2,649,63.4,90,62,0
1710.5,1.6,13.4,131,40.6,40,287,0
1397.5,0.96,60.2,600,36.3,10,189,0
1240.5,3.52,51.8,203,44.3,40,381,0
1453.5,0.72,1.9,600,50.2,40,584,0
1423.2,0.83,25.9,600,38.8,20,83,0
1565.0,0.33,34.7,232,29.3,50,1236,0
1442.5,6.33,21.0,600,41.3,40,525,0
1641.3,2.37,4.5,600,25.0,10,134,0
1115.0,1.4,17.5,216,59.2,80,0,1
1394.0,3.18,13.0,20,36.3,40,415,0
1144.7,5.76,63.7,600,28.0,40,432,1
1362.1,2.16,27.9,205,40.4,40,429,0
1279.2,3.41,4.7,20,38.5,40,297,0
1118.8,2.43,100.0,179,24.8,40,452,1
1134.5,0.15,34.2,466,47.8,30,66,1
1206.3,0.5,75.3,5434,60.6,40,278,0
1544.7,0.42,141.9,1067,39.3,40,247,1
1568.2,12.28,15.5,2112,59.5,40,284,0
1553.2,0.05,32.7,2857,28.4,40,513,0
1100.0,3.35,40.8,296,39.5,40,322,1
1182.8,2.1,12.5,1764,51.9,40,218,0
1158.5,6.45,133.3,135,37.7,40,225,1
1526.4,5.82,90.0,663,32.2,30,130,0
1579.2,22.0,6.7,183,44.6,20,66,0
1596.0,2.31,53.3,120,50.2,40,182,0
1499.0,1.09,10.0,381,34.9,10,83,0
1386.5,1.04,20.5,2929,55.1,10,183,0
1250.0,8.66,102.2,20,29.6,30,25,0
1723.9,0.08,76.8,2728,62.8,20,107,0
1609.3,3.25,52.4,123,36.1,30,87,0
1145.7,4.41,6.3,125,29.1,30,96,0
1305.8,1.34,90.0,697,22.3,10,32,0
1109.3,1.63,31.7,2174,38.3,30,98,0
1134.5,0.41,56.3,316,42.3,10,92,1
1250.0,18.9,25.2,1844,44.7,30,21,0
1185.1,0.5,31.4,855,50.4,40,124,1
1359.4,5.89,8.7,640,34.9,30,70,0
1141.0,1.11,73.5,88,33.9,40,134,1
1313.4,0.5,10.7,1391,26.9,10,78,0
1254.7,0.59,3.3,244,28.9,10,124,0
1260.7,0.33,2.7,426,39.9,40,219,0
1320.3,7.58,31.6,487,28.9,40,611,0
1255.3,1.32,50.0,28,54.0,20,100,0
1249.7,2.2,9.7,978,62.0,30,78,0
1322.3,0.41,9.6,600,35.9,10,55,0
1287.2,5.93,5.0,549,44.6,40,433,0
1587.2,0.71,59.4,45,20.9,30,112,0
1111.1,15.6,36.4,840,29.9,30,57,0
1250.0,5.08,5.5,568,28.7,40,236,0
1555.5,0.03,56.2,64,42.1,10,37,0
1164.0,2.86,16.3,600,54.2,30,160,0
1605.6,0.89,77.3,5634,59.4,30,185,0
1301.5,1.5,1.4,1024,41.7,30,102,0
1281.8,4.11,90.0,1739,41.8,10,132,0
1250.0,21.67,51.6,2355,50.5,80,62,0
1204.5,6.9,0.5,411,48.4,50,1244,0
1249.7,8.0,41.5,444,32.8,40,316,0
1172.7,0.03,41.1,600,20.7,40,112,0
1369.9,1.19,5.4,600,25.3,40,249,0
1623.5,0.74,17.3,286,41.3,40,179,0
1405.8,0.2,26.7,600,37.0,40,413,0
1191.6,7.14,149.4,600,23.8,40,262,1
1336.9,2.18,11.3,955,20.2,20,122,0
1126.5,1.24,31.3,2771,54.8,10,138,0
1198.0,6.24,26.3,600,22.5,80,91,1
1388.2,3.73,100.7,2828,53.6,10,134,0
1122.7,9.75,27.2,62,15.0,50,825,0
1559.2,2.2,2.8,600,56.2,40,608,0
1410.0,1.84,124.7,3018,51.5,40,114,0
1113.6,3.51,3.3,60,37.1,20,48,0
1204.1,2.44,35.7,600,55.8,30,62,0
1250.0,2.29,69.9,3600,37.7,40,239,0
1353.9,4.46,17.1,316,48.2,40,403,0
1658.4,10.95,143.0,600,32.3,40,237,0
1361.6,1.34,155.0,82,54.3,40,183,1
1334.4,5.96,90.0,1148,46.4,30,92,0
1174.1,20.79,14.0,54,32.5,40,587,0
1248.1,8.85,54.8,449,25.5,80,84,1
1525.1,0.8,55.4,284,36.0,80,151,1
1538.0,8.42,43.8,2273,41.9,40,319,0
1178.6,2.59,6.5,800,42.6,10,36,0
1187.0,1.13,69.1,708,36.8,10,62,1
1304.1,4.53,80.5,1649,27.9,40,363,0
1100.0,1.0,27.6,600,51.0,40,0,1
1245.8,3.2,13.1,782,38.4,40,243,0
1468.8,2.05,58.6,387,29.0,40,206,0
1455.2,9.97,28.3,247,64.6,40,489,0
1706.6,0.07,32.7,99,25.0,10,109,0
1136.3,2.46,8.5,2636,42.8,80,87,1
1106.0,0.91,46.3,1843,37.8,30,150,0
1250.0,3.62,63.2,420,29.2,10,158,0
1378.0,0.5,14.6,25,36.7,40,621,0
1167.2,0.65,10.7,2176,32.9,80,218,1
1515.7,2.12,2.6,600,62.5,40,156,0
1260.3,1.64,61.5,1702,37.6,40,372,0
1255.1,3.26,50.0,600,26.2,50,645,0
1341.5,1.47,42.2,511,42.3,40,270,0
1160.7,0.62,40.1,1546,33.7,40,354,1
1455.3,0.06,24.0,20,18.5,30,74,0
1398.8,13.92,2.0,2890,51.4,30,58,0
1250.0,14.45,59.1,600,26.7,40,280,0
1413.6,3.2,90.0,777,32.1,40,383,0
1409.2,8.27,13.9,4303,32.8,30,103,0
1250.0,9.34,62.0,1238,32.8,40,176,0
1183.1,0.89,40.0,986,28.3,90,40,1
1122.0,4.61,29.1,368,28.1,40,94,0
1191.4,2.19,19.7,800,25.3,90,46,1
1485.3,5.0,3.0,164,30.2,50,1618,0
1485.8,0.18,11.6,3453,50.0,40,416,0
1250.0,22.0,15.9,179,28.4,10,29,0
1208.9,3.74,7.7,37,28.3,30,47,0
1101.6,1.18,154.5,143,17.8,40,323,1
1144.9,20.12,15.8,186,15.0,40,524,0
1346.4,4.76,95.3,1856,61.0,30,77,0
1262.8,22.0,155.0,1535,23.4,40,224,0
1410.3,1.06,118.4,5021,52.1,40,415,0
1140.1,0.94,52.9,294,65.0,30,43,1
1556.2,1.13,90.0,99,49.8,40,337,0
1688.9,0.7,19.4,154,34.1,30,122,0
1146.1,0.5,13.6,98,49.8,10,107,0
1268.1,1.93,112.6,27,60.1,20,55,1
1100.3,0.5,75.8,1177,45.8,10,75,1
1250.0,1.7,25.1,865,34.6,40,413,0
1588.8,11.52,90.0,130,35.0,40,325,0
1615.9,0.2,155.0,170,24.5,40,114,1
1456.4,0.94,39.8,3400,60.9,40,235,0
1100.0,0.85,4.2,401,27.1,40,399,0
1199.2,0.32,112.0,118,55.9,40,318,1
1861.3,7.21,1.7,264,21.9,40,338,0
1389.6,1.94,72.0,36,38.2,40,381,0
1250.0,1.05,9.5,109,22.9,40,405,0
1270.7,3.6,12.4,800,47.1,40,364,0
1100.0,7.36,7.5,147,28.6,20,21,0
1157.9,0.63,3.3,616,47.5,40,343,0
1484.7,0.05,103.3,662,15.0,40,288,0
1320.8,15.11,36.5,3031,24.5,40,354,0
1150.6,9.66,74.8,77,45.3,10,125,1
1105.5,1.21,50.0,2416,32.7,30,117,0
1198.6,2.29,43.9,271,39.4,40,358,1
1293.7,1.36,72.0,600,35.9,10,69,0
1594.9,0.84,7.8,265,35.7,30,0,0
1154.1,0.15,143.2,759,25.9,30,54,1
1186.9,3.47,52.5,600,35.2,30,124,0
1464.6,1.3,62.5,127,42.9,30,69,0
1392.7,5.48,88.7,106,24.5,40,276,0
1326.6,2.77,19.3,664,48.5,30,61,0
1101.3,0.17,28.4,710,23.2,40,254,1
1364.3,0.37,6.6,602,33.0,40,194,0
1128.9,9.34,96.8,6000,49.0,40,440,0
1859.3,9.98,15.1,600,15.0,30,70,0
1572.4,1.02,11.7,663,58.4,30,95,0
1181.9,1.01,29.4,20,52.4,50,775,0
1362.7,0.14,86.8,29,25.2,40,261,0
1375.9,0.65,77.8,600,63.5,40,276,1
1408.3,8.68,56.0,600,26.9,10,48,0
1250.0,0.27,36.0,368,38.9,10,49,0
1160.5,0.67,22.1,1053,44.8,20,62,0
1552.9,8.76,51.6,231,44.9,20,126,0
1379.8,6.0,10.9,3007,52.8,20,99,0
1250.0,0.5,102.4,818,41.8,30,110,1
1250.0,0.97,155.0,4228,54.8,30,133,1
1101.4,4.4,155.0,2486,52.5,40,369,1
1261.8,8.2,10.3,374,29.7,40,263,0
1169.0,22.0,68.2,1554,50.9,10,82,0
1430.2,5.95,49.6,271,45.6,90,97,0
1350.3,2.41,110.2,1267,55.8,40,650,1
1504.5,0.22,11.7,703,39.5,20,74,0
1154.8,1.2,19.9,4204,41.5,20,52,0
1153.6,2.54,86.8,121,26.3,10,38,1
1267.4,5.0,69.0,2826,22.9,40,332,0
1349.2,0.5,10.0,600,45.4,30,78,0
1274.4,8.03,17.4,1572,44.3,10,25,0
1135.9,4.26,121.4,211,58.6,40,648,1
1191.8,1.04,13.4,93,49.3,40,338,0
1503.1,2.1,38.8,1611,49.2,30,18,0
1250.0,1.23,1.8,1641,39.8,40,613,0
1250.0,2.85,7.4,83,36.0,20,58,0
1509.7,8.6,96.9,3925,37.1,40,360,0
1617.5,0.59,60.2,1315,57.6,30,3,0
1204.8,0.06,46.4,581,27.4,40,278,0
1482.0,1.37,37.4,2115,36.0,40,216,0
1466.1,12.08,6.9,58,21.5,10,41,0
1606.0,1.44,19.6,784,65.0,10,65,0
1135.7,6.25,53.9,773,30.8,30,48,1
1447.2,3.81,42.1,600,51.5,10,93,0
1345.9,1.07,18.4,434,44.3,30,37,0
1340.1,2.86,22.3,1425,27.3,10,32,0
1187.0,0.69,1.1,286,37.6,30,74,0
1173.8,0.46,0.6,618,31.8,30,93,0
1189.5,3.48,19.1,800,31.5,50,1705,0
1118.9,2.46,38.2,734,33.3,50,373,0
1381.0,2.46,53.0,20,48.2,30,107,0
1264.4,4.84,139.0,139,23.6,40,373,1
1253.9,1.92,27.5,58,30.1,90,33,1
1418.0,13.95,10.0,600,16.9,40,452,0
1250.0,1.41,35.1,967,53.2,40,422,0
1513.6,1.62,19.0,191,48.6,40,388,0
1600.8,0.5,70.0,609,51.7,80,36,1
1634.8,1.35,26.7,600,28.4,30,145,0
1448.1,0.88,55.7,659,38.9,10,145,0
1414.5,4.05,0.7,600,34.8,10,131,0
1226.5,0.93,95.7,2115,56.3,40,273,1
1607.7,1.13,48.4,20,33.4,40,446,0
1488.8,0.7,23.3,3968,53.1,30,127,0
1478.9,1.52,0.5,3327,52.5,30,43,0
1451.0,1.27,155.0,872,27.8,40,279,1
1541.9,1.51,31.8,1142,35.9,30,116,0
1486.1,0.49,59.8,1596,36.9,40,281,0
1100.0,6.84,102.8,1763,47.1,40,393,1
1328.5,0.23,48.1,600,32.2,40,320,0
1294.2,0.5,53.3,664,29.4,20,110,0
1385.5,0.67,37.9,690,27.0,50,610,0
1597.5,3.32,75.3,97,24.0,10,15,0
1233.8,2.45,7.6,2277,15.0,40,279,0
1525.6,3.91,90.0,251,51.6,40,486,0
1354.0,6.48,28.4,2141,36.8,40,444,0
1183.2,1.54,1.9,185,55.1,40,472,0
1240.4,2.84,21.5,35,50.0,30,105,0
1242.7,1.01,10.0,379,50.7,40,510,0
1462.2,0.64,2.9,616,45.3,30,105,0
1406.7,1.02,24.3,800,25.0,40,404,0
1743.1,2.64,12.1,600,28.2,10,46,0
1250.0,6.26,6.2,666,47.8,80,85,0
1176.7,1.94,79.8,600,23.7,80,112,1
1392.6,0.53,41.8,346,33.3,40,232,0
1618.6,2.35,12.0,1152,42.2,40,219,0
1411.7,0.99,23.6,1018,49.8,20,81,0
1392.5,0.06,12.4,70,34.1,40,319,0
1390.3,2.77,9.5,59,35.0,40,453,0
1130.4,0.65,30.5,4322,43.2,40,464,0
1480.8,0.93,31.2,972,18.7,40,356,0
1513.3,1.6,2.4,800,29.2,40,353,0
1347.3,1.34,28.2,2997,19.0,30,136,0
1352.3,0.21,1.3,600,60.5,50,1085,0
1479.4,0.37,22.8,600,50.9,40,326,0
1502.8,0.07,84.2,600,17.5,10,61,0
1298.4,1.42,16.4,600,27.3,40,455,0
1461.5,0.15,65.5,33,33.8,50,1410,0
1376.6,1.9,90.0,641,32.4,40,486,0
1137.0,1.03,77.0,800,26.8,40,205,1
1107.4,0.01,25.0,72,26.5,40,291,1
1430.6,3.37,5.0,600,34.2,50,1308,0
1186.6,1.14,54.5,600,37.3,90,105,1
1316.5,14.67,59.6,31,26.3,30,44,0
1190.1,20.02,21.4,600,18.4,40,461,0
1484.1,1.6,62.3,600,24.6,40,193,0
1243.9,0.09,54.1,1505,31.7,40,449,0
1674.5,19.04,90.0,502,37.0,40,232,0
1389.1,0.11,56.6,2828,37.1,40,495,0
1296.7,2.8,50.4,600,38.0,30,136,0
1480.5,1.77,4.6,632,65.0,20,52,0
1100.0,5.08,17.0,600,50.8,10,3,0
1483.8,4.35,18.8,600,22.1,40,361,0
1396.8,1.86,3.1,1189,35.3,30,131,0
1246.0,17.93,40.0,688,65.0,50,183,0
1520.2,2.35,25.2,80,60.4,30,111,0
1250.0,1.42,155.0,1622,25.8,30,93,1
1445.7,0.42,20.7,600,39.5,90,76,0
1369.4,4.92,3.2,2644,46.4,40,453,0
1100.0,22.0,2.0,1226,24.6,30,60,0
1654.8,13.45,8.7,600,45.4,50,1079,0
1454.9,0.85,26.9,600,53.8,40,365,0
1367.3,3.13,26.9,2224,15.0,40,390,0
1163.9,7.86,4.6,222,28.4,50,874,0
1506.6,2.23,81.0,3269,32.4,10,33,0
1138.9,1.5,47.6,61,57.0,30,53,1
1168.7,0.13,24.2,119,33.0,40,742,1
1386.7,0.61,24.2,600,48.1,30,19,0
1208.9,0.34,2.6,2373,34.0,80,67,0
1320.6,2.3,70.2,958,26.1,20,158,0
1250.0,6.26,16.3,210,41.1,30,83,0
1338.8,0.41,70.1,50,21.2,40,480,0
1197.1,0.98,4.1,600,31.2,40,345,0
1486.7,19.92,36.2,719,56.3,20,119,0
1250.0,19.94,122.6,203,31.3,10,82,0
1250.0,0.77,138.2,4388,28.1,90,71,1
1444.7,6.86,155.0,600,16.6,50,1497,0
1150.5,4.02,42.5,388,61.5,30,133,1
1553.2,1.5,48.7,471,33.7,40,446,0
1238.1,1.9,155.0,120,59.8,40,493,1
1166.6,2.29,16.8,34,61.6,50,1111,0
1430.2,16.05,155.0,4847,57.6,40,501,0
1201.6,4.08,27.7,41,32.7,40,391,0
1400.2,0.73,17.3,600,25.6,80,98,0
1456.9,0.11,2.3,389,24.7,40,530,0
1376.6,0.9,32.4,75,59.0,30,55,0
1707.4,0.07,48.6,832,46.9,40,269,0
1162.9,2.7,44.6,600,48.4,50,1195,1
1392.4,1.55,23.1,600,16.5,40,469,0
1158.5,2.39,123.4,346,45.1,50,1095,1
1654.4,2.91,26.1,29,23.3,50,1428,0
1135.7,0.39,56.3,976,55.5,30,74,1
1151.1,0.5,83.8,478,42.1,40,39,1
1250.0,2.04,35.3,2784,29.8,40,226,0
1306.5,0.6,89.4,108,34.6,10,98,0
1159.8,0.97,18.1,99,65.0,40,340,1
1466.7,5.22,2.0,600,16.0,20,57,0
1397.3,0.99,53.5,6000,29.7,40,314,0
1460.8,6.17,87.9,946,37.2,80,101,1
1200.6,1.1,11.2,1898,55.4,20,106,0
1434.0,1.18,2.3,1418,20.1,40,277,0
1176.7,0.5,15.4,1663,36.8,40,122,0
1526.3,20.78,11.7,600,30.6,40,486,0
1592.9,0.76,79.5,142,23.6,40,257,0
1187.1,0.69,19.0,197,25.3,30,56,0
1250.0,0.35,37.3,420,27.8,30,86,0
1319.3,5.19,4.7,114,43.9,20,87,0
1118.9,2.19,26.5,414,46.0,80,165,1
1333.7,2.16,90.0,70,56.3,40,274,0
1250.0,2.24,24.3,298,24.0,90,106,0
1121.3,1.05,99.4,600,37.2,40,231,1
1250.0,8.37,4.1,800,50.2,40,204,0
1258.5,0.99,2.7,354,24.1,40,767,0
1134.7,3.71,3.7,787,50.9,40,251,0
1208.4,3.07,16.5,1646,28.0,30,82,0
1164.4,1.26,131.1,600,48.3,30,66,1
1376.7,1.34,53.2,1029,16.4,10,118,0
1230.1,2.34,40.0,120,64.9,40,352,0
1356.7,0.58,90.0,600,36.6,40,291,0
1485.3,3.1,35.8,1446,22.4,10,133,0
1449.3,4.48,25.1,870,56.6,30,55,0
1250.0,2.7,23.5,3448,32.4,40,486,0
1114.4,2.08,23.5,1722,41.4,40,320,0
1196.9,2.55,62.6,1047,27.3,40,487,1
1177.7,9.67,103.6,600,21.7,90,96,1
1104.3,0.0,78.4,600,15.0,40,325,1
1269.9,2.44,18.0,266,30.5,10,58,0
1250.0,6.14,94.8,5251,39.2,30,97,0
1100.0,1.33,10.0,1086,43.8,30,68,0
1452.6,2.34,57.9,600,26.9,30,123,0
1166.1,2.89,90.0,308,44.6,40,573,1
1162.1,15.4,29.1,140,37.9,30,85,0
1614.5,0.59,13.1,5683,37.9,40,413,0
1117.0,8.19,21.8,600,40.5,40,357,0
1640.2,14.47,39.4,420,32.9,30,96,0
1115.2,1.13,51.9,20,23.7,30,93,1
1640.9,4.48,64.6,341,40.5,40,180,0
1461.0,3.95,17.2,20,60.3,50,1940,0
1685.6,0.42,5.2,2358,65.0,10,62,0
1335.6,5.58,5.0,150,45.3,40,380,0
1162.5,5.58,2.3,29,54.5,40,348,0
1519.5,0.8,90.0,600,59.5,40,126,0
1100.0,14.36,33.6,2437,58.0,40,628,0
1582.3,0.35,47.0,52,17.4,50,1876,0
1180.0,0.91,12.6,152,33.3,10,57,0
1250.0,3.68,90.0,618,61.2,30,155,1
1502.7,6.4,40.0,780,41.4,40,404,0
1216.1,3.04,31.0,697,31.7,40,310,0
1167.6,4.24,69.3,180,56.0,30,9,1
1120.6,7.97,27.3,761,52.3,40,399,1
1175.1,6.52,1.0,48,54.7,20,82,0
1671.5,6.94,10.6,600,59.5,50,1039,0
1544.2,0.68,11.6,600,32.4,40,389,0
1161.8,10.07,56.4,4752,37.2,30,45,0
1319.6,2.15,76.9,312,23.9,40,298,0
1593.0,0.87,4.0,3538,46.6,40,258,0
1159.8,3.26,6.9,600,35.5,30,34,0
1154.9,0.68,44.7,181,39.8,50,1550,0
1603.4,3.05,11.5,200,16.7,20,18,0
1456.1,1.04,11.9,600,56.9,40,471,0
1317.7,1.61,27.9,940,59.1,40,304,0
1166.2,1.65,33.3,398,38.4,40,310,1
1391.8,2.29,68.1,600,52.8,20,109,0
1666.2,2.13,122.1,600,56.7,40,344,0
1586.8,4.4,51.4,190,30.6,10,15,0
1620.9,0.27,24.0,249,60.9,40,305,0
1478.1,0.5,7.8,162,29.0,30,43,0
1170.8,0.46,94.5,38,44.4,40,392,1
1153.9,0.64,35.2,444,37.2,40,357,1
1701.7,8.93,17.7,1592,30.9,10,143,0
1468.8,13.55,10.0,4488,29.9,20,67,0
1460.0,2.25,31.1,2435,60.1,30,91,0
1451.5,3.29,28.1,600,58.7,50,1450,0
1548.2,0.83,13.2,959,44.9,40,285,0
1276.2,0.5,8.4,288,32.1,80,44,0
1322.1,5.83,90.0,1259,51.6,10,127,0
1253.8,0.34,18.4,370,49.4,10,50,0
1170.7,0.18,11.2,600,32.6,80,54,1
1598.5,10.91,41.9,600,34.2,40,370,0
1450.3,0.7,0.8,77,21.5,40,310,0
1586.4,3.85,8.8,360,46.8,80,136,0
1487.1,0.3,16.8,1222,58.0,90,158,0
1603.7,3.4,30.3,5657,34.9,10,44,0
1520.5,6.31,26.8,638,58.0,20,114,0
1395.4,15.94,10.9,600,28.4,20,46,0
1353.4,8.07,155.0,66,39.4,40,265,1
1386.2,4.43,3.1,43,38.7,30,108,0
1113.2,1.47,5.0,600,15.0,40,473,0
1364.4,0.12,3.7,2842,57.9,50,1024,0
1364.5,0.5,8.3,632,52.7,40,280,0
1553.9,0.07,13.0,5555,25.1,10,124,0
1489.2,4.4,25.1,600,41.2,40,385,0
1313.2,2.41,11.1,745,24.8,10,55,0
1135.9,1.45,155.0,1226,53.4,40,419,1
1178.8,2.1,155.0,802,19.2,30,40,1
1100.0,11.57,18.3,61,49.6,10,111,0
1258.4,2.27,25.1,58,35.8,40,380,0
1280.9,0.5,130.0,600,31.6,90,36,1
1451.6,1.13,10.0,440,24.1,90,134,0
1250.0,1.01,20.3,105,36.4,30,79,0
1160.1,22.0,50.4,1652,22.4,40,559,0
1371.1,0.15,27.8,1962,26.2,40,332,0
1250.0,0.99,5.7,853,38.2,40,265,0
1227.3,0.13,29.1,246,51.4,40,271,0
1426.2,0.65,10.5,989,15.0,90,124,0
1241.6,1.13,155.0,999,24.1,20,86,1
1465.9,1.06,45.8,784,65.0,40,54,0
1369.4,3.08,64.0,600,48.7,40,591,0
1144.9,10.23,33.1,600,32.1,30,95,0
1628.6,2.47,67.2,600,50.8,30,68,0
1490.4,4.77,3.5,204,26.7,20,120,0
1420.3,5.88,13.5,1258,53.0,80,53,0
1250.0,10.21,94.2,1174,22.3,50,839,0
1484.1,3.1,24.6,2767,64.8,40,418,0
1400.5,0.77,79.2,161,19.9,40,267,0
1372.0,13.73,8.4,135,39.0,30,40,0
1142.0,0.56,18.5,1274,54.5,40,202,0
1127.8,7.79,28.9,4420,23.7,10,101,0
1207.0,0.5,14.1,638,49.1,40,511,0
1337.1,5.75,25.0,520,35.9,50,1071,0
1433.7,0.75,29.4,281,63.1,40,28,0
1717.5,1.74,14.7,20,21.4,40,513,0
1101.9,0.5,65.5,600,22.9,10,110,1
1382.8,1.13,47.9,600,39.4,30,58,0
1194.0,1.51,89.2,4995,25.6,40,146,1
1180.2,1.46,25.4,745,46.0,10,46,0
1336.6,0.22,11.6,4420,61.2,30,85,0
1250.0,5.71,70.1,600,43.0,30,89,0
1231.4,1.7,7.9,110,36.3,40,243,0
1545.3,1.85,4.8,518,50.8,30,148,0
1100.0,0.72,155.0,53,59.6,40,492,1
1250.0,8.58,50.0,3830,25.1,40,464,0
1387.2,2.3,53.1,4334,45.6,20,85,0
1349.6,6.72,58.1,132,33.3,20,51,0
1283.7,0.56,75.1,1983,39.0,40,293,0
1342.9,0.97,23.7,232,49.2,40,586,0
1514.1,5.22,54.7,1277,27.2,30,110,0
1413.6,0.52,13.1,706,44.6,40,496,0
1216.4,0.18,2.3,1099,20.6,20,114,0
1155.1,4.19,18.7,188,58.1,30,136,0
1535.3,8.13,45.8,37,58.7,40,306,0
1491.9,2.99,98.1,84,39.9,30,36,0
1445.4,0.5,105.5,1520,17.8,40,462,0
1193.7,5.43,13.1,1213,47.5,20,91,0
1134.9,0.45,54.8,2948,31.1,20,93,0
1167.8,1.15,70.7,600,15.0,30,108,1
1181.3,0.17,6.1,124,39.8,30,19,0
1703.4,7.75,35.0,178,40.2,50,827,0
1442.1,1.53,70.0,548,41.1,10,87,0
1250.0,5.26,29.5,115,52.9,90,98,0
1613.4,0.23,87.0,220,55.2,90,42,1
1351.7,0.77,1.3,289,49.8,40,171,0
1119.6,2.42,149.5,311,52.5,40,444,1
1266.0,0.51,90.0,69,27.7,80,122,1
1422.5,1.04,155.0,600,33.9,30,77,1
1308.6,14.34,28.3,55,54.7,30,56,0
1398.8,4.22,10.7,3353,24.4,10,40,0
1250.0,1.67,8.0,600,39.9,40,494,0
1149.9,1.48,44.9,600,21.8,20,119,0
1431.1,12.09,38.8,527,40.2,80,157,0
1594.6,4.66,82.3,418,50.0,40,276,0
1250.0,22.0,8.2,33,32.2,80,39,0
1425.8,6.94,31.6,600,43.0,30,75,0
1395.3,1.65,56.4,600,47.6,40,389,0
1148.3,8.57,15.9,45,42.5,40,244,0
1250.0,2.38,27.0,94,54.0,30,99,0
1374.3,0.95,22.6,2575,65.0,50,1215,0
1474.7,1.66,136.7,150,35.1,40,641,1
1274.1,0.5,4.0,1153,22.6,20,85,0
1573.5,4.38,5.3,1138,49.6,90,113,0
1459.7,14.32,14.4,1753,23.3,40,517,0
1290.6,6.23,22.6,600,19.2,30,138,0
1409.6,2.55,27.7,1952,27.9,30,200,0
1544.3,8.59,4.6,436,27.9,40,256,0
1331.8,10.33,29.1,600,20.5,40,327,0
1662.9,0.3,19.7,6000,26.0,40,286,0
1250.0,2.45,2.0,3156,58.2,40,331,0
1202.6,14.82,78.2,1033,21.3,20,131,0
1474.9,1.12,3.8,600,29.2,30,94,0
1134.9,0.5,66.7,311,21.6,40,313,1
1598.8,1.29,84.7,502,26.1,40,444,0
1418.3,3.0,34.5,2671,25.7,10,86,0
1288.4,4.04,30.3,290,27.0,30,105,0
1115.4,0.13,15.5,410,41.3,80,97,1
1297.3,0.5,35.4,600,29.5,50,1429,0
1250.0,8.01,8.8,600,31.3,40,322,0
1536.9,4.0,50.0,35,35.0,10,70,0
1330.6,0.04,61.4,262,37.3,40,233,1
1250.0,4.01,7.4,600,35.2,10,119,0
1156.3,0.26,10.4,600,29.2,40,405,0
1664.6,1.25,10.0,2227,48.4,40,455,0
1501.6,2.69,73.8,225,58.4,40,210,0
1132.1,8.35,13.7,984,56.6,10,64,0
1189.6,0.5,7.1,2457,45.5,40,376,0
1317.9,0.86,4.7,5199,24.7,40,330,0
1622.6,0.76,155.0,653,21.6,40,306,1
1219.9,1.07,24.3,600,46.4,40,461,0
1345.3,2.88,41.4,211,29.5,10,98,0
1150.8,3.6,68.1,1385,51.8,40,155,1
1402.9,2.19,53.5,600,36.3,40,254,0
1218.1,3.61,90.0,600,49.2,30,107,0
1320.7,3.68,1.8,180,32.7,40,328,0
1197.5,13.0,118.5,505,52.9,40,191,1
1334.9,0.51,78.4,1285,41.3,40,139,0
1577.1,2.48,123.4,600,56.5,20,148,0
1561.1,4.39,15.7,714,24.7,30,115,0
1359.8,3.56,47.5,477,48.7,90,115,0
1563.3,7.73,6.9,600,32.2,40,312,0
1542.4,3.36,28.0,143,60.3,10,62,0
1354.4,0.84,8.7,787,40.8,50,875,0
1182.7,1.09,68.8,1788,15.5,20,122,1
1250.0,0.3,90.0,49,25.6,40,344,1
1451.4,0.3,83.4,20,17.8,30,5,0
1250.0,1.94,16.7,600,47.0,90,28,0
1379.7,2.35,64.4,2060,53.7,30,75,0
1559.5,0.5,51.8,418,37.0,40,356,0
1211.1,19.21,1.4,600,32.4,40,427,0
1250.0,1.31,90.0,835,45.5,10,60,0
1202.5,0.95,85.5,600,19.7,30,41,1
1452.4,1.85,44.6,556,35.7,30,117,0
1250.0,20.41,47.4,1120,30.9,90,84,0
1305.6,0.18,155.0,1213,20.2,40,273,1
1413.0,9.27,64.9,764,41.8,50,533,0
1305.3,1.58,155.0,244,42.5,30,108,1
1162.9,17.7,54.0,105,37.6,30,102,0
1456.8,5.75,82.9,1106,45.5,40,287,0
1564.1,2.45,31.9,600,22.2,40,430,0
1208.4,5.81,14.9,600,50.5,40,197,0
1657.4,19.08,22.1,928,25.3,40,350,0
1327.9,0.33,40.3,2077,16.5,50,1073,0
1582.3,3.37,22.6,405,54.7,10,40,0
1415.5,9.83,52.5,59,47.9,40,247,0
1174.2,16.59,4.8,239,35.0,40,193,0
1250.0,11.49,4.0,119,37.5,40,407,0
1750.9,2.98,10.3,3600,31.5,40,183,0
1250.0,10.09,90.0,4168,55.7,50,1549,0
1447.6,0.06,14.9,166,18.1,40,321,0
1109.0,1.95,5.3,600,31.3,20,59,0
1523.0,0.29,12.5,600,41.2,40,165,0
1376.9,1.29,52.8,3032,28.2,80,91,0
1163.5,0.5,77.0,181,52.9,40,353,1
1461.7,0.89,9.3,576,62.4,30,86,0
1340.2,0.11,50.0,92,51.8,40,307,0
1460.4,0.31,17.3,69,30.6,30,143,0
1419.2,0.5,41.2,600,33.7,30,114,0
1165.8,3.79,9.2,1780,33.3,40,306,0
1211.4,3.12,53.7,600,21.7,40,456,1
1122.3,2.66,14.8,184,29.8,10,108,0
1426.4,5.15,11.7,179,47.8,40,511,0
1411.2,1.72,3.9,1191,61.3,40,153,0
1124.3,0.98,70.2,44,54.0,40,317,1
1504.4,0.72,10.8,600,40.1,20,53,0
1136.0,2.69,59.4,444,36.5,30,39,1
1102.8,13.35,48.2,20,37.1,20,132,0
1100.0,3.24,36.7,751,32.7,20,83,1
1400.8,8.29,31.7,600,41.8,50,1228,0
1489.6,9.04,17.0,1088,58.1,40,408,0
1158.8,9.78,155.0,617,31.5,10,62,1
1537.3,2.37,28.5,938,24.9,30,66,0
1192.5,0.43,49.7,174,24.5,80,44,1
1214.9,4.58,90.0,696,61.5,40,227,1
1431.2,7.7,26.8,30,38.6,40,438,0
1585.2,0.19,47.7,2226,51.8,40,199,0
1145.8,0.32,115.6,338,43.6,10,76,1
1666.6,0.12,22.6,600,52.2,90,27,0
1147.7,9.34,113.5,600,35.7,10,11,1
1748.9,4.92,41.0,283,25.9,40,326,0
1235.3,22.0,11.1,771,56.3,10,0,0
1250.0,2.2,22.4,2382,28.1,40,537,0
1501.2,3.43,20.9,292,54.2,50,656,0
1250.0,0.34,35.8,252,21.7,40,264,0
1377.5,0.56,32.3,20,53.0,30,88,0
1494.8,0.51,49.4,117,48.1,40,489,0
1250.0,2.32,41.9,600,47.5,20,167,0
1250.0,3.3,9.7,291,23.5,90,72,0
1533.5,3.41,33.9,93,16.6,40,357,0
1293.4,0.19,56.5,20,40.3,30,92,0
1144.0,1.94,58.1,4151,33.8,30,161,0
1248.2,2.35,69.7,1357,32.9,30,10,0
1176.4,0.68,155.0,81,51.9,40,193,1
1323.9,6.71,74.6,600,24.9,40,220,0
1101.4,4.0,73.2,362,32.7,30,144,1
1592.2,8.87,7.8,188,47.4,50,1328,0
1516.0,5.0,11.3,2157,21.6,20,53,0
1156.8,20.9,30.3,177,15.0,30,104,0
1263.7,20.06,50.5,6000,19.2,30,116,0
1225.9,5.5,28.1,581,36.7,30,49,0
1618.7,3.15,23.2,1217,24.7,40,587,0
1119.0,0.68,67.8,600,45.8,40,358,1
1536.7,0.5,155.0,1101,15.0,10,130,0
1101.7,0.7,3.7,20,53.4,20,141,1
1250.0,0.98,6.8,600,29.3,20,118,0
1319.3,0.5,93.8,67,32.1,10,46,0
1506.8,3.52,4.7,600,58.1,20,79,0
1378.4,0.02,12.3,600,30.8,30,38,0
1250.0,5.86,11.7,1590,35.7,30,119,0
1100.0,7.34,52.2,614,61.8,40,365,1
1201.4,0.47,4.4,52,15.0,30,12,0
1431.5,0.22,34.8,778,24.5,40,235,0
1127.5,2.12,14.8,4604,65.0,10,125,0
1165.8,0.29,52.1,710,31.3,40,313,1
1418.4,6.99,90.0,600,20.2,40,307,0
1249.0,5.1,44.6,600,29.0,40,465,0
1524.0,14.91,68.8,1219,36.7,30,120,0
1302.6,1.73,0.5,800,33.2,30,0,0
1301.6,0.61,69.2,1106,58.7,40,389,1
1143.2,1.57,42.1,800,15.5,40,463,0
1141.4,0.31,84.3,1869,55.2,30,74,1
1383.1,0.5,47.3,343,34.0,80,114,1
1141.7,4.82,18.2,3985,29.5,40,305,0
1185.4,5.0,17.0,20,34.4,40,578,1
1170.2,0.65,154.1,330,28.6,10,51,1
1401.5,2.05,3.3,405,35.0,30,59,0
1172.9,14.78,66.2,362,28.9,40,333,0
1165.6,0.3,8.5,600,32.4,40,418,0
1282.5,2.17,88.6,1247,41.1,20,93,0
1252.7,0.16,4.9,6000,43.6,40,504,0
1491.2,5.87,14.9,1266,50.6,40,400,0
1394.6,0.62,11.7,78,54.7,30,81,0
1507.6,4.98,8.8,32,30.4,40,174,0
1705.9,4.22,32.5,740,39.1,30,60,0
1611.8,2.15,40.8,2548,54.2,40,423,0
1250.0,0.52,24.5,77,19.7,20,25,0
1162.9,2.07,42.6,446,41.3,40,270,1
1538.6,1.34,59.0,1042,32.9,30,88,0
1771.6,0.47,2.1,600,26.5,40,402,0
1177.2,0.5,14.0,2913,38.4,40,355,0
1141.5,7.08,38.5,1152,15.0,40,367,0
1250.0,11.21,16.8,1390,34.9,80,57,0
1517.6,5.39,138.3,760,56.7,20,75,0
1534.8,9.92,20.4,136,24.5,40,252,0
1182.7,12.38,40.0,800,44.7,30,116,0
1463.7,19.15,57.1,2902,55.8,90,80,0
1335.0,1.31,19.7,800,40.1,40,416,0
1173.9,2.56,6.1,976,38.9,40,261,0
1544.3,0.28,16.8,394,48.4,30,38,0
1282.6,6.16,26.7,600,15.0,30,25,0
1467.3,0.92,7.8,292,30.3,10,64,0
1335.1,3.86,10.6,437,34.0,40,390,0
1427.0,1.72,24.0,36,30.9,30,147,0
1162.4,9.82,2.6,794,45.5,30,47,0
1449.8,11.28,137.8,1499,45.0,40,306,0
1282.1,4.45,58.3,169,50.3,40,412,0
1466.1,3.81,56.7,1149,47.0,20,81,0
1113.6,2.95,40.1,2352,31.2,80,74,1
1100.0,2.49,8.0,800,21.6,10,43,0
1202.3,11.67,74.9,600,35.3,10,46,0
1159.5,1.08,36.2,25,44.6,40,456,1
1239.0,3.17,16.3,757,54.8,40,332,0
1405.5,1.21,5.7,509,19.5,80,120,0
1337.4,1.17,2.6,788,27.1,40,185,0
1250.0,0.44,5.2,600,32.1,80,56,0
1411.3,11.62,105.8,600,61.0,30,80,0
1128.2,1.99,13.5,6000,35.0,40,344,0
1297.0,0.84,11.8,20,57.0,90,99,0
1176.0,0.33,84.3,20,55.9,30,64,1
1274.6,3.05,118.0,93,30.9,10,20,1
1512.3,1.52,9.9,262,62.8,10,52,0
1566.3,1.3,62.1,143,23.2,50,1017,0
1337.4,2.85,53.5,600,20.3,40,265,0
1134.4,0.44,50.0,5324,26.2,40,518,0
1119.3,1.81,14.2,800,38.9,40,439,1
1420.5,3.69,124.1,2861,58.7,40,248,0
1286.4,7.57,11.3,333,54.0,40,316,0
1129.8,0.01,35.6,335,30.5,50,1392,1
1319.0,0.68,51.1,472,41.5,40,387,0
1259.9,0.81,132.7,600,41.6,40,179,1
1145.7,3.02,137.8,274,31.8,10,146,1
1382.7,8.62,155.0,1756,56.0,20,85,1
1314.7,1.14,18.4,1032,45.3,50,1174,0
1174.4,0.96,106.9,2274,48.0,30,143,1
1197.7,0.79,17.0,241,43.2,30,113,1
1412.0,0.6,26.9,202,31.6,40,460,0
1130.0,0.53,46.3,471,51.9,40,391,1
1181.5,1.36,59.4,139,44.3,10,141,1
1366.2,0.3,6.4,745,65.0,40,225,0
1527.3,1.04,17.5,247,25.8,40,352,0
1299.5,3.35,26.0,5064,44.2,50,1045,0
1645.2,2.29,10.0,48,37.0,40,218,0
1250.0,0.58,28.8,35,39.8,40,251,0
1145.6,1.23,28.0,94,27.7,30,101,1
1115.3,6.13,43.3,2323,60.0,10,115,0
1107.4,2.42,34.3,2582,50.3,10,36,0
1190.2,0.29,24.2,292,32.9,20,32,1
1311.6,5.03,52.0,57,29.6,80,130,1
1568.6,2.14,57.2,464,32.2,50,1420,0
1208.9,9.43,128.6,1724,59.9,40,263,1
1345.1,5.44,79.1,600,19.3,20,52,0
1394.9,4.96,2.5,54,15.7,20,38,0
1250.0,0.58,48.6,226,24.3,30,29,0
1187.2,0.82,10.7,313,21.5,50,1680,0
1207.8,0.28,6.7,4735,46.0,40,411,0
1166.8,10.86,74.9,623,36.5,40,349,1
1240.3,12.71,1.9,600,45.0,40,371,0
1487.6,1.77,1.0,600,31.0,40,228,0
1176.2,5.88,153.8,57,52.4,40,156,1
1190.7,1.16,45.6,21,34.3,10,0,0
1250.0,1.87,71.0,381,65.0,40,148,1
1250.0,0.5,139.2,716,46.9,50,485,1
1215.7,0.63,90.0,600,46.6,40,463,1
1627.8,13.99,90.0,100,15.4,40,236,0
1104.4,3.12,82.6,600,47.2,40,471,1
1100.0,1.15,28.6,600,43.6,30,77,1
1274.8,0.5,96.5,265,19.6,40,284,1
1334.8,0.76,33.3,317,53.0,20,25,0
1154.2,1.06,57.7,1479,57.8,90,56,1
1481.5,4.3,12.5,600,65.0,10,0,0
1653.7,0.82,67.8,3660,34.2,40,483,0
1250.0,6.07,67.1,4735,54.6,30,100,0
1554.4,1.08,20.3,732,25.1,10,48,0
1545.3,1.74,65.7,2009,62.9,40,339,0
1553.4,0.06,3.1,840,49.3,90,96,0
1654.7,8.87,16.9,800,46.1,40,193,0
1547.9,15.87,16.7,41,53.9,30,77,0
1169.3,0.58,25.6,1104,62.1,40,428,1
1131.0,5.88,19.1,426,22.6,10,73,0
1621.1,9.69,105.9,66,26.4,40,356,0
1219.3,3.28,95.5,1065,24.4,10,79,0
1164.1,0.83,39.2,477,35.8,40,217,1
1508.5,3.98,24.0,600,32.1,10,72,0
1318.1,0.03,66.4,600,35.0,10,130,0
1295.2,0.89,15.4,105,31.2,50,890,0
1250.0,4.78,64.4,600,57.6,80,32,1
1179.9,0.5,155.0,271,57.9,10,63,1
1596.9,0.35,34.8,600,43.8,30,44,0
1490.5,2.73,6.0,154,56.6,40,234,0
1139.2,0.21,10.8,354,36.4,40,333,1
1293.9,2.27,30.9,1021,31.7,80,114,0
1484.2,0.48,72.4,1568,49.5,30,119,0
1282.0,3.36,72.6,2176,47.3,10,86,0
1455.0,2.69,73.7,911,58.7,10,102,0
1200.6,12.07,42.4,679,57.6,40,238,0
1193.5,1.47,98.1,702,44.0,40,214,1
1352.7,0.52,1.8,20,58.9,40,545,0
1148.6,1.34,64.5,600,33.4,80,61,1
1304.4,0.06,12.1,93,42.7,30,68,0
1139.0,0.31,9.9,636,48.1,40,223,1
1250.0,4.43,64.8,1535,26.8,40,326,0
1250.0,1.79,11.9,132,26.3,40,517,0
1265.2,2.02,91.9,3464,51.1,40,468,0
1219.6,1.75,90.0,22,44.1,40,478,1
1179.9,0.41,19.1,111,57.9,40,298,1
1349.8,0.66,15.4,729,54.0,40,349,0
1239.9,1.66,9.5,757,56.5,30,8,0
1463.6,8.14,4.6,401,34.6,40,300,0
1319.4,0.5,32.3,358,30.4,40,215,0
1309.0,0.76,35.6,1702,26.1,20,82,0
1129.1,8.82,84.0,318,55.1,40,263,1
1463.0,1.4,59.8,224,39.0,40,333,0
1149.2,2.15,50.0,600,62.2,40,400,1
1424.8,1.64,18.1,2529,30.2,40,550,0
1372.3,5.97,59.9,600,31.7,40,306,0
1270.1,22.0,128.5,487,62.9,40,421,1
1123.5,5.25,28.8,223,53.6,30,89,0
1208.4,3.67,58.1,39,65.0,30,57,1
1538.9,0.32,155.0,600,30.1,30,44,0
1449.0,0.25,12.9,44,26.5,10,78,0
1390.9,0.65,53.0,781,23.8,40,430,0
1397.9,12.13,44.4,600,30.1,90,32,0
1171.4,0.45,27.4,1621,36.8,30,2,1
1555.5,1.88,155.0,2802,27.5,80,11,1
1180.8,5.44,80.8,2426,34.0,40,142,1
1198.4,2.61,47.2,1041,52.0,30,32,0
1307.4,4.16,69.8,2612,36.6,10,77,0
1345.1,0.53,25.8,57,17.3,40,448,0
1425.3,4.55,73.8,600,21.7,40,429,0
1515.2,2.91,33.8,339,32.0,30,94,0
1474.5,0.73,49.4,600,51.8,30,96,0
1299.4,2.78,10.0,5179,45.3,50,1075,0
1438.3,1.2,76.5,3796,36.2,20,84,0
1325.5,2.02,1.8,1161,26.8,40,425,0
1587.4,11.77,11.8,600,63.0,20,27,0
1125.2,1.15,108.3,749,33.7,40,288,1
1100.0,15.51,13.6,68,36.1,40,397,0
1599.1,0.8,19.9,43,43.0,40,360,0
1460.2,1.57,58.8,600,50.7,30,102,0
1189.8,1.51,90.0,4006,65.0,30,94,0
1338.4,3.99,40.0,600,30.4,40,648,0
1443.6,18.03,46.5,600,36.3,30,141,0
1200.7,5.67,31.7,600,31.8,40,505,0
1201.9,2.13,1.0,104,23.6,40,427,0
1250.0,0.68,155.0,855,36.3,40,261,1
1576.0,0.5,155.0,41,34.5,20,25,1
1577.6,0.35,96.3,3415,48.8,40,456,0
1250.0,4.86,24.3,190,42.1,40,356,0
1250.0,2.55,13.4,1149,34.3,30,121,0
1416.9,8.85,31.7,29,56.1,30,56,0
1590.7,9.23,10.0,600,40.7,30,83,0
1415.6,4.95,131.2,4053,46.5,40,234,0
1297.0,0.82,40.0,600,39.1,40,289,0
1542.4,19.3,9.8,1332,37.2,50,1171,0
1408.9,0.92,32.6,2286,21.4,40,393,0
1250.0,0.65,53.8,113,24.2,40,251,1
1605.6,7.75,17.2,153,18.7,90,65,0
1233.8,1.1,31.6,600,44.5,40,241,0
1478.3,11.52,3.2,600,65.0,40,442,0
1148.7,17.54,14.9,2075,25.8,50,1349,0
1454.5,2.74,24.1,1499,20.5,20,94,0
1252.9,0.8,69.0,90,26.0,20,22,0
1413.0,3.38,8.4,220,21.1,40,451,0
1525.0,1.11,55.8,191,23.1,50,757,0
1462.2,0.5,27.2,1712,34.4,10,46,0
1449.5,0.11,114.4,6000,21.4,40,200,0
1250.0,16.54,55.3,299,47.7,40,233,0
1250.0,1.47,3.5,31,50.2,40,313,0
1128.0,10.64,100.6,471,31.5,20,40,1
1204.2,1.52,4.9,632,19.1,90,3,0
1400.5,3.91,6.3,814,25.0,50,1134,0
1339.1,0.5,12.2,152,48.1,40,232,0
1149.9,0.05,45.5,1173,25.7,50,1514,0
1189.6,0.1,52.3,140,57.7,50,1079,1
1250.0,2.27,17.6,362,57.1,40,379,0
1536.2,8.09,19.7,20,30.2,80,82,0
1194.8,6.49,6.1,3459,59.4,90,0,0
1216.5,0.5,113.2,165,44.9,30,83,1
1609.8,0.07,90.0,187,24.8,10,78,0
1369.7,0.18,28.3,800,52.3,30,74,0
1642.4,0.28,19.9,52,48.3,40,483,0
1192.5,11.99,12.4,20,19.5,10,103,0
1250.0,0.36,17.3,178,20.1,20,41,0
1411.2,0.01,64.7,2247,24.4,90,108,0
1524.2,1.15,9.7,1119,48.0,40,377,0
1250.0,8.56,53.7,156,36.0,50,1167,0
1250.0,4.08,20.7,800,34.4,90,61,0
1505.0,4.5,108.4,25,22.9,30,133,0
1193.2,16.89,50.0,800,20.5,40,81,0
1509.4,16.18,146.0,712,45.5,20,77,0
1532.3,0.57,16.9,20,22.8,40,426,0
1714.0,2.28,107.2,600,46.8,30,96,0
1250.0,2.48,22.9,600,30.5,20,61,0
1612.4,1.35,13.3,439,32.0,10,79,0
1217.8,9.93,117.6,103,40.7,40,456,1
1449.1,0.61,118.8,208,37.2,80,79,1
1487.2,0.5,90.0,2564,31.0,20,93,0
1135.4,6.65,69.4,408,33.0,40,318,1
1119.5,2.81,25.3,368,55.9,40,251,1
1385.3,0.63,57.8,600,45.9,40,533,0
1421.0,0.52,34.1,6000,32.7,80,64,0
1578.7,3.42,22.2,3154,18.4,20,86,0
1250.4,16.14,13.3,436,52.5,10,165,0
1372.0,4.38,68.0,610,22.2,30,27,0
1185.7,8.59,34.4,600,38.7,40,304,1
1104.5,1.38,93.2,600,47.7,30,135,1
1109.0,2.89,9.0,600,30.6,20,105,0
1569.0,0.58,70.6,853,30.8,40,287,0
1541.6,0.9,63.5,137,38.2,20,11,0
1363.0,2.14,82.9,600,31.2,40,470,1
1187.7,3.17,26.7,151,35.0,90,61,1
1189.1,1.14,71.8,618,29.0,40,308,1
1301.3,0.72,24.2,1399,16.5,40,389,0
1634.7,0.5,137.8,248,30.5,30,137,0
1412.6,1.37,50.0,188,58.6,40,344,0
1406.3,1.54,17.8,24,65.0,40,368,0
1969.7,1.9,12.1,40,28.0,40,90,0
1297.0,1.82,44.8,154,54.3,40,337,0
1411.3,2.1,80.7,285,57.0,40,273,0
1250.0,0.38,10.6,1786,37.8,10,83,0
1315.1,0.72,2.8,826,59.7,10,47,0
1288.3,9.94,26.0,600,29.2,40,290,0
1157.5,14.18,155.0,600,49.9,30,102,1
1218.4,2.34,64.4,196,19.0,50,1086,0
1133.4,0.54,34.7,281,25.0,40,262,1
1153.6,2.08,22.6,73,38.5,40,412,0
1567.3,10.54,17.2,102,26.2,40,438,0
1614.1,4.42,60.3,6000,46.8,40,437,0
1418.1,2.95,81.6,1145,28.7,40,462,0
1506.8,0.93,36.7,600,29.1,40,282,0
1176.0,10.76,10.0,778,52.6,40,318,0
1250.0,2.6,4.5,739,53.9,80,136,1
1590.9,8.15,80.4,4693,29.1,50,981,0
1195.1,0.63,16.0,20,44.3,30,67,0
1163.8,22.0,14.5,600,50.6,40,290,0
1333.5,1.47,34.7,236,35.3,50,1237,0
1631.6,12.87,6.2,204,59.0,40,261,0
1105.6,6.27,74.2,112,55.5,40,255,1
1429.5,15.12,39.4,904,28.8,40,284,0
1280.7,8.08,5.7,1614,24.5,20,147,0
1182.2,1.67,33.3,618,26.0,10,64,0
1212.6,1.57,46.4,20,38.7,40,435,1
1486.2,0.51,44.8,80,54.6,40,654,0
1332.3,7.16,0.8,1872,35.6,20,62,0
1411.5,2.08,82.0,1386,58.0,40,458,0
1520.2,2.37,3.1,237,62.7,30,5,0
1449.1,0.7,35.2,109,34.9,50,776,0
1152.9,0.65,15.9,20,34.7,40,303,1
1498.1,18.54,28.3,600,62.0,40,314,0
1170.4,0.22,21.1,105,28.6,30,103,0
1165.2,0.49,61.5,600,34.5,40,200,1
1179.5,5.0,82.9,2421,58.1,80,121,1
1346.4,5.0,1.3,111,37.3,40,251,0
1226.0,4.43,56.6,2834,65.0,40,448,0
1463.4,1.98,10.2,600,29.8,40,421,0
1609.2,12.2,112.3,645,35.8,20,81,0
1250.0,10.35,54.8,73,30.1,10,31,0
1159.9,1.95,50.0,113,23.5,40,423,0
1599.3,0.88,66.9,77,30.1,20,15,0
1250.0,0.8,135.6,599,46.9,30,45,1
1176.0,0.58,3.4,223,41.6,40,458,0
1454.1,0.55,45.6,6000,35.9,40,441,0
1131.9,0.71,30.1,494,22.6,50,1088,0
1186.2,1.24,29.6,314,64.3,30,101,0
1294.5,1.05,30.7,28,54.7,90,47,0
1143.2,0.0,12.7,600,15.7,30,101,0
1202.1,5.54,88.2,735,44.8,40,398,1
1191.9,1.68,6.7,267,20.4,20,117,0
1694.2,2.03,31.6,618,45.8,40,366,0
1141.1,4.12,17.0,237,49.1,90,121,1
1365.0,0.5,24.8,159,45.5,40,220,0
1561.6,22.0,4.3,600,31.9,30,95,0
1213.3,18.51,30.7,114,31.9,40,616,0
1124.6,22.0,37.0,1339,46.1,40,251,0
1250.0,2.76,60.3,600,27.5,10,7,0
1212.9,1.68,45.5,191,17.8,50,1908,0
1556.5,16.6,38.5,281,65.0,30,68,0
1412.6,4.74,23.6,967,48.6,40,263,0
1415.1,8.43,13.2,123,53.0,30,122,0
1433.0,8.44,85.5,114,23.6,20,135,0
1196.8,7.66,30.4,58,33.6,50,1122,0
1277.9,0.81,8.9,600,47.9,10,103,0
1362.1,3.59,34.8,247,20.6,30,77,0
1424.9,11.67,38.4,800,27.1,40,107,0
1105.1,0.5,75.8,1841,36.4,30,97,1
1561.3,10.26,155.0,144,45.5,40,201,0
1383.2,0.81,34.1,178,49.8,40,426,0
1571.6,9.44,13.5,800,50.2,90,82,0
1173.3,1.57,12.5,1117,34.5,40,216,0
1163.3,15.54,20.7,503,15.0,90,90,0
1408.3,3.48,9.1,251,32.3,40,341,0
1235.4,3.47,31.2,892,15.9,30,138,0
1250.0,3.0,14.3,600,22.2,30,63,0
1269.5,2.27,155.0,1618,35.9,40,393,1
1343.2,1.36,83.1,277,34.6,40,412,1
1100.0,1.9,105.7,1082,35.8,30,35,1
1261.4,7.66,72.1,600,28.4,80,130,1
1142.8,0.11,15.5,800,26.5,10,75,0
1250.0,4.63,75.9,194,34.1,40,452,0
1250.0,3.09,35.0,800,31.1,40,278,0
1328.2,16.04,73.0,935,30.8,40,523,0
1623.3,0.14,69.0,211,24.3,30,61,0
1461.3,0.01,27.0,800,65.0,40,242,0
1411.5,0.27,38.0,2302,32.0,10,65,0
1178.0,0.78,90.0,799,55.3,40,316,1
1559.4,1.86,18.4,138,65.0,40,335,0
1441.9,1.48,11.2,69,28.0,50,1468,0
1481.0,0.75,6.9,690,23.4,30,79,0
1179.6,0.4,25.6,6000,43.1,40,423,0
1542.7,11.06,36.5,462,64.9,40,384,0
1391.1,13.2,12.1,130,28.4,40,446,0
1262.7,5.43,34.5,566,27.1,30,46,0
1250.0,1.98,48.4,600,37.1,30,85,0
1481.9,1.01,40.4,840,40.7,40,693,0
1537.6,6.34,28.3,745,38.4,90,127,0
1250.0,4.89,90.0,600,35.6,40,247,1
1176.7,0.54,42.6,605,51.1,80,60,1
1264.3,0.36,43.4,1019,36.0,40,332,0
1250.0,2.37,31.5,502,37.4,50,1779,0
1570.6,3.11,85.6,330,61.7,30,44,0
1261.8,0.5,110.6,4405,49.6,40,280,0
1643.8,1.13,150.1,184,34.3,40,306,1
1177.5,0.01,17.2,600,39.8,40,73,1
1455.8,6.58,143.1,276,21.4,40,338,1
1189.4,3.02,7.8,2432,16.1,30,48,0
1519.2,17.82,45.3,321,20.3,40,352,0
1612.3,1.51,90.0,249,26.3,30,114,0
1142.4,3.78,55.1,600,21.6,30,78,1
1430.1,1.1,80.2,269,26.4,30,0,0
1250.0,2.56,14.6,70,29.1,30,107,0
1510.5,0.07,71.9,600,55.2,40,413,0
1442.0,0.5,66.2,1212,20.2,40,420,0
1377.7,4.27,26.8,1015,57.0,30,120,0
1303.4,1.21,4.1,600,29.4,40,314,0
1528.1,1.3,60.7,600,56.2,30,90,0
1134.8,0.5,21.9,600,31.5,30,84,1
1250.0,4.01,12.7,128,17.7,40,314,0
1211.7,4.78,38.7,600,50.0,30,88,0
1371.5,4.61,155.0,429,25.4,40,453,1
1355.6,0.5,4.0,800,19.9,30,82,0
1475.7,3.7,62.7,2318,36.1,40,607,0
1296.9,2.27,43.3,600,44.1,30,60,0
1189.5,1.02,79.2,74,34.0,20,54,1
1130.2,3.26,4.5,333,26.6,30,44,0
1415.3,0.02,46.0,600,34.9,40,536,0
1132.8,1.13,20.3,600,52.7,20,62,0
1156.6,4.7,59.6,600,20.1,10,35,1
1449.5,0.59,78.1,962,27.6,10,64,0
1494.8,0.22,60.6,600,49.6,40,550,0
1420.4,6.78,71.1,2575,21.7,30,64,0
1170.0,3.54,17.2,1083,37.1,30,109,0
1296.8,2.56,77.6,337,46.9,90,55,1
1141.9,2.38,10.8,54,22.8,20,65,0
1100.0,3.49,60.7,2100,43.9,40,262,1
1517.4,2.92,36.9,143,54.8,90,98,0
1186.1,3.06,23.7,600,35.6,10,53,1
1164.3,1.09,155.0,1880,59.8,40,223,1
1254.4,1.8,24.5,37,25.9,30,116,0
1398.9,1.78,61.9,800,29.4,50,1612,0
1547.6,5.97,58.9,51,26.2,80,92,0
1190.6,4.18,37.6,123,34.1,30,73,0
1291.7,3.78,19.8,4124,40.6,30,37,0
1100.0,2.91,9.3,600,30.3,40,307,0
1663.4,1.57,23.8,2307,35.6,90,77,0
1430.1,7.04,62.1,90,22.7,30,81,0
1250.0,2.27,2.3,122,47.8,90,70,1
1145.3,1.03,53.8,3104,51.5,40,448,1
1375.2,3.88,8.0,981,60.3,30,135,0
1371.4,17.83,22.1,20,55.1,40,291,0
1419.9,0.59,123.1,1360,33.5,10,36,0
1471.8,2.7,83.2,80,20.4,40,504,0
1198.4,0.72,7.2,148,45.8,30,82,0
1483.7,1.24,32.5,133,65.0,40,639,0
1538.3,8.33,148.5,176,51.8,40,534,1
1327.3,0.29,36.5,235,54.5,40,355,0
1342.0,1.19,46.2,902,45.3,40,206,0
1509.0,2.86,90.0,600,56.7,40,422,0
1618.9,0.38,14.2,600,26.0,90,65,0
1479.5,1.44,49.1,69,33.3,40,44,0
1576.4,3.45,24.5,6000,31.3,40,173,0
1214.0,6.44,50.0,20,48.2,30,113,0
1266.4,8.51,15.9,600,31.7,10,69,0
1183.6,1.84,5.7,600,46.0,10,26,0
1487.5,22.0,5.5,600,32.5,40,396,0
1139.5,5.83,70.0,4670,52.6,40,499,1
1134.0,1.8,78.8,600,27.6,40,327,1
1250.0,0.02,24.7,227,42.4,90,108,0
1172.6,0.56,100.1,300,24.7,30,68,1
1139.7,6.27,90.0,875,54.9,40,217,1
1445.4,6.86,44.9,397,42.4,50,2028,0
1135.7,0.71,41.2,104,55.5,40,465,1
1240.1,1.48,4.4,600,46.0,40,494,0
1171.0,0.49,139.3,1552,38.5,80,116,1
1432.0,2.43,24.3,117,23.0,40,438,0
1355.7,0.26,126.9,800,39.2,40,221,1
1185.8,4.27,85.8,800,15.0,80,131,1
1518.5,0.5,58.9,800,60.2,40,304,0
1168.1,0.32,136.4,800,57.3,10,108,1
1115.8,1.0,96.2,302,60.3,40,241,1
1332.2,0.72,1.5,600,40.8,40,399,0
1332.1,11.53,90.0,600,42.3,10,27,0
1572.7,2.46,62.3,800,41.0,40,316,0
1237.7,0.76,106.1,212,31.7,40,478,1
1643.8,2.51,155.0,917,43.7,40,291,0
1453.6,5.06,78.9,600,21.4,30,127,0
1447.9,0.23,35.4,600,47.1,40,317,0
1480.6,2.34,12.2,251,42.6,40,431,0
1228.9,3.3,42.1,176,33.5,40,194,0
1648.5,0.49,41.1,1923,26.2,90,153,0
1458.7,0.37,17.7,271,44.5,90,37,0
1501.8,0.68,32.9,132,27.7,10,5,0
1214.6,11.22,66.5,99,56.4,30,116,0
1139.2,8.63,155.0,504,48.4,10,83,1
1451.1,0.23,116.1,800,44.2,40,390,1
1174.0,3.12,25.8,600,26.6,40,359,1
1515.4,1.98,110.0,1371,15.2,40,456,0
1454.9,3.88,81.5,70,40.5,10,95,0
1658.4,8.6,47.0,124,56.0,20,67,0
1430.8,0.18,35.9,600,62.3,20,61,0
1537.5,1.22,55.7,420,36.6,40,303,0
1177.1,8.49,22.4,986,26.0,40,277,0
1159.1,4.63,29.4,1490,45.8,30,0,0
1595.4,1.39,10.3,600,57.5,20,89,0
1356.0,1.55,40.7,2541,36.7,40,415,0
1199.5,1.04,58.8,140,62.1,50,1015,0
1267.1,1.46,138.1,127,33.5,30,45,1
1307.7,8.2,129.4,53,58.5,40,527,1
1425.0,0.5,62.5,600,45.0,10,62,0
1446.7,0.05,3.1,162,54.7,30,1,0
1125.2,5.24,21.4,682,39.9,40,448,0
1413.2,4.24,90.0,313,15.0,30,73,0
1407.2,0.5,80.3,1799,47.0,40,218,0
1446.7,13.07,63.8,4241,40.2,80,78,0
1259.2,4.37,49.7,600,19.6,40,512,0
1205.5,1.0,66.1,348,34.2,40,295,0
1602.6,0.29,10.7,1262,39.4,30,107,0
1509.3,1.97,16.4,165,28.5,20,133,0
1408.7,2.51,48.9,722,30.5,40,454,0
1552.0,9.84,65.3,526,21.2,10,50,0
1250.0,22.0,90.0,195,29.7,10,146,0
1499.5,3.1,90.3,1749,32.1,10,123,0
1104.4,2.35,25.7,131,37.1,30,47,0
1100.0,3.99,107.1,600,33.2,40,403,1
1552.8,3.06,46.4,605,30.1,50,598,0
1478.5,14.71,11.7,600,41.5,90,93,0
1453.5,2.07,61.9,1297,29.9,40,392,0
1477.5,4.33,32.7,411,53.6,20,173,0
1446.5,0.21,35.4,2332,28.2,30,106,0
1250.0,11.13,155.0,3262,51.9,20,46,0
1850.8,4.4,4.5,409,48.6,10,122,0
1350.5,22.0,64.8,729,56.7,40,206,0
1168.1,5.5,52.7,600,28.0,50,1410,0
1537.5,0.27,35.1,2349,34.3,40,217,0
1573.4,1.45,90.0,600,25.2,40,252,0
1581.5,9.79,3.2,1176,36.6,40,540,0
1250.0,3.31,83.2,776,34.0,40,541,0
1411.0,0.5,26.9,107,25.5,80,85,0
1372.3,0.27,96.6,600,25.0,40,441,0
1208.0,6.32,12.8,600,38.7,40,489,0
1100.0,4.15,6.4,490,48.8,30,110,0
1456.1,0.89,10.0,1281,20.2,10,1,0
1754.9,0.78,25.2,1036,42.7,40,380,0
1179.0,0.5,15.9,600,56.7,20,65,1
1528.8,4.89,40.8,67,30.6,40,294,0
1147.4,2.67,32.0,3042,31.7,40,368,0
1276.4,11.0,90.0,35,29.0,40,373,0
1630.5,0.58,3.9,2823,43.8,10,151,0
1100.0,0.56,47.4,2905,64.7,10,114,0
1500.2,0.5,4.8,176,30.5,40,505,0
1153.3,10.21,34.7,875,33.7,40,236,0
1334.8,5.76,21.7,446,31.9,20,152,0
1175.1,9.09,25.4,61,23.3,90,77,1
1493.8,10.89,7.9,779,26.1,40,109,0
1173.9,1.89,11.4,106,34.5,40,493,1
1627.4,0.59,44.9,941,41.3,40,504,0
1514.0,1.94,18.9,230,36.6,20,50,0
1204.2,2.02,3.8,467,23.5,90,44,0
1544.8,0.78,24.7,1925,35.8,90,116,0
1171.7,6.85,71.7,600,31.3,40,315,1
1100.6,1.66,155.0,1161,36.8,40,291,1
1126.2,0.5,54.9,600,29.7,40,405,1
1128.3,0.01,2.1,4418,35.3,40,304,0
1186.3,0.42,18.9,20,19.5,40,400,0
1407.1,0.5,19.9,32,51.8,40,550,0
1657.3,2.15,2.9,219,38.2,30,113,0
1301.4,0.03,33.9,1503,39.9,40,365,0
1493.7,1.09,58.8,800,41.8,40,281,0
1447.2,2.43,84.1,1272,44.6,30,72,0
1489.7,0.64,28.0,541,42.5,40,150,0
1384.8,0.15,56.3,305,55.2,40,535,0
1330.2,2.45,34.7,600,25.5,40,235,0
1309.3,4.09,57.3,600,58.2,20,165,0
1229.8,0.89,87.4,2685,38.8,40,337,0
1507.7,0.63,42.0,304,46.8,40,393,0
1506.2,0.13,17.2,600,21.0,40,509,0
1250.0,2.72,31.0,4361,64.0,40,379,0
1120.4,0.68,90.0,600,29.6,40,461,1
1459.3,0.5,40.7,600,55.8,30,155,0
1100.0,10.84,19.7,600,35.8,30,96,0
1470.5,0.6,155.0,600,51.6,10,55,1
1342.9,2.51,2.6,535,31.8,40,411,0
1156.9,3.99,96.4,44,32.9,40,184,1
1649.4,3.18,7.5,3512,55.6,40,589,0
1250.0,0.98,72.6,169,53.7,30,115,0
1479.4,0.12,50.0,281,20.6,30,63,0
1352.4,5.19,24.4,600,49.2,20,62,0
1250.0,2.01,36.6,600,16.0,10,37,0
1250.0,6.26,46.5,283,54.9,40,163,0
1301.8,0.38,67.7,600,16.8,20,78,0
1325.0,0.05,7.5,4648,33.8,40,232,0
1187.2,2.25,45.7,600,37.4,90,76,1
1553.0,3.21,45.2,600,54.3,10,124,0
1526.0,4.46,8.9,600,35.3,50,1020,0
1161.8,0.29,64.9,215,20.7,40,227,1
1250.0,12.52,57.5,45,36.8,50,1589,0
1410.9,0.23,19.1,32,46.4,20,62,0
1177.6,0.67,63.3,1773,21.6,50,751,0
1742.5,0.5,113.4,768,44.5,90,119,0
1250.0,1.21,66.5,20,29.5,50,1731,0
1231.2,2.89,59.5,56,26.9,40,254,0
1523.5,0.05,89.7,1900,31.7,10,43,0
1388.6,0.5,8.0,230,42.8,30,59,0
1157.3,0.05,88.1,1887,57.1,80,105,1
1403.9,0.61,12.7,800,38.0,30,1,0
1491.6,0.56,36.1,123,29.4,30,152,0
1465.4,13.05,34.4,281,28.3,10,130,0
1504.6,0.38,61.3,440,36.2,40,525,0
1387.7,0.38,71.4,99,17.0,40,247,0
1250.0,0.33,24.0,600,30.0,90,84,1
1147.7,0.31,3.8,600,37.3,50,991,0
1100.0,3.06,94.3,600,21.8,40,402,1
1440.3,0.5,8.5,600,19.7,40,342,0
1212.3,3.24,28.9,2209,31.8,40,196,0
1550.1,3.08,32.7,2511,47.2,20,61,0
1374.1,10.97,94.0,134,34.6,50,1297,0
1463.1,1.67,76.1,600,33.5,40,204,0
1419.0,11.56,36.3,600,45.7,40,245,0
1160.5,0.5,33.5,1746,49.8,10,59,0
1172.8,8.76,18.2,287,28.6,40,63,0
1250.0,0.1,90.0,881,65.0,30,133,0
1250.0,2.99,129.9,20,25.4,30,123,1
1356.5,1.28,61.9,25,36.9,50,1774,0
1377.5,5.99,112.8,1392,56.3,20,127,0
1250.0,2.59,4.4,800,30.2,40,274,0
1203.7,1.6,90.0,665,19.6,40,351,1
1384.1,8.57,25.7,59,53.0,40,368,0
1549.3,5.92,37.2,196,36.5,40,327,0
1187.7,0.89,1.1,600,27.7,50,1828,0
1609.8,3.24,45.3,600,25.8,20,98,0
1303.1,0.85,35.5,800,35.8,80,65,1
1278.5,0.28,155.0,3560,20.9,10,0,1
1298.2,22.0,15.6,248,60.9,30,72,0
1499.9,2.16,19.0,96,27.2,10,19,0
1222.5,4.62,19.3,2191,54.2,80,80,0
1267.1,0.07,42.1,451,55.5,40,189,0
1464.9,5.24,18.3,442,25.4,30,101,0
1790.2,0.5,108.2,793,28.3,20,134,0
1569.8,13.81,58.4,145,41.5,20,11,0
1577.4,10.48,24.7,688,36.3,40,109,0
1164.6,5.49,9.9,77,63.5,10,68,0
1538.8,3.35,58.3,829,38.6,40,420,0
1470.2,2.35,32.5,62,39.2,40,445,0
1164.1,0.36,12.3,20,46.9,40,186,1
1217.1,4.25,147.8,1056,39.7,40,311,1
1126.4,1.21,58.0,6000,22.5,30,109,0
1585.3,1.74,37.2,352,17.3,10,141,0
1152.3,4.49,78.6,563,55.1,40,503,1
1457.1,0.26,13.3,1162,32.4,40,433,0
1405.5,8.67,25.7,1332,53.2,40,330,0
1558.6,0.26,98.9,1412,49.1,40,470,0
1250.0,1.87,14.1,600,35.0,40,492,0
1387.2,0.35,67.6,976,28.8,20,79,0
1560.2,0.61,15.7,1651,33.4,40,278,0
1100.0,0.5,58.9,36,55.0,30,124,1
1181.4,1.31,9.5,119,56.5,40,321,1
1180.6,1.01,64.6,4678,50.3,20,12,0
1219.4,1.39,8.5,600,35.3,20,43,0
1227.1,0.05,22.7,600,51.2,50,1231,0
1469.8,0.5,11.0,1019,51.3,10,104,0
1361.9,7.73,17.5,54,47.1,30,97,0
1473.1,2.56,57.8,1346,25.9,90,108,0
1195.3,22.0,0.9,1703,48.8,40,380,0
1458.0,1.01,56.8,800,15.0,40,333,0
1185.4,0.81,0.7,1569,28.2,40,314,0
1271.0,3.86,15.7,600,17.9,40,368,0
1343.6,1.83,7.7,1276,30.9,30,76,0
1176.2,0.48,25.0,30,24.3,40,358,0
1465.2,3.22,21.3,600,29.2,40,344,0
1361.8,0.93,38.0,151,29.2,50,1067,0
1397.2,1.01,5.0,197,63.2,30,5,0
1187.9,11.92,90.0,5521,40.5,30,72,0
1344.6,11.97,14.2,76,27.5,30,81,0
1123.6,0.03,0.9,45,31.7,40,331,1
1402.5,0.35,90.0,1765,53.8,30,69,0
1175.5,6.53,32.2,600,26.2,50,740,0
1250.0,0.04,9.8,1248,21.3,90,77,0
1190.2,0.16,27.1,600,18.9,40,166,0
1529.6,15.43,33.6,6000,50.5,90,32,0
1166.3,0.11,12.7,5806,48.1,30,49,0
1121.0,0.5,3.4,90,47.2,40,322,1
1401.2,0.64,44.1,2423,44.5,40,289,0
1250.0,0.5,51.3,3601,31.8,30,20,0
1195.9,0.53,15.9,333,32.0,30,139,0
1145.4,0.25,33.0,1570,50.0,40,296,1
1303.0,0.3,5.2,382,47.3,40,492,0
1588.0,0.75,46.7,2371,42.2,50,764,0
1595.8,0.52,76.0,800,34.9,40,585,0
1250.0,2.78,23.1,637,35.8,40,150,0
1250.0,3.03,90.0,669,25.9,30,103,0
1590.5,6.92,90.0,653,34.5,40,230,0
1110.6,2.25,48.6,2733,35.6,40,354,1
1134.5,0.66,18.5,74,42.9,30,60,1
1491.0,4.08,20.9,20,41.8,90,97,0
1574.6,1.15,62.6,849,32.8,40,256,0
1702.1,1.27,17.1,600,40.1,40,542,0
1156.6,4.25,46.5,600,62.2,40,230,1
1341.8,1.54,72.0,1089,26.1,80,73,1
1250.0,22.0,103.3,71,52.0,20,44,0
1167.1,1.35,10.0,800,36.7,40,295,0
1573.6,11.75,82.8,600,48.8,10,92,0
1437.7,0.06,19.5,33,21.7,20,95,0
1124.6,1.36,26.7,201,48.5,30,95,1
1619.4,0.99,90.0,117,27.6,40,360,0
1392.3,12.06,4.6,173,52.1,40,539,0
1626.2,1.56,39.8,453,45.6,40,170,0
1411.2,1.75,16.6,969,25.3,40,619,0
1199.5,0.61,14.5,223,15.0,80,151,1
1150.8,0.94,55.4,181,40.4,40,398,1
1267.3,2.6,9.2,1277,36.6,10,98,0
1401.9,1.0,52.3,2715,51.2,20,49,0
1405.4,1.26,78.0,166,15.0,10,53,0
1118.0,15.88,55.2,600,50.2,10,149,0
1452.7,0.88,2.5,797,31.7,30,108,0
1356.1,0.49,11.9,34,40.8,40,532,0
1269.8,6.15,47.5,4943,28.7,30,35,0
1187.4,8.91,37.7,600,25.0,30,21,0
1133.3,1.72,49.7,600,32.3,30,122,1
1729.8,6.53,10.2,276,37.0,40,490,0
1712.4,0.2,47.8,6000,35.1,50,1155,0
1470.6,6.96,18.5,1432,25.2,90,149,0
1527.6,1.3,42.2,600,26.2,40,220,0
1328.7,3.05,11.0,20,36.0,40,331,0
1194.5,0.28,7.3,710,29.9,40,210,0
1140.5,0.35,8.3,488,39.0,40,391,0
1517.0,2.36,51.8,1145,64.4,40,443,0
1250.0,1.52,7.1,837,29.4,40,303,0
1513.2,1.56,16.4,1657,45.9,40,378,0
1191.0,22.0,58.4,4116,22.1,90,137,0
1383.2,0.39,41.9,107,50.5,10,114,0
1565.1,2.41,13.5,20,15.3,40,337,0
1509.0,8.97,15.9,416,17.9,30,75,0
1250.0,4.73,60.3,1515,58.5,40,297,0
1552.3,1.23,17.5,3032,59.7,20,133,0
1512.7,3.7,41.6,128,43.8,40,258,0
1397.7,2.79,12.1,1579,52.9,40,402,0
1540.1,0.56,10.5,29,27.3,40,341,0
1585.8,22.0,13.7,20,15.4,40,422,0
1250.0,1.87,11.1,6000,35.3,40,473,0
1151.7,0.1,58.8,784,15.0,40,224,1
1179.5,5.22,76.7,2660,48.6,40,250,1
1133.3,0.3,13.0,1578,61.9,50,614,0
1106.3,0.53,43.3,600,30.3,40,319,1
1318.0,4.04,147.4,772,54.1,20,121,1
1272.9,0.35,26.3,224,54.8,40,360,0
1302.6,2.34,26.6,1734,56.4,10,83,0
1632.9,3.81,116.3,1355,25.2,30,169,0
1137.9,0.52,138.3,2394,62.6,40,380,1
1130.2,1.33,10.9,633,36.5,50,1831,0
1143.8,4.79,79.2,57,21.7,20,198,1
1250.0,1.14,12.4,2271,35.0,40,337,0
1295.8,1.88,50.0,600,45.4,20,136,0
1250.0,6.39,7.6,222,30.7,80,105,0
1177.9,2.18,7.8,353,54.0,40,349,1
1178.2,4.2,155.0,600,15.0,40,148,1
1151.5,3.81,26.0,1197,41.0,40,437,1
1179.1,0.5,155.0,654,23.8,30,77,1
1725.8,1.07,155.0,98,55.7,50,447,0
1242.0,13.62,52.9,3022,50.7,40,317,0
1337.1,0.2,13.7,4666,27.8,40,398,0
1500.0,5.09,14.0,600,20.4,40,446,0
1358.9,0.54,73.3,92,23.2,50,1451,0
1563.0,8.25,2.0,135,18.8,10,81,0
1175.1,2.4,93.6,3365,15.0,30,104,1
1499.3,0.5,1.5,3338,30.6,40,302,0
1250.0,3.17,60.6,50,26.9,10,69,0
1593.1,0.24,25.5,405,61.1,40,434,0
1190.4,3.34,19.5,971,27.9,40,284,0
1301.5,1.14,78.4,2118,31.9,30,38,0
1295.0,2.85,50.4,270,24.0,40,270,0
1155.6,1.43,15.1,600,27.6,40,261,1
1183.9,0.45,12.5,42,47.1,40,412,0
1557.0,0.5,9.8,243,50.8,20,12,0
1256.5,1.89,29.2,274,21.2,30,113,0
1312.2,0.63,113.1,600,65.0,90,84,1
1219.8,3.16,34.2,1540,21.1,10,56,0
1112.4,4.3,45.3,662,19.7,20,63,0
1199.9,0.98,27.2,60,18.1,90,42,1
1161.0,0.21,90.0,1461,51.9,50,1170,1
1209.8,15.39,52.5,465,50.0,40,488,0
1505.2,0.7,74.8,85,54.5,20,151,0
1537.9,0.5,10.6,600,57.5,30,94,0
1162.0,12.16,146.0,823,42.7,20,87,1
1189.2,0.69,94.4,72,51.7,40,489,1
1324.6,0.5,125.1,600,59.3,30,43,1
1474.1,0.03,76.6,74,50.0,10,81,0
1128.8,0.74,28.4,2085,54.4,30,39,0
1144.1,1.41,26.2,1051,36.2,50,921,0
1121.1,1.37,40.2,1829,26.1,40,108,1
1100.0,14.52,55.4,413,35.4,40,269,1
1111.8,0.5,5.5,175,27.7,10,170,0
1141.5,0.42,40.0,139,21.3,50,1925,1
1560.8,2.81,28.5,1817,50.2,40,439,0
1517.4,9.27,6.0,600,17.6,40,255,0
1564.1,4.66,47.2,22,46.0,80,72,0
1454.0,1.05,32.5,1466,31.6,10,74,0
1199.7,1.37,40.0,48,57.2,40,411,1
1150.5,9.25,40.3,3104,51.9,40,384,0
1211.0,4.79,36.6,800,53.9,10,88,0
1110.0,1.97,56.9,75,26.0,30,79,0
1271.8,9.23,28.1,192,47.6,90,56,0
1678.9,7.58,30.5,985,54.1,30,38,0
1250.0,0.59,50.2,2440,24.4,40,72,0
1188.1,0.64,7.0,20,54.2,40,427,0
1170.5,0.02,8.1,600,29.2,30,30,0
1364.3,1.57,10.6,600,59.8,40,588,0
1163.2,4.72,90.1,344,37.9,10,117,1
1465.4,5.46,56.3,600,58.2,20,65,0
1263.6,1.6,12.2,74,32.7,50,1038,0
1338.7,1.73,19.2,27,30.4,40,414,0
1102.9,7.75,84.2,350,31.6,30,37,1
1295.7,1.06,38.0,600,26.3,30,22,0
1206.2,1.2,7.8,653,39.1,40,371,0
1198.6,4.77,38.2,144,15.0,30,99,0
1250.0,2.82,88.9,600,30.0,40,209,1
1250.0,2.73,83.5,1970,46.1,10,59,0
1365.2,0.7,82.2,48,41.5,50,563,0
1445.6,3.4,50.5,455,19.3,30,143,0
1465.1,1.1,11.0,600,37.8,50,1639,0
1176.7,0.7,75.2,431,44.5,40,192,1
1261.7,7.09,17.8,155,21.4,40,296,0
1712.0,0.02,50.0,1271,43.1,40,203,0
1161.7,2.34,155.0,600,45.0,30,102,1
1156.6,1.87,25.1,2999,35.2,40,362,0
1550.6,12.59,43.5,4939,26.5,40,343,0
1164.7,3.43,40.8,1512,57.3,40,445,1
1574.2,6.99,93.2,58,18.3,40,442,0
1100.0,4.79,73.6,468,39.0,30,62,1
1143.5,1.05,82.8,844,40.7,30,46,1
1511.3,0.95,19.5,46,42.0,40,236,0
1378.4,0.11,49.4,600,59.4,10,24,0
1250.0,1.31,3.3,198,58.1,80,52,1
1144.4,1.06,22.4,1738,47.3,40,423,1
1250.0,0.21,65.7,169,31.7,40,344,0
1446.5,2.05,27.3,20,48.7,10,102,0
1250.0,1.17,35.1,311,25.7,40,657,0
1329.3,0.82,5.6,1586,33.4,10,65,0
1172.2,7.81,19.4,600,27.2,40,322,0
1410.7,0.6,51.3,563,51.5,10,125,0
1494.7,2.24,16.7,858,28.6,40,388,0
1376.1,1.17,80.3,287,41.6,40,486,1
1173.6,0.06,106.1,167,35.4,40,290,1
1322.6,2.16,64.5,600,49.0,20,170,0
1571.4,2.6,29.4,600,29.2,10,22,0
1283.4,1.3,10.7,600,23.9,30,40,0
1193.9,0.26,57.8,42,58.2,40,366,1
1250.0,1.67,3.6,218,21.1,30,30,0
1226.9,1.85,85.3,4331,56.4,10,52,0
1671.8,1.05,29.9,292,45.9,30,98,0
1306.3,1.19,89.8,306,47.9,40,398,1
1212.0,0.1,90.0,20,26.9,40,216,1
1268.0,8.04,22.7,130,18.8,90,79,0
1165.7,0.85,51.5,20,32.3,40,309,1
1412.3,2.96,6.4,800,24.2,30,86,0
1660.7,2.42,90.0,3782,60.6,40,329,0
1286.9,0.5,68.7,216,39.7,40,316,1
1153.1,1.73,77.2,311,17.9,40,382,1
1435.5,10.2,31.5,2209,39.8,80,107,0
1112.9,2.21,47.4,20,60.2,40,306,1
1516.1,0.83,10.0,346,33.4,40,361,0
1470.6,4.29,108.9,53,50.0,40,378,0
1653.4,14.33,86.9,1752,27.1,40,288,0
1674.9,12.73,52.3,323,54.1,40,302,0
1250.0,0.5,8.6,553,64.8,10,0,0
1569.1,0.5,0.6,401,31.2,90,57,0
1497.3,3.26,155.0,600,27.2,30,85,1
1291.7,1.55,27.3,314,40.8,30,165,0
1413.1,4.2,127.4,223,52.7,90,32,1
1123.5,1.54,20.2,201,24.9,50,1340,0
1328.9,0.5,155.0,3091,30.7,30,37,0
1350.0,8.12,155.0,2163,45.1,30,115,0
1569.9,3.81,7.3,254,53.0,40,305,0
1413.2,0.71,75.0,240,60.2,30,0,0
1259.3,5.56,25.2,1383,31.8,30,64,0
1392.3,0.52,4.8,1496,64.3,90,76,0
1100.0,11.98,84.1,614,38.3,40,389,1
1402.7,0.57,28.2,1313,51.2,40,308,0
1456.4,17.57,72.8,1819,62.0,40,407,0
1100.0,5.0,6.8,1393,64.5,40,374,1
1133.8,1.72,52.6,600,38.2,50,1531,1
1250.0,0.33,25.8,79,53.6,40,221,0
1223.0,1.58,57.3,104,41.0,40,315,0
1133.4,3.65,24.0,144,35.0,40,470,1
1336.2,1.37,50.5,1264,56.6,80,114,1
1658.0,22.0,54.0,1264,43.1,40,74,0
1426.1,3.5,56.2,659,58.8,50,1355,0
1374.4,0.68,10.7,197,39.0,10,37,0
1347.4,0.88,1.5,644,21.6,20,94,0
1351.1,3.27,18.2,2662,43.1,20,40,0
1380.8,9.1,90.1,800,38.4,20,86,0
1250.0,11.35,55.7,3253,28.9,10,85,0
1204.8,1.4,155.0,100,33.5,20,123,1
1463.0,4.32,60.2,600,60.1,90,135,0
1515.4,1.72,22.6,800,48.0,30,0,0
1100.2,1.82,76.4,600,47.3,40,459,1
1192.0,22.0,1.3,1928,65.0,40,276,0
1334.3,3.92,79.5,600,64.6,10,126,0
1491.8,3.94,28.0,600,24.3,30,79,0
1167.3,0.98,17.3,531,23.3,20,126,0
1136.8,0.22,54.3,1300,24.5,10,90,1
1543.5,1.47,3.5,56,16.7,90,26,0
1306.7,13.32,25.5,600,18.2,50,1399,0
1225.5,0.71,33.5,1900,27.9,50,1693,0
1431.6,0.67,18.9,600,26.1,50,746,0
1172.7,0.4,10.0,600,61.9,20,82,0
1102.1,1.62,76.0,2392,29.9,40,346,1
1550.0,0.43,155.0,600,65.0,40,520,1
1392.8,0.62,10.0,658,56.0,80,125,0
1266.6,2.99,155.0,59,49.0,30,86,1
1588.1,3.72,53.8,800,21.7,40,114,0
1657.9,1.2,28.9,447,34.8,30,92,0
1283.7,17.54,27.1,817,35.0,30,63,0
1140.2,0.88,33.9,529,58.5,40,201,1
1128.2,22.0,23.5,600,60.0,20,99,0
1311.8,7.78,94.2,20,38.8,40,480,1
1380.9,1.93,9.0,1070,42.2,40,359,0
1297.8,1.56,1.0,600,39.2,20,72,0
1391.6,1.7,63.9,600,32.8,30,85,0
1652.6,0.13,35.0,316,18.8,90,56,0
1104.9,8.82,67.4,247,18.7,40,454,1
1310.6,6.98,7.5,22,35.4,40,222,0
1497.8,2.46,65.6,344,16.4,50,1756,0
1187.5,4.1,7.5,854,48.9,10,115,0
1149.6,2.28,1.2,2736,28.3,10,85,0
1209.9,3.31,85.9,368,47.7,20,92,1
1422.7,8.8,4.5,27,59.2,40,410,0
1431.4,3.83,37.6,2905,44.0,40,316,0
1162.4,1.4,3.4,600,40.3,10,53,0
1250.0,0.5,13.8,80,33.7,10,82,0
1470.3,0.8,44.3,600,34.3,40,462,0
1120.5,0.18,78.9,259,31.4,40,209,1
1309.5,9.24,49.3,520,59.3,90,21,0
1383.0,0.17,39.5,3604,49.5,30,3,0
1100.0,6.46,82.1,600,15.0,40,241,1
1327.6,2.41,18.8,1072,57.3,40,555,0
1185.0,0.01,47.4,70,59.3,50,758,0
1199.2,4.51,41.6,889,32.3,30,59,0
1285.2,10.51,29.7,20,31.4,20,103,0
1335.4,0.48,5.3,2481,42.1,30,134,0
1513.2,1.69,99.5,6000,58.0,40,271,0
1385.1,0.63,155.0,5349,55.2,40,456,0
1153.8,5.43,40.0,1894,60.9,40,631,0
1159.0,14.81,155.0,600,54.4,10,87,1
1452.7,0.9,46.4,600,25.3,30,155,0
1101.0,6.55,77.6,600,19.5,30,34,1
1292.6,7.93,72.9,214,28.4,50,1239,0
1759.7,12.79,12.6,1210,59.7,40,484,0
1531.0,0.82,65.7,1660,30.6,40,263,0
1141.1,1.12,44.0,1161,30.6,40,322,1
1567.6,2.66,19.8,1532,57.4,10,57,0
1528.6,0.65,85.9,540,55.8,40,404,0
1402.7,0.86,101.3,656,18.5,10,60,0
1438.3,1.67,40.1,2602,57.3,40,339,0
1250.0,5.51,35.9,27,17.8,40,280,0
1521.2,1.85,20.4,337,43.6,30,31,0
1100.0,1.41,38.0,28,20.1,30,98,1
1156.3,2.1,42.5,600,51.8,10,71,1
1121.5,1.12,42.5,1431,63.7,30,26,1
1136.8,7.65,15.8,1699,36.8,90,92,1
1322.8,22.0,11.7,337,44.0,40,214,0
1595.4,0.5,50.0,6000,25.5,40,203,0
1367.9,0.74,25.5,2052,19.2,40,201,0
1180.0,11.5,50.0,20,21.2,40,277,0
1175.5,10.62,18.2,613,43.2,30,84,0
1106.6,14.91,6.9,1263,31.3,20,7,0
1148.8,1.49,1.6,1097,59.5,40,417,1
1300.7,0.5,7.6,2311,37.2,40,537,0
1121.6,2.26,36.5,1650,29.5,80,42,1
1186.2,1.47,10.5,600,24.2,10,24,0
1565.5,0.5,126.6,315,38.2,10,41,0
1634.0,1.6,10.0,460,43.4,50,1982,0
1250.0,0.92,16.8,135,51.8,40,557,0
1285.1,0.45,61.8,1912,42.4,90,26,0
1139.9,1.63,90.0,236,37.2,40,484,1
1517.8,5.2,10.0,339,34.6,40,141,0
1495.7,1.06,117.0,524,40.3,30,68,0
1108.8,0.6,9.1,282,18.4,20,53,0
1250.0,1.51,10.0,20,29.8,30,63,0
1490.0,0.72,24.9,600,47.4,10,152,0
1572.0,0.5,95.9,681,28.7,40,419,0
1571.2,0.13,155.0,172,18.5,40,237,1
1114.2,0.88,5.9,163,52.7,30,96,1
1250.0,0.67,62.9,965,64.1,10,42,0
1338.2,2.23,40.6,204,32.5,90,91,0
1380.1,1.17,19.7,287,31.3,20,102,0
1479.0,0.76,61.5,257,46.4,40,327,0
1367.4,0.03,54.8,2856,60.8,40,207,0
1250.0,2.61,5.9,600,31.1,30,152,0
1356.5,0.41,4.9,600,38.8,40,384,0
1236.8,1.95,18.9,2322,30.4,40,438,0
1444.3,14.42,23.2,41,37.7,30,68,0
1477.8,2.99,30.8,1327,36.9,50,1242,0
1394.4,1.75,31.0,148,24.1,40,346,0
1476.6,8.58,142.4,862,34.5,40,412,1
1150.5,4.26,5.8,3490,50.5,40,464,0
1148.5,6.58,3.0,2653,28.1,30,91,0
1552.4,11.62,57.7,671,20.5,30,0,0
1351.6,0.79,31.2,3335,29.1,10,117,0
1531.7,0.97,155.0,800,35.4,30,64,0
1474.2,3.68,97.1,160,26.2,30,101,0
1399.7,0.16,90.0,686,26.7,10,117,0
1855.4,2.99,18.4,828,64.7,10,88,0
1250.0,0.48,39.5,600,21.4,30,0,0
1545.6,4.24,32.3,2710,28.9,40,359,0
1250.0,6.79,3.2,119,18.8,20,152,0
1283.6,13.93,19.2,600,38.7,40,464,0
1310.1,5.22,90.0,296,50.9,40,278,1
1195.7,3.07,27.3,606,47.8,40,334,0
1191.7,0.22,81.5,957,28.2,40,186,1
1211.3,0.02,5.4,800,22.4,80,77,0
1217.6,7.37,42.0,273,22.9,40,478,0
1267.3,0.67,19.1,20,20.9,10,106,0
1484.1,0.54,105.6,1596,42.3,30,0,0
1270.2,3.38,1.3,151,53.7,40,345,0
1168.9,2.56,59.2,915,16.0,40,368,0
1469.4,0.5,10.6,600,61.2,40,481,0
1361.6,1.17,3.9,1617,28.9,40,474,0
1355.0,0.5,47.6,600,28.7,30,13,0
1449.8,0.84,15.8,1486,41.8,50,648,0
1139.3,2.63,50.3,272,22.3,40,402,1
1299.1,20.81,5.9,367,34.0,40,189,0
1335.0,0.1,18.5,577,41.3,90,127,0
1233.5,0.5,32.8,78,49.5,40,317,0
1523.7,0.07,107.7,192,44.6,40,435,1
1424.8,0.5,30.6,89,36.6,50,1425,0
1638.2,0.5,56.8,800,43.0,40,338,0
1240.8,0.71,32.6,600,48.3,40,220,0
1146.8,12.51,40.6,160,29.4,50,1561,0
1348.9,5.84,69.5,600,65.0,10,139,0
1321.0,0.66,107.2,33,42.0,40,332,1
1116.8,0.5,31.5,156,26.1,30,97,0
1100.0,0.5,28.8,373,35.8,40,273,1
1240.9,4.49,80.2,261,31.4,10,86,0
1355.8,2.78,103.6,4344,63.4,40,531,0
1126.7,2.02,90.0,909,65.0,30,78,1
1467.1,5.54,5.0,2922,26.5,10,130,0
1204.3,1.91,34.8,600,28.1,90,69,0
1420.1,3.39,42.8,1643,49.7,30,22,0
1430.6,5.0,32.5,336,24.3,30,100,0
1358.9,1.53,17.1,6000,27.1,30,111,0
1348.7,2.75,85.1,889,41.6,40,117,0
1375.3,10.45,28.4,816,29.9,40,434,0
1498.1,0.09,155.0,1687,46.4,50,319,1
1395.8,5.77,30.7,776,23.9,30,90,0
1250.0,1.11,105.0,20,41.3,40,457,1
1489.4,5.0,27.0,3813,46.4,40,438,0
1570.0,7.21,3.6,6000,36.1,40,338,0
1250.0,0.04,44.8,83,49.5,40,433,0
1250.0,13.21,10.7,345,60.7,40,306,0
1302.8,0.5,41.7,930,33.0,10,124,0
1428.4,16.03,32.9,6000,37.2,20,55,0
1250.0,0.77,27.3,1584,52.1,40,509,0
1250.0,2.08,3.1,600,30.0,40,273,0
1560.1,7.61,155.0,288,26.9,40,286,1
1343.1,2.55,66.4,110,21.8,40,457,0
1173.4,3.66,10.0,64,49.9,30,50,0
1250.0,0.5,47.3,1441,47.5,40,446,0
1233.5,10.58,67.2,681,57.3,30,137,0
1389.9,6.42,141.7,1001,39.0,40,316,0
1420.0,11.91,90.0,85,35.2,30,63,0
1580.2,3.09,15.2,222,30.1,40,234,0
1220.2,0.59,75.5,2065,59.0,40,279,0
1108.7,9.58,72.4,600,30.2,40,395,1
1305.7,0.13,76.8,507,23.0,30,21,0
1203.4,0.64,41.1,2029,48.8,10,114,0
1346.5,2.79,90.0,1321,57.4,20,147,0
1250.0,0.28,10.0,933,24.2,10,53,0
1365.4,7.8,2.9,1138,33.6,10,14,0
1295.5,5.06,77.4,600,59.0,40,352,0
1185.0,1.47,50.1,70,54.0,90,63,1
1222.2,17.5,32.0,1613,32.1,10,53,0
1196.9,0.26,28.5,43,51.0,10,75,0
1103.5,2.81,39.0,90,26.9,50,1151,0
1474.5,8.4,9.3,5195,65.0,40,453,0
1565.8,0.61,2.5,2770,28.7,40,486,0
1362.7,10.88,6.3,71,49.6,90,33,0
1250.0,13.37,11.5,20,21.1,40,420,0
1652.9,1.62,14.4,600,23.2,40,307,0
1109.9,2.46,28.1,800,24.1,40,150,1
1387.7,0.2,90.0,2310,52.3,30,164,1
1628.5,0.19,111.2,546,34.0,40,542,0
1661.5,6.19,45.8,2712,39.9,30,0,0
1197.0,2.47,53.7,600,47.6,40,373,1
1100.0,6.13,54.7,104,50.4,10,104,1
1294.7,1.06,3.4,217,51.4,30,134,0
1277.8,1.8,9.8,1091,61.7,30,87,0
1362.9,0.55,101.6,153,40.7,30,83,1
1212.4,4.97,5.2,186,33.3,10,19,0
1188.1,1.88,40.0,2645,42.2,40,303,0
1163.9,4.94,46.2,20,30.3,40,455,1
1115.7,5.9,21.1,274,45.8,40,113,1
1486.6,15.88,41.5,1695,42.1,40,387,0
1485.5,0.98,50.0,221,40.5,30,101,0
1188.1,0.5,70.2,600,34.4,40,544,1
1100.0,0.16,110.1,600,30.4,40,389,1
1507.3,0.5,40.9,3267,24.4,40,256,0
1217.3,4.32,37.6,1605,30.7,50,273,0
1250.0,1.91,6.8,2750,27.1,40,353,0
1250.0,1.9,13.4,137,27.6,40,366,0
1353.3,0.36,109.1,516,30.1,40,456,1
1209.6,0.24,83.0,1155,38.5,20,102,0
1370.8,2.24,68.2,800,50.6,40,524,0
1376.8,2.7,40.0,1918,35.6,10,123,0
1178.3,5.0,62.9,6000,32.4,30,26,0
1250.0,1.01,45.8,192,28.8,30,172,0
1462.5,5.06,10.3,87,65.0,40,199,0
1466.9,3.82,10.9,20,35.7,40,387,0
1471.4,1.93,87.2,2579,54.6,20,87,0
1517.7,0.5,13.3,1861,22.5,40,388,0
1543.4,0.67,47.3,173,16.4,20,55,0
1516.1,10.8,90.0,620,47.4,20,102,0
1480.1,0.28,16.1,1169,48.4,80,83,0
1350.7,0.24,23.7,508,52.1,10,150,0
1135.2,1.23,34.0,600,24.3,20,21,1
1482.9,0.58,22.2,800,31.5,30,75,0
1396.2,0.33,69.5,2182,24.0,30,35,0
1213.5,1.51,155.0,600,39.5,30,141,1
1564.9,4.19,10.6,600,16.7,10,91,0
1355.4,1.64,0.5,80,39.9,40,460,0
1183.6,1.5,13.1,672,37.3,30,75,0
1184.6,2.2,20.5,119,18.0,40,461,0
1289.9,1.0,18.9,1602,30.8,50,852,0
1250.0,1.5,10.3,118,50.0,30,87,0
1250.0,1.42,17.3,74,24.0,40,294,0
1292.2,0.4,125.1,4325,65.0,30,103,1
1565.6,3.42,11.5,3394,23.5,10,46,0
1461.5,2.58,12.7,2565,29.0,40,598,0
1199.7,5.0,23.4,2185,44.8,40,185,0
1441.6,0.5,50.2,85,49.0,10,79,0
1334.5,0.28,118.5,344,29.1,30,68,0
1258.8,1.7,37.7,80,30.4,30,106,0
1250.0,0.16,10.3,76,37.5,40,329,0
1137.6,0.15,4.7,611,34.8,40,250,0
1360.6,2.19,25.6,3065,35.9,30,106,0
1233.5,3.16,155.0,3593,57.7,20,85,1
1161.5,17.68,10.2,713,60.5,30,85,0
1490.0,7.4,63.2,20,55.8,40,229,0
1250.0,1.1,34.0,70,35.8,40,407,0
1157.9,1.43,59.6,615,19.4,10,94,1
1334.0,4.03,0.3,1044,25.2,10,0,0
1515.7,5.57,146.7,1760,28.2,30,87,0
1482.8,8.31,15.8,1542,40.4,20,48,0
1323.1,0.11,82.7,600,35.6,40,406,1
1250.0,0.5,2.1,182,22.2,30,69,0
1250.0,0.25,128.7,68,24.8,50,781,1
1162.5,0.74,19.2,20,39.8,40,149,1
1160.6,0.97,7.3,190,25.2,30,80,0
1250.0,2.25,2.2,97,26.8,40,605,0
1589.7,7.58,6.3,800,20.4,30,66,0
1370.4,0.17,45.4,1296,29.0,20,81,0
1440.6,7.95,143.7,600,29.1,90,112,1
1250.0,6.52,25.2,2168,35.5,40,514,0
1279.4,11.85,61.9,222,39.4,10,106,0
1375.4,9.58,105.3,97,62.3,30,62,0
1291.4,1.66,10.7,47,55.7,20,94,0
1141.2,0.42,76.3,2224,47.0,30,132,1
1187.8,4.09,128.0,62,58.5,10,104,1
1625.0,0.52,55.6,1339,25.6,30,5,0
1490.2,0.5,28.3,189,53.0,40,380,0
1400.8,0.43,14.5,766,46.9,40,546,0
1548.6,3.7,3.1,2518,31.8,30,43,0
1469.1,3.47,62.0,2029,53.6,40,280,0
1553.7,1.56,137.9,2578,56.8,10,41,0
1120.8,2.4,16.2,20,20.3,10,36,0
1158.1,0.61,17.1,2711,45.1,40,462,0
1153.9,3.36,9.7,399,33.7,40,446,0
1444.5,2.06,19.5,1730,35.0,10,15,0
1250.0,4.84,16.3,6000,34.5,40,239,0
1137.9,3.25,155.0,2123,44.7,90,119,1
1520.0,0.5,24.4,132,65.0,40,250,0
1618.0,0.22,50.8,117,44.8,20,44,0
1161.4,1.3,10.0,1220,38.1,30,96,0
1465.9,4.22,116.7,384,21.9,80,60,1
1454.1,5.07,46.4,53,33.3,30,29,0
1202.0,1.19,22.6,76,33.1,40,415,0
1128.6,2.18,108.8,2285,36.4,30,0,1
1412.0,11.39,2.6,1253,39.8,40,439,0
1137.6,1.79,2.1,706,35.9,30,21,0
1131.3,0.5,6.1,166,57.7,40,331,1
1620.0,7.38,29.6,33,27.2,30,92,0
1402.1,0.47,11.9,600,31.8,40,482,0
1173.4,10.93,41.1,266,24.8,30,113,0
1265.7,0.99,98.7,65,21.9,30,56,1
1486.0,0.5,1.0,1200,51.1,40,340,0
1406.8,0.5,40.0,1284,29.1,90,8,0
1377.2,0.03,70.6,4635,52.9,50,1164,0
1174.5,0.69,63.1,167,29.2,10,74,1
1171.6,4.18,50.0,600,43.2,40,207,1
1219.8,0.57,33.3,1631,51.6,40,408,0
1158.6,0.29,67.3,4178,21.8,40,604,1
1250.0,0.85,5.0,138,63.0,40,464,1
1707.9,4.89,106.0,294,24.2,90,86,0
1100.0,0.15,84.2,3107,29.9,30,20,1
1599.1,4.59,123.6,413,23.9,40,230,0
1448.5,5.88,1.4,685,35.0,10,57,0
1450.2,1.86,17.6,600,20.0,50,1014,0
1250.0,5.45,9.7,607,33.1,40,299,0
1426.9,0.59,61.4,20,63.2,40,176,0
1148.8,8.04,54.2,600,18.7,40,308,1
1452.3,0.26,127.0,637,48.1,40,404,1
1421.0,3.13,57.3,3899,47.7,40,420,0
1250.0,4.34,129.8,366,36.7,80,75,1
1252.4,1.46,90.0,450,21.7,20,113,0
1416.9,1.5,51.3,66,31.9,90,76,1
1366.1,5.45,3.5,1242,15.7,20,119,0
1539.9,5.83,2.3,241,41.9,40,257,0
1144.0,0.5,1.4,2181,42.2,30,84,0
1250.7,3.94,145.2,600,27.3,30,90,1
1121.8,2.34,15.3,403,23.4,40,311,1
1414.6,0.05,12.3,41,30.6,10,37,0
1538.4,1.11,10.0,206,29.5,80,51,0
1587.0,19.2,13.0,1046,34.9,30,38,0
1156.4,22.0,88.0,510,51.0,30,99,0
1155.8,1.18,21.8,96,31.3,50,1160,1
1101.0,0.41,24.0,72,53.3,40,431,1
1744.8,1.34,20.9,1645,36.7,40,355,0
1159.0,19.05,12.3,1847,33.6,20,45,0
1250.0,0.5,21.5,600,53.7,40,429,0
1167.2,1.53,29.6,600,50.5,30,103,0
1440.6,15.09,107.4,626,17.5,90,66,0
1250.0,1.64,8.3,600,45.6,40,490,0
1426.4,2.56,62.5,600,34.4,40,303,0
1120.5,12.3,31.8,506,20.1,40,182,0
1549.4,0.56,79.7,600,51.7,40,122,0
1503.5,0.78,19.4,875,26.1,40,202,0
1216.7,0.31,16.1,58,15.0,40,446,0
1250.0,0.5,15.7,196,56.2,10,59,0
1465.4,2.69,30.3,1945,41.1,30,104,0
1145.8,8.29,23.7,5776,52.9,30,55,0
1592.2,1.82,54.0,210,20.2,40,450,0
1111.6,0.83,10.0,661,27.4,40,426,1
1387.2,3.61,32.6,3510,35.4,40,369,0
1235.4,0.62,13.3,181,24.9,40,278,0
1681.6,6.02,138.9,3951,58.0,40,303,0
1162.0,2.88,24.7,131,36.0,30,99,0
1168.1,9.78,43.6,169,34.9,10,138,0
1101.2,7.77,115.4,426,48.5,20,149,1
1304.6,7.61,155.0,2709,61.5,10,92,1
1313.2,5.68,25.8,46,35.6,30,67,0
1218.5,0.84,21.0,186,49.3,40,407,0
1250.0,1.4,10.0,597,40.0,20,3,0
1406.5,14.42,43.9,706,29.9,10,81,0
1193.0,1.66,65.7,285,58.5,90,55,1
1368.3,0.31,23.8,86,30.0,90,52,0
1477.2,4.99,27.4,519,32.7,40,344,0
1126.9,3.44,5.2,1190,28.5,10,0,0
1370.0,7.78,18.3,33,53.2,40,145,0
1480.9,3.33,53.7,2306,22.2,40,318,0
1122.9,12.52,155.0,183,27.6,20,19,1
1320.7,0.5,90.0,1869,49.0,40,423,1
1139.1,0.32,87.5,461,36.4,10,98,1
1665.8,0.72,155.0,805,45.9,90,132,1
1738.0,5.14,43.4,4363,34.5,40,292,0
1527.0,0.0,39.1,1293,32.7,30,94,0
1161.8,1.16,108.3,205,26.7,40,282,1
1519.7,0.5,65.6,690,53.8,30,133,0
1143.3,2.01,78.4,600,52.4,50,1498,1
1493.2,19.09,66.8,207,58.1,30,75,0
1442.0,0.93,18.6,89,15.0,10,48,0
1347.9,3.17,2.8,1750,29.8,30,34,0
1354.9,0.91,17.5,161,30.5,30,41,0
1100.0,0.54,19.5,815,59.7,80,107,1
1117.2,4.11,17.9,255,46.3,80,189,1
1145.0,0.76,155.0,600,37.5,30,140,1
1192.6,0.22,37.3,1151,49.1,10,73,0
1150.3,2.35,13.8,111,50.3,40,338,1
1482.7,1.35,69.7,89,20.1,40,485,0
1224.8,9.94,38.9,481,16.1,30,60,0
1285.2,0.5,22.7,600,29.4,40,334,0
1128.2,2.83,38.7,2118,30.7,20,41,0
1100.0,7.47,6.4,600,21.2,30,102,0
1381.8,5.7,39.9,354,30.2,40,491,0
1100.0,1.14,1.9,600,42.3,40,344,0
1443.0,22.0,10.6,600,34.8,40,305,0
1455.4,9.05,40.7,2094,32.6,40,205,0
1419.2,2.35,1.9,299,30.4,40,433,0
1425.5,0.35,5.7,684,22.3,20,59,0
1463.0,18.31,41.0,769,44.3,40,555,0
1727.5,3.06,110.9,48,32.5,40,451,0
1551.8,2.25,13.3,147,44.6,40,260,0
1100.0,0.5,26.7,800,52.9,40,498,1
1170.7,2.15,50.0,4136,49.8,30,130,0
1383.6,1.43,22.4,1335,19.7,10,25,0
1442.4,0.08,12.8,1080,37.7,20,117,0
1450.3,1.25,52.3,427,18.2,40,416,0
1250.0,0.33,119.9,388,15.0,30,96,1
1267.9,0.5,10.0,226,23.1,50,1229,0
1493.3,0.9,12.1,1928,56.0,40,268,0
1263.0,0.11,126.3,20,39.5,40,315,1
1211.4,1.33,14.1,1353,27.5,40,267,0
1473.8,6.5,50.0,2876,37.1,40,273,0
1316.5,15.05,27.7,105,28.2,40,505,0
1168.4,0.55,66.2,784,28.1,40,178,1
1173.3,4.86,99.3,1278,64.4,30,55,1
1462.1,14.96,31.0,600,65.0,10,98,0
1633.3,3.53,50.4,1339,19.0,90,48,0
1250.0,1.45,114.2,685,45.0,40,401,1
1405.0,7.4,41.1,600,46.9,40,181,0
1286.0,1.27,8.1,600,27.9,40,390,0
1647.6,1.14,6.0,2014,18.4,40,266,0
1317.1,9.55,90.0,301,20.7,40,377,0
1250.0,3.28,4.6,1030,20.1,90,0,0
1323.1,3.96,12.6,800,26.2,40,498,0
1530.7,0.54,50.2,484,38.2,40,110,0
1668.5,0.65,70.9,257,37.9,40,253,0
1250.0,1.61,11.6,81,32.5,50,831,0
1533.0,3.66,27.6,663,49.8,40,396,0
1308.0,4.52,10.8,1237,31.1,40,291,0
1250.0,1.7,48.9,32,35.3,10,43,0
1490.4,2.19,55.1,600,45.0,40,273,0
1389.8,1.14,9.5,1923,29.6,30,89,0
1478.9,2.04,4.0,5920,58.2,40,323,0
1258.5,0.26,5.4,800,21.5,40,194,0
1165.7,0.68,16.0,600,51.6,10,66,1
1198.2,1.38,36.8,600,25.4,40,425,0
1439.6,3.72,33.1,600,33.1,40,201,0
1207.9,0.5,90.4,3092,53.2,40,525,1
1352.2,8.98,36.1,649,42.2,40,520,0
1250.0,1.2,104.1,2284,28.8,40,456,1
1467.4,1.49,155.0,46,18.8,40,214,1
1419.2,2.39,10.9,600,48.7,40,605,0
1208.0,5.61,31.8,671,38.8,90,86,0
1305.4,0.24,38.1,33,54.7,30,82,0
1574.1,0.96,9.1,158,45.0,40,450,0
1136.3,3.7,14.0,600,44.6,20,86,0
1234.4,2.15,4.0,6000,51.0,40,263,0
1660.7,2.76,7.3,600,65.0,40,256,0
1394.6,0.73,67.6,800,31.5,40,324,0
1541.7,12.1,90.0,986,46.5,10,141,0
1338.9,6.13,23.3,749,42.7,90,85,0
1490.8,3.47,17.9,2455,26.9,80,59,0
1250.0,11.87,86.9,723,38.4,30,76,0
1336.3,0.5,18.2,4939,29.2,40,526,0
1249.4,1.97,21.1,171,28.8,50,995,0
1646.2,2.04,32.5,335,32.5,40,472,0
1387.9,17.71,117.3,5253,24.6,40,171,0
1155.1,1.28,40.4,600,44.6,40,473,1
1126.9,4.91,42.9,100,51.0,40,469,1
1113.6,0.99,5.5,194,37.8,40,270,1
1380.2,1.18,36.7,600,50.5,40,452,0
1252.0,10.52,20.4,1302,50.2,40,172,0
1250.0,0.39,23.3,181,52.4,50,792,0
1250.0,22.0,15.1,2622,48.2,50,1694,0
1422.0,0.06,68.7,24,55.3,40,328,0
1154.2,2.8,11.1,600,43.6,40,318,0
1427.7,8.64,42.6,2260,37.3,40,519,0
1100.0,3.14,62.6,771,62.2,30,104,1
1250.0,2.27,83.6,646,37.8,40,329,1
1545.0,0.73,7.2,302,32.2,40,342,0
1206.7,0.25,86.7,800,39.0,30,73,1
1250.0,1.71,36.3,907,37.8,40,515,0
1405.0,1.5,90.0,1782,27.2,40,241,0
1250.0,0.5,22.1,600,49.5,80,71,1
1311.8,0.63,68.8,170,39.1,30,120,0
1530.7,0.39,85.1,2162,21.1,40,483,0
1206.6,2.04,10.0,1384,25.9,40,310,0
1463.6,4.9,5.3,262,37.3,40,311,0
1521.5,2.21,5.0,1938,19.5,90,1,0
1250.0,4.43,12.3,600,25.3,40,493,0
1638.8,2.05,61.2,177,34.2,40,544,0
1168.2,3.24,58.4,600,41.1,40,142,1
1208.1,0.63,2.2,48,37.3,10,137,0
1179.9,6.61,46.5,391,41.4,40,214,1
1306.7,1.12,24.3,800,21.1,40,323,0
1571.5,5.13,10.0,600,33.9,40,339,0
1375.7,1.69,24.6,1382,27.2,10,81,0
1475.4,1.7,31.8,1774,55.1,30,90,0
1440.4,2.92,15.7,1383,42.4,40,296,0
1401.2,2.85,17.8,600,49.9,30,69,0
1362.4,0.65,109.4,4915,43.2,80,73,0
1250.0,0.44,17.9,600,32.0,40,144,0
1123.7,0.19,10.6,78,27.1,10,171,0
1153.9,1.04,67.6,3994,40.9,40,189,0
1399.0,0.78,143.1,55,29.3,40,202,1
1299.2,1.35,16.0,1155,15.0,30,123,0
1445.0,0.14,6.4,600,52.0,10,77,0
1648.1,1.37,18.4,542,47.6,20,97,0
1100.0,0.38,129.6,600,27.4,20,109,1
1191.1,1.24,24.9,65,56.8,40,339,1
1147.7,0.35,11.6,1065,63.3,40,335,1
1206.1,1.11,84.1,600,53.5,30,163,0
1355.2,2.33,28.0,380,43.5,40,367,0
1699.4,0.09,15.4,580,30.2,50,1795,0
1497.2,1.69,40.1,4656,19.2,40,188,0
1450.3,0.22,23.4,727,23.9,40,221,0
1389.0,9.73,14.9,159,25.2,30,59,0
1492.3,0.18,1.7,211,51.8,10,44,0
1187.3,0.14,10.1,2132,22.0,30,220,0
1522.5,0.17,53.3,800,28.3,40,296,0
1165.6,10.79,44.0,1914,34.1,40,374,0
1471.5,2.9,71.4,1862,35.0,90,36,0
1199.2,5.31,39.6,475,28.0,40,248,0
1230.4,1.91,10.0,1834,24.5,40,292,0
1621.9,0.86,37.1,32,21.5,40,289,0
1154.9,7.38,51.1,21,27.7,20,112,0
1407.5,4.35,39.3,20,26.8,40,452,0
1152.4,0.19,40.0,600,41.2,30,38,1
1587.2,1.39,50.0,600,65.0,20,27,0
1161.0,8.18,19.9,2749,30.0,20,94,0
1375.0,2.33,33.9,224,21.8,90,85,0
1748.1,8.51,76.3,600,41.5,40,383,0
1146.6,0.34,7.6,2411,31.9,20,78,0
1385.2,2.49,25.3,600,34.9,30,78,0
1250.0,0.67,18.9,1360,28.8,30,110,0
1327.9,0.0,5.7,529,41.0,10,164,0
1604.9,0.04,40.0,600,48.9,10,0,0
1384.5,0.85,41.5,2070,31.1,40,301,0
1162.8,3.27,50.0,262,42.4,40,482,1
1161.4,0.15,15.3,533,23.0,90,97,1
1370.0,0.5,39.0,269,47.8,10,85,0
1463.8,1.05,43.0,64,23.0,50,1609,0
1250.0,5.72,10.2,132,37.9,30,30,0
1376.9,0.32,5.1,600,29.6,30,119,0
1482.3,0.6,19.4,35,55.8,20,82,0
1538.7,4.65,34.6,1310,60.6,90,136,0
1511.8,1.19,34.6,2542,26.4,90,144,0
1625.3,0.63,9.7,169,36.9,50,1608,0
1144.3,1.07,35.6,564,37.5,10,120,1
1427.2,0.26,1.6,3889,43.5,40,248,0
1126.9,11.37,11.7,1643,39.9,40,420,0
1148.1,1.97,23.2,382,31.4,20,131,0
1393.3,1.75,67.1,252,54.5,30,33,0
1358.9,1.8,58.8,600,33.0,40,515,0
1141.3,3.34,55.4,203,60.3,40,251,1
1133.4,0.42,107.6,459,64.4,40,402,1
1250.0,4.65,21.1,917,33.7,40,405,0
1596.3,3.45,30.6,288,18.2,40,356,0
1250.0,1.17,36.2,4333,27.3,40,502,0
1207.0,2.7,18.5,600,65.0,40,545,0
1168.0,0.29,64.9,138,32.3,20,120,1
1291.7,2.42,43.1,4895,29.6,40,77,0
1487.1,1.46,23.8,767,37.1,30,91,0
1357.2,0.65,98.3,117,52.1,30,110,1
1246.6,2.02,32.2,615,56.7,10,106,0
1368.1,0.14,85.1,1089,27.7,40,568,0
1518.6,0.33,3.4,24,59.2,10,72,0
1529.2,1.49,23.3,204,15.0,80,50,0
1170.8,5.2,11.3,5735,55.2,40,377,0
1419.1,1.29,8.3,310,40.0,90,42,0
1449.4,1.68,78.9,3527,62.5,30,65,0
1446.7,4.14,45.3,661,31.3,40,186,0
1603.6,0.5,121.1,77,59.2,90,60,1
1236.1,1.7,77.4,800,16.5,30,71,0
1177.0,0.57,85.2,3869,47.8,10,69,1
1573.6,2.31,4.3,1276,64.5,40,498,0
1173.9,2.93,45.8,1728,56.8,30,36,0
1696.7,2.33,12.1,1971,54.1,30,120,0
1336.4,0.77,11.2,600,35.6,90,135,0
1610.5,5.61,19.2,600,26.6,40,402,0
1482.6,3.51,22.6,679,23.7,40,330,0
1555.7,0.77,90.0,300,48.2,10,63,0
1583.8,0.34,5.3,1086,40.5,20,87,0
1338.0,0.5,1.1,535,24.2,30,49,0
1464.3,1.26,16.1,20,26.4,40,445,0
1178.9,1.22,15.9,1747,57.4,40,574,0
1234.2,1.99,81.3,600,26.2,10,25,0
1635.3,6.43,20.3,800,26.4,80,85,0
1350.3,0.5,81.4,1224,52.2,40,241,0
1500.1,1.4,15.6,885,17.8,10,91,0
1174.9,0.5,43.4,600,16.2,40,539,1
1174.6,2.13,29.4,600,51.8,10,94,1
1446.8,1.29,64.3,27,21.4,40,422,0
1140.1,3.36,24.6,77,39.9,40,523,0
1250.0,0.5,39.7,59,25.4,90,67,1
1147.4,3.47,59.9,800,34.0,30,54,1
1284.0,10.64,18.7,3931,28.7,20,127,0
1170.1,0.59,77.6,1669,31.5,10,148,1
1121.4,6.76,3.6,600,29.8,10,82,0
1607.8,0.68,53.3,1680,37.2,40,670,0
1100.0,4.93,59.7,3034,32.1,40,248,0
1183.0,2.91,5.5,797,24.4,90,92,1
1304.9,1.32,34.3,2486,27.0,30,70,0
1678.8,0.43,6.9,412,23.8,40,50,0
1370.1,0.7,58.7,67,40.9,10,71,0
1380.9,2.51,4.5,600,57.9,50,1661,0
1451.3,2.96,5.0,352,24.7,10,26,0
1190.3,1.15,14.8,1439,33.1,40,394,0
1346.7,2.86,8.7,600,30.7,30,58,0
1399.4,1.71,11.7,451,52.4,20,129,0
1387.9,0.69,88.0,1156,40.1,40,278,0
1250.0,6.85,34.3,5361,55.6,50,1081,0
1498.8,3.23,2.0,90,53.1,40,453,0
1155.1,5.93,5.0,30,31.9,30,150,0
1124.1,1.85,85.6,600,29.1,30,34,1
1284.7,3.47,62.8,800,34.8,20,55,0
1262.4,0.53,15.8,689,56.0,40,335,0
1158.4,0.78,15.1,634,56.0,10,50,1
1173.3,2.72,5.2,3804,56.9,50,1149,0
1100.0,7.2,44.5,1341,33.5,40,262,1
1587.3,20.49,26.5,600,34.9,40,231,0
1502.0,2.22,51.0,48,36.6,40,60,0
1874.0,3.83,44.9,576,49.6,40,301,0
1178.2,17.53,32.5,600,35.6,30,153,0
1390.4,1.21,55.9,386,25.8,30,62,0
1489.8,0.49,0.8,227,15.0,20,42,0
1218.5,0.14,25.1,230,55.0,40,195,0
1372.9,4.92,6.7,600,23.5,10,108,0
1163.4,3.46,6.9,20,55.0,40,211,1
1250.0,1.37,20.2,69,26.9,20,81,0
1231.5,2.59,19.8,600,50.6,50,1159,0
1383.8,3.06,11.1,581,42.8,40,291,0
1580.4,17.67,28.7,1524,28.1,50,1474,0
1447.4,2.16,155.0,800,29.0,10,93,0
1168.5,3.7,9.3,255,29.6,40,479,0
1119.4,4.82,151.2,601,35.0,50,712,1
1250.0,0.31,1.2,980,40.1,10,63,0
1180.2,3.1,132.0,600,51.0,90,71,1
1276.1,0.77,142.4,772,24.4,30,100,1
1449.3,7.28,105.9,600,18.7,30,92,0
1163.8,0.23,26.0,74,16.9,40,276,1
1100.0,7.58,25.7,3612,39.2,10,41,0
1295.9,0.5,2.9,127,50.9,50,709,0
1415.3,4.31,139.4,1134,30.9,30,105,0
1100.0,7.06,41.3,2325,43.7,40,322,1
1280.8,3.95,26.8,1893,36.2,40,488,0
1148.2,1.14,83.7,66,54.7,40,603,1
1252.3,1.23,121.6,600,65.0,30,78,1
1574.8,3.12,41.6,2364,63.8,40,353,0
1167.2,8.18,5.1,600,30.4,10,43,0
1100.0,3.16,17.8,177,35.2,40,266,1
1228.0,0.5,19.7,78,65.0,80,100,1
1100.0,6.43,150.0,600,53.2,10,105,1
1357.0,2.13,18.7,800,34.9,10,37,0
1634.2,1.82,39.6,779,22.7,40,228,0
1487.7,0.08,60.2,1841,25.1,10,21,0
1300.1,3.97,29.4,128,48.7,20,119,0
1138.8,1.1,7.1,600,35.7,20,117,0
1517.0,9.01,110.5,296,64.2,40,236,0
1655.0,1.02,7.2,146,42.8,30,140,0
1374.0,9.41,4.9,391,45.8,40,177,0
1329.0,0.51,56.9,178,57.8,40,414,1
1194.3,16.95,45.9,277,37.8,40,302,0
1610.8,2.4,8.1,22,32.6,80,111,0
1262.2,1.13,93.4,399,35.3,40,311,1
1306.5,12.36,10.7,652,58.7,30,70,0
1191.7,3.66,20.3,763,25.8,30,119,0
1199.1,0.56,50.3,118,29.9,40,531,1
1504.8,3.1,25.6,1019,23.4,80,109,0
1250.0,8.3,76.3,365,56.9,40,169,0
1158.4,0.29,20.3,785,44.9,30,91,0
1473.2,2.47,22.4,114,22.9,50,1408,0
1405.2,2.34,13.6,633,35.0,40,259,0
1463.8,9.11,49.1,600,39.9,20,42,0
1179.8,1.94,94.7,600,44.3,40,409,1
1584.3,8.35,90.0,2265,19.8,30,83,0
1209.2,2.68,143.9,255,50.0,40,423,1
1352.2,1.56,105.1,1689,46.2,30,162,0
1368.3,2.85,21.0,1238,29.7,10,43,0
1583.7,0.13,21.9,2721,63.4,40,234,0
1202.0,3.3,3.3,81,30.2,40,297,0
1174.3,1.48,29.0,600,34.1,30,51,0
1195.6,4.24,49.1,687,54.5,30,92,0
1521.0,3.61,12.1,381,42.2,40,197,0
1143.6,0.64,0.8,338,43.3,40,386,1
1250.0,1.02,23.0,191,54.7,10,151,0
1250.0,0.67,14.6,1692,34.7,40,182,0
1234.8,16.94,24.0,4553,30.4,80,18,0
1276.3,0.5,59.5,600,28.7,40,604,0
1179.4,4.99,18.6,145,51.5,10,122,0
1132.6,0.72,16.7,76,35.1,30,45,1
1293.9,1.35,51.5,228,34.0,10,144,0
1250.0,0.07,146.8,600,53.1,30,103,1
1144.6,1.45,12.2,1389,54.4,40,272,0
1196.9,0.03,12.7,288,36.1,10,54,0
1524.2,1.92,155.0,353,38.0,30,59,1
1253.5,3.61,10.0,800,35.8,40,387,0
1131.9,11.96,82.1,616,51.6,50,1037,0
1277.7,0.06,42.2,775,29.3,30,57,0
1310.5,4.51,137.0,308,54.4,40,388,1
1272.1,0.86,11.2,922,39.9,40,96,0
1182.8,0.97,63.4,600,53.4,40,464,1
1278.0,8.7,34.3,113,22.4,50,1440,0
1184.3,1.33,2.2,600,33.4,10,94,0
1375.2,6.21,41.9,600,65.0,40,489,0
1168.0,1.9,11.7,656,37.8,40,463,0
1131.1,0.52,19.0,2238,18.9,50,1145,0
1275.8,1.89,27.9,600,27.9,20,67,0
1250.0,15.1,7.5,735,43.6,30,95,0
1365.6,0.57,18.8,402,49.1,10,180,0
1495.1,0.35,20.0,110,31.0,40,235,0
1438.0,5.84,21.4,600,32.0,50,1302,0
1430.6,1.14,65.3,600,43.3,40,397,0
1165.9,13.13,100.4,600,44.7,10,107,1
1124.3,0.5,66.5,1596,21.6,10,63,1
1513.9,1.51,13.6,136,54.5,40,31,0
1561.8,8.27,6.6,2008,28.6,90,29,0
1290.3,3.9,22.8,161,26.1,40,130,0
1204.7,1.26,106.8,800,45.3,40,388,1
1100.0,3.47,10.0,141,50.4,40,584,0
1478.8,0.5,90.0,2020,42.8,90,92,1
1461.4,1.46,53.1,4256,53.1,40,298,0
1490.4,0.6,6.7,715,54.3,30,95,0
1249.3,4.96,17.3,3514,48.9,40,281,0
1147.3,2.9,35.7,179,32.2,40,346,1
1623.4,1.66,16.0,3673,59.4,40,479,0
1514.9,1.27,22.7,2956,28.4,90,131,0
1388.0,0.5,6.8,885,36.5,30,72,0
1479.0,0.9,60.6,640,42.1,40,431,0
1477.4,16.12,44.5,600,43.8,40,527,0
1542.2,2.32,90.0,954,32.0,80,112,1
1426.3,2.61,155.0,216,42.1,20,114,1
1152.9,0.7,79.5,695,50.4,40,151,1
1389.6,17.26,4.8,2170,55.8,10,73,0
1186.5,6.89,26.0,2360,44.4,30,124,0
1349.8,9.45,50.5,153,31.0,30,67,0
1100.0,2.35,70.0,2850,60.4,40,250,1
1855.8,0.71,155.0,2144,46.0,90,107,0
1553.4,1.95,79.5,91,65.0,10,150,0
1100.0,1.08,15.6,776,52.7,20,68,1
1654.3,15.89,61.5,522,26.6,30,108,0
1194.8,7.94,6.0,600,24.0,40,376,0
1482.6,14.11,9.2,600,54.6,10,123,0
1281.4,0.22,51.4,2287,45.5,90,94,0
1250.0,0.8,65.3,151,37.4,40,394,0
1188.1,1.8,90.0,3924,16.5,40,406,0
1432.4,0.66,17.0,79,34.7,40,401,0
1100.0,0.55,10.0,1586,20.2,40,452,0
1529.7,22.0,59.0,110,44.3,50,850,0
1175.6,9.46,56.4,176,60.0,50,842,0
1490.9,1.32,24.9,92,44.2,20,93,0
1356.4,1.41,36.0,3238,51.8,50,736,0
1250.0,1.49,90.0,122,37.4,40,205,1
1698.2,4.32,81.2,4307,23.3,30,111,0
1250.0,0.5,85.8,96,23.8,40,358,0
1156.4,0.1,155.0,63,61.2,30,74,1
1183.0,1.24,121.0,743,15.0,40,364,1
1146.1,0.94,14.9,228,18.5,40,375,1
1285.6,5.53,1.7,25,21.1,10,20,0
1501.8,0.67,28.6,659,28.4,20,53,0
1175.7,0.17,25.3,419,65.0,90,116,1
1645.3,2.17,10.0,61,57.4,40,327,0
1500.5,0.91,151.5,600,29.0,30,47,1
1144.2,6.65,14.4,600,35.0,80,61,1
1440.0,8.42,40.0,600,24.8,80,132,0
1444.1,14.68,4.8,202,33.1,10,78,0
1190.4,9.96,75.4,88,49.3,30,85,1
1106.7,0.99,2.8,82,41.9,80,96,1
1463.1,0.36,26.4,202,44.3,20,136,0
1806.4,2.18,82.2,156,23.4,40,239,0
1141.1,1.18,25.7,600,15.6,30,9,0
1361.7,1.47,10.4,220,33.8,40,327,0
1214.8,3.76,90.0,600,39.8,20,138,1
1646.3,6.5,7.1,600,51.2,40,159,0
1631.3,9.86,68.4,600,20.0,10,89,0
1684.7,0.61,50.5,292,32.1,30,94,0
1210.0,0.5,59.9,3673,20.5,20,7,0
1103.0,2.49,39.8,2580,52.9,30,1,0
1434.6,1.16,33.9,55,64.3,50,1715,0
1214.2,13.6,0.7,3048,24.0,80,131,0
1130.8,5.96,5.2,20,33.7,40,254,0
1136.0,2.2,33.5,140,56.9,40,172,1
1832.9,0.03,39.3,60,65.0,30,105,0
1201.6,6.66,53.3,56,38.0,30,146,0
1250.0,4.95,32.6,1938,23.2,30,77,0
1175.2,0.04,8.9,94,53.0,40,334,1
1472.1,0.38,33.2,166,28.0,30,160,0
1203.4,8.78,32.1,901,62.5,90,69,1
1130.0,2.85,59.6,600,27.9,40,534,1
1322.5,1.04,103.8,600,54.4,90,36,1
1100.0,4.53,11.0,46,55.5,40,650,1
1404.0,0.48,12.1,600,53.6,40,429,0
1388.9,2.76,44.4,690,28.0,30,128,0
1250.0,7.28,20.4,2141,27.2,40,402,0
1186.3,17.04,50.6,5938,48.7,90,39,0
1100.0,22.0,44.7,2201,33.0,10,72,0
1218.1,2.04,16.4,6000,30.0,30,99,0
1449.9,10.35,45.8,21,22.7,30,0,0
1373.3,7.19,53.2,201,37.9,90,98,0
1250.0,2.64,34.7,917,39.3,20,155,0
1266.2,4.71,155.0,20,65.0,40,286,1
1397.6,2.03,155.0,68,38.2,30,0,1
1308.0,0.66,113.1,849,37.2,50,1318,1
1173.1,0.24,7.9,232,35.4,40,456,1
1199.0,7.42,1.5,1144,48.2,30,91,0
1732.4,6.31,80.7,288,40.6,40,324,0
1491.4,1.07,57.9,2081,18.6,40,482,0
1430.8,1.49,113.2,2663,65.0,40,403,0
1188.2,1.1,102.9,600,59.8,40,366,1
1488.0,6.79,90.0,1997,23.4,20,105,0
1354.2,0.87,16.8,379,31.5,80,58,1
1169.4,5.27,18.7,600,20.4,10,130,0
1329.0,22.0,10.0,772,48.6,30,14,0
1193.8,1.23,12.4,1782,22.8,30,11,0
1561.0,0.32,23.8,600,50.3,20,83,0
1191.4,7.99,90.0,3192,49.8,40,381,1
1301.7,18.28,86.9,600,27.3,40,436,0
1463.3,1.9,6.2,37,46.5,40,379,0
1613.8,2.38,3.5,640,35.2,10,134,0
1510.4,5.22,15.0,849,57.8,30,51,0
1300.1,0.61,38.3,104,41.9,40,298,0
1393.8,0.5,64.5,1288,56.8,40,379,0
1605.5,1.03,2.5,746,41.8,30,78,0
1152.8,0.56,110.7,170,38.7,40,519,1
1184.6,11.45,104.0,600,35.2,20,128,1
1151.1,2.92,6.2,6000,48.5,40,384,0
1147.9,1.54,54.7,600,51.5,90,69,1
1163.5,2.84,28.5,236,39.3,30,138,1
1368.7,15.65,20.5,72,27.6,40,361,0
1553.7,2.48,32.5,2509,52.0,30,47,0
1281.0,0.15,12.7,600,48.5,10,53,0
1565.1,1.61,6.2,773,57.0,40,478,0
1567.5,3.9,55.4,120,15.0,40,343,0
1143.6,1.67,37.4,1831,25.0,40,434,0
1593.2,2.63,81.3,33,46.0,40,337,0
1511.8,0.27,23.9,1919,33.1,80,162,0
1189.4,1.24,75.6,769,19.7,40,454,1
1439.7,0.5,11.9,800,58.8,40,220,0
1101.9,5.03,155.0,600,38.1,40,428,1
1767.9,0.84,15.9,1689,51.4,30,121,0
1416.3,5.75,63.8,600,30.3,40,613,0
1293.2,0.8,9.9,2208,59.3,40,359,0
1470.9,1.77,10.0,262,19.9,20,79,0
1303.2,10.19,14.5,162,47.6,90,86,0
1165.5,19.49,155.0,2439,38.3,40,244,1
1535.8,2.17,49.3,600,25.0,40,504,0
1250.0,2.04,4.9,393,39.6,90,122,0
1538.3,19.43,3.0,281,32.3,40,301,0
1354.3,7.29,55.7,1428,56.7,10,39,0
1402.7,6.84,50.0,55,30.1,40,40,0
1757.8,0.83,81.8,750,59.9,50,1186,0
1250.0,5.0,47.0,1039,17.1,20,22,0
1282.2,0.42,90.0,798,55.2,10,69,0
1303.5,1.14,53.0,20,33.3,20,48,0
1534.8,0.86,2.8,1224,57.4,30,167,0
1331.4,0.41,34.3,133,31.3,80,84,0
1420.6,0.89,10.0,600,20.8,10,142,0
1103.8,10.66,7.8,4340,53.4,40,198,0
1109.8,2.39,49.0,700,57.3,50,868,1
1568.0,4.89,13.2,362,17.6,40,211,0
1472.3,0.15,83.7,2927,39.9,10,71,0
1139.1,0.05,48.9,273,51.4,40,212,1
1566.8,0.5,4.0,116,25.0,90,54,0
1232.7,3.64,107.5,166,34.0,20,80,1
1217.1,1.22,51.1,2182,32.0,10,15,0
1557.0,5.66,1.0,107,55.3,50,994,0
1433.0,0.71,50.0,1100,32.7,40,467,0
1250.0,2.95,72.2,553,42.4,40,328,0
1119.7,13.55,77.8,2663,50.3,90,93,1
1213.7,6.1,16.1,36,34.1,40,230,0
1116.4,1.12,6.7,1839,54.5,30,93,0
1420.9,0.65,83.8,774,27.0,40,264,0
1424.5,7.33,0.8,600,48.1,20,55,0
1449.6,0.01,5.6,135,25.2,30,109,0
1377.5,9.4,57.1,6000,20.0,40,265,0
1133.8,0.5,41.0,133,47.6,30,50,1
1557.0,4.79,155.0,722,37.2,80,86,1
1331.2,8.75,71.4,2718,47.8,10,6,0
1194.4,0.83,29.4,88,27.3,40,328,0
1343.3,10.33,90.0,88,65.0,40,504,0
1144.6,0.49,69.9,600,21.3,40,187,1
1269.2,0.89,8.6,5191,37.2,40,292,0
1405.9,17.21,155.0,600,33.1,40,164,1
1250.0,0.5,9.9,618,28.8,80,112,1
1160.9,1.99,50.0,2034,31.9,30,122,0
1158.2,1.65,24.7,2386,56.2,40,59,0
1250.0,0.5,90.0,600,26.3,80,95,1
1193.5,1.7,3.6,1289,39.1,20,36,0
1645.7,10.16,82.1,668,55.5,80,54,0
1191.3,10.46,19.3,20,29.9,40,201,0
1129.6,1.46,64.1,607,44.4,40,443,1
1519.6,14.83,3.0,643,47.6,30,66,0
1170.4,2.05,27.4,600,46.7,50,1403,0
1421.7,2.99,104.7,600,57.4,10,102,0
1100.0,0.28,11.4,600,56.2,40,353,1
1400.2,0.11,30.7,428,35.6,40,302,0
1184.1,1.34,65.5,43,35.5,40,329,1
1123.5,1.52,66.6,600,23.5,30,83,1
1273.5,0.55,72.6,2492,53.1,10,76,0
1282.5,0.85,42.4,2385,32.6,40,385,0
1119.6,0.76,38.9,412,24.1,40,594,0
1325.5,6.09,27.2,737,42.3,20,85,0
1109.8,0.21,126.1,1004,27.1,10,104,1
1137.8,5.21,24.7,600,27.8,40,559,0
1254.9,9.8,29.2,20,56.1,40,515,0
1340.3,0.05,24.8,1891,52.9,50,1631,0
1517.0,0.68,25.1,705,56.9,10,85,0
1694.8,0.48,35.0,635,23.6,50,972,0
1221.5,3.88,2.3,1733,54.2,50,1274,0
1149.3,2.49,90.0,3857,41.6,40,365,1
1250.0,0.67,21.9,1230,36.9,10,43,0
1431.9,2.11,19.1,77,22.4,80,0,0
1157.0,0.06,18.1,39,57.2,10,89,1
1482.9,3.47,65.5,600,61.8,40,305,0
1132.7,1.42,56.5,5366,39.8,40,271,0
1558.1,3.48,10.0,108,57.5,40,565,0
1173.6,9.54,50.0,600,31.6,40,252,1
1528.1,0.07,90.0,2347,28.6,40,301,0
1422.2,4.43,10.0,974,23.1,50,929,0
1250.0,0.87,6.9,59,37.9,90,88,0
1287.6,1.89,20.6,298,40.8,40,465,0
1160.6,2.71,113.2,26,33.7,40,418,1
1107.5,4.95,26.8,241,35.0,40,378,1
1241.3,5.53,21.2,1784,32.5,40,376,0
1335.2,2.32,3.5,198,55.1,30,25,0
1335.1,19.7,32.4,600,22.9,40,597,0
1322.7,1.0,134.2,5841,41.6,20,138,0
1471.6,5.66,3.4,697,38.2,40,18,0
1265.5,0.5,33.0,125,37.4,40,403,0
1398.2,1.89,50.3,686,59.9,20,15,0
1174.4,0.94,155.0,87,51.3,30,91,1
1377.7,0.5,143.2,69,49.4,40,112,1
1250.0,4.3,110.4,1185,33.4,40,439,1
1244.0,7.87,54.1,1703,39.5,40,222,0
1496.2,1.21,50.0,1885,31.8,30,78,0
1228.1,5.25,155.0,836,29.1,30,139,1
1408.7,0.53,2.0,1760,34.9,40,157,0
1379.6,0.05,88.5,5028,38.7,40,374,0
1455.2,1.17,143.3,1086,42.0,40,272,1
1129.0,8.16,124.5,1829,52.6,40,190,1
1206.4,0.15,70.2,944,26.6,40,636,0
1218.8,0.5,52.9,1339,54.8,40,286,0
1445.7,0.01,80.5,600,31.3,50,1358,0
1382.0,0.5,4.7,4401,43.3,50,882,0
1231.6,0.86,62.2,225,17.1,20,62,0
1181.1,0.14,73.3,58,45.7,40,579,1
1442.1,0.22,20.3,600,18.9,40,266,0
1502.2,1.23,57.7,20,27.5,30,39,0
1115.3,0.08,37.3,65,56.8,40,409,1
1434.5,2.49,29.3,615,50.9,40,469,0
1332.4,0.45,33.7,600,44.5,40,451,0
1131.0,4.32,8.0,31,22.6,10,143,0
1250.0,5.26,12.4,37,26.7,30,123,0
1485.3,8.18,105.1,64,40.6,10,0,0
1491.6,0.5,39.1,600,52.3,40,246,0
1352.4,0.13,29.0,848,24.8,80,57,0
1202.5,2.17,29.0,40,27.2,40,385,0
1209.8,2.64,6.8,3814,62.2,40,366,0
1180.6,0.29,15.8,2050,40.2,10,191,0
1353.0,1.62,27.1,1659,26.5,40,249,0
1284.2,0.5,21.8,242,60.2,40,451,0
1250.0,5.0,41.4,101,23.2,10,123,0
1307.2,0.22,146.2,97,36.5,40,518,1
1320.3,2.04,25.4,600,47.0,30,123,0
1193.5,6.15,155.0,600,58.4,40,406,1
1161.5,2.99,90.0,600,26.3,40,426,1
1151.4,19.68,77.2,706,47.7,90,113,1
1414.9,6.1,40.4,60,37.1,30,20,0
1602.5,3.38,62.7,122,46.3,10,118,0
1723.1,0.79,27.4,600,23.9,90,74,0
1494.3,6.45,73.1,366,42.6,30,76,0
1392.9,14.19,30.7,3688,24.4,40,122,0
1168.5,1.95,3.9,154,19.0,30,116,0
1347.5,1.01,38.0,750,24.6,40,396,0
1406.9,0.44,43.5,187,65.0,40,575,0
1268.8,4.59,50.0,600,39.0,40,271,0
1371.7,2.87,1.8,253,29.6,10,111,0
1613.0,1.28,1.5,1424,27.3,40,369,0
1131.4,0.68,40.6,477,45.7,40,217,1
1598.1,1.02,21.2,183,28.5,40,349,0
1147.6,3.52,74.0,26,27.1,40,189,1
1199.1,9.15,14.2,600,15.3,90,90,0
1498.2,12.01,14.6,974,38.8,40,421,0
1447.6,6.71,35.9,2172,34.5,30,32,0
1204.0,1.91,90.0,600,37.8,40,274,1
1388.4,6.24,30.3,800,49.8,40,520,0
1515.2,0.43,72.8,146,50.9,50,1049,0
1138.0,0.0,148.1,600,47.8,10,90,1
1249.9,3.48,155.0,123,26.6,30,119,1
1440.3,2.11,44.0,100,32.0,40,328,0
1551.8,1.77,90.0,714,30.3,40,503,0
1275.4,0.19,29.6,2007,63.5,20,167,0
1460.1,16.45,2.7,54,60.2,30,78,0
1122.0,5.27,30.9,1352,56.3,40,287,1
1112.4,1.32,18.7,3132,27.4,10,82,0
1377.2,1.68,45.4,600,55.0,30,140,0
1211.3,1.45,5.4,800,50.0,40,383,0
1114.4,1.3,29.2,20,45.9,50,1482,1
1175.5,2.05,155.0,645,24.9,40,283,1
1192.6,9.03,9.8,800,33.5,40,582,0
1411.5,10.14,37.2,1741,34.8,10,27,0
1470.4,2.71,50.0,1530,50.2,40,389,0
1203.6,1.93,61.7,25,29.6,20,53,0
1348.6,1.08,32.0,1343,21.5,30,76,0
1424.8,0.81,10.5,233,45.2,10,127,0
1127.6,2.83,58.3,20,34.6,40,58,1
1208.8,3.93,15.2,150,31.0,40,375,0
1502.8,4.12,23.4,1512,47.2,50,1249,0
1446.1,1.59,28.5,576,24.0,20,99,0
1460.4,0.77,78.7,600,42.5,40,358,0
1250.0,4.39,8.9,83,23.1,40,315,0
1317.6,2.0,18.4,67,34.8,30,28,0
1164.8,2.67,46.5,744,29.8,40,333,1
1250.0,3.51,90.0,2017,36.8,40,279,1
1250.0,0.58,9.7,800,41.2,40,359,0
1179.0,10.58,90.0,800,51.3,30,96,1
1326.1,1.55,42.9,154,26.5,80,75,1
1364.0,3.34,103.0,136,60.2,30,83,1
1281.2,7.1,41.9,3763,33.9,90,132,0
1328.0,22.0,19.0,20,23.1,40,622,0
1703.3,6.51,3.4,116,30.4,40,327,0
1108.7,16.25,7.7,806,43.3,10,90,0
1518.9,2.93,34.9,52,60.3,40,242,0
1173.6,8.45,148.0,1956,39.2,40,422,1
1531.1,6.75,35.3,131,55.3,30,44,0
1469.9,1.21,2.9,600,24.1,20,151,0
1686.2,3.67,3.2,1718,34.1,30,108,0
1196.1,5.96,155.0,1244,40.3,10,127,1
1275.9,1.45,19.3,282,25.8,30,99,0
1415.6,0.38,20.0,440,47.7,10,75,0
1183.9,2.3,43.9,171,21.5,40,490,1
1502.9,0.44,6.2,300,59.7,40,391,0
1282.8,1.36,155.0,40,30.8,80,56,1
1457.7,5.23,84.6,1458,19.5,30,72,0
1250.0,1.08,75.2,2822,51.4,40,412,0
1151.9,1.93,54.9,600,65.0,40,298,1
1797.0,2.51,39.1,817,15.0,40,467,0
1209.3,12.1,27.6,193,24.5,40,394,0
1334.8,0.5,34.2,20,56.4,40,151,0
1392.7,2.21,155.0,71,62.6,10,73,1
1342.2,0.65,90.0,1070,51.6,10,93,1
1138.0,2.77,26.4,1436,29.3,10,114,0
1693.6,1.03,9.3,315,39.9,30,69,0
1109.9,6.93,10.0,600,48.3,40,425,0
1447.3,0.59,140.7,538,36.4,40,611,1
1551.3,2.92,57.5,600,45.1,40,445,0
1176.6,2.71,42.1,636,19.9,30,89,0
1181.5,0.1,9.7,253,15.6,40,261,0
1754.4,7.55,58.3,20,31.2,10,70,0
1250.0,12.57,90.0,3137,15.8,10,73,0
1316.1,8.06,8.7,43,65.0,40,213,0
1604.6,2.28,50.0,600,54.4,40,253,0
1713.4,0.97,90.0,620,52.8,40,414,0
1486.3,2.04,0.5,1336,29.0,30,88,0
1227.6,9.73,155.0,284,44.9,80,97,1
1570.4,0.95,104.0,1545,65.0,50,1417,0
1330.7,6.29,18.2,54,57.7,40,437,0
1362.4,0.62,63.7,600,65.0,90,142,1
1209.2,2.36,15.6,292,41.3,30,117,0
1515.5,2.83,141.6,1100,53.0,40,304,0
1590.8,1.42,8.2,187,23.0,80,113,0
1776.9,0.5,24.5,50,63.8,40,453,0
1250.0,0.5,48.9,800,38.2,40,294,1
1135.6,1.82,17.4,720,39.7,10,119,0
1525.9,2.66,32.2,600,29.6,30,5,0
1250.0,5.52,135.4,21,47.5,20,149,1
1304.4,0.39,31.8,600,27.9,40,270,0
1372.0,1.94,7.2,242,54.0,30,93,0
1607.7,1.09,11.7,265,21.8,10,113,0
1250.0,0.29,26.7,600,33.8,40,457,0
1503.0,4.49,50.0,600,62.0,40,334,0
1255.2,0.54,28.7,51,50.5,40,502,0
1658.6,1.15,42.2,5275,36.5,40,386,0
1175.1,0.82,4.2,6000,48.9,40,273,0
1144.1,2.07,90.0,337,62.4,30,104,1
1250.0,7.37,20.1,662,44.6,40,437,0
1140.5,7.74,90.0,519,32.8,10,87,1
1250.0,5.9,63.3,1833,38.7,40,215,0
1197.4,1.14,41.3,600,30.2,40,440,1
1691.8,2.65,58.5,600,59.7,40,172,0
1184.1,9.8,21.6,174,39.1,30,104,0
1173.0,6.04,33.2,550,37.0,20,108,0
1262.3,0.5,65.0,172,21.0,40,248,0
1250.0,3.72,118.5,600,65.0,30,98,1
1221.1,5.11,27.6,3308,24.0,90,76,0
1679.8,0.5,67.7,204,62.4,80,102,0
1329.0,0.78,11.4,1286,39.9,40,429,0
1351.8,1.35,120.7,233,27.0,50,1749,0
1277.2,4.32,9.4,113,59.0,40,350,0
1250.0,0.5,30.7,3015,53.8,30,64,0
1207.7,1.4,36.9,1522,63.9,40,435,0
1230.3,1.01,16.3,190,39.7,30,83,0
1250.0,0.29,131.8,3943,16.1,40,309,0
1310.8,1.13,19.6,600,58.2,10,146,0
1363.4,10.14,10.1,365,26.0,40,372,0
1118.3,1.84,30.6,20,37.0,40,447,1
1343.5,0.46,34.4,20,35.0,10,0,0
1529.8,0.67,90.7,132,27.5,50,220,0
1166.3,3.77,39.2,600,29.4,50,555,0
1496.4,1.32,30.7,1835,65.0,50,1450,0
1407.2,15.77,1.1,1040,65.0,40,293,0
1517.3,1.48,24.4,2714,30.9,40,437,0
1135.8,0.5,53.0,996,22.4,30,63,1
1184.8,5.0,69.7,1384,45.8,20,44,1
1632.3,3.45,10.2,420,30.5,30,34,0
1127.2,1.8,45.5,600,39.7,30,62,1
1422.7,4.37,0.7,980,28.6,30,95,0
1222.0,5.6,58.9,1468,18.5,40,287,0
1100.0,2.71,67.4,600,61.1,30,75,1
1153.7,0.16,85.4,409,31.0,20,112,1
1177.6,0.21,76.6,95,52.5,40,219,1
1399.0,4.5,39.9,383,64.1,10,73,0
1109.3,1.98,155.0,600,38.7,20,40,1
1169.9,4.36,56.9,938,35.3,40,215,1
1250.0,0.79,17.3,607,49.4,20,48,0
1161.0,3.8,5.2,4188,50.1,90,37,0
1171.0,0.26,79.5,3246,31.9,40,357,1
1250.0,4.77,13.6,89,34.5,40,201,0
1204.2,0.12,56.2,1621,39.1,10,38,0
1489.0,2.08,43.0,20,38.7,30,132,0
1100.6,14.84,71.5,127,29.4,40,340,1
1250.0,0.42,15.1,343,57.5,90,70,1
1381.1,2.67,2.3,3502,36.2,40,324,0
1418.6,1.28,57.7,2301,49.1,40,317,0
1166.4,0.48,42.0,91,35.0,20,0,1
1479.6,1.49,47.7,45,40.7,40,211,0
1576.9,1.25,27.9,646,22.4,30,25,0
1247.2,3.65,54.0,207,30.4,20,71,0
1497.5,1.05,71.4,600,51.3,40,456,0
1250.0,0.5,155.0,76,45.8,30,2,1
1390.1,1.7,5.6,86,38.5,40,440,0
1363.0,0.1,20.7,1362,55.3,80,113,0
1184.3,3.97,50.0,600,65.0,30,0,1
1502.1,9.94,33.0,282,50.7,30,108,0
1129.4,5.0,5.0,291,60.6,20,156,0
1152.9,1.51,13.6,2748,28.5,30,70,0
1529.6,1.51,67.5,1005,16.6,40,190,0
1488.8,1.13,54.8,1219,20.4,30,40,0
1271.5,8.82,58.4,4151,48.4,40,439,0
1592.1,16.85,113.9,744,29.1,40,302,0
1413.4,1.49,65.0,115,19.3,10,89,0
1250.0,1.23,10.0,600,58.9,40,414,0
1175.9,0.67,4.9,21,39.7,50,978,0
1408.7,4.59,13.8,600,20.0,10,77,0
1432.0,2.34,24.8,198,28.6,40,208,0
1403.7,0.47,52.9,600,21.8,40,562,0
1267.2,5.4,57.2,509,49.5,40,389,0
1505.7,1.3,35.6,20,35.0,30,33,0
1457.8,0.5,9.2,94,39.0,40,358,0
1412.2,5.83,12.5,600,45.3,40,566,0
1516.0,0.18,51.9,1067,30.8,40,383,0
1420.1,17.48,64.1,1593,52.4,40,355,0
1414.5,0.01,155.0,3045,24.9,80,104,1
1397.5,1.07,140.1,833,21.3,40,317,1
1470.0,6.49,33.0,600,30.9,80,86,0
1599.4,0.05,90.0,600,55.2,30,116,0
1196.3,7.98,90.0,984,28.3,10,40,1
1290.9,2.33,17.9,600,57.8,40,559,0
1481.4,1.1,37.1,4856,59.1,10,42,0
1440.9,0.5,14.5,658,47.7,40,518,0
1218.4,9.89,49.5,6000,49.0,30,62,0
1173.8,0.57,144.8,45,21.8,40,373,1
1457.0,18.0,75.2,800,28.8,40,229,0
1189.4,11.72,60.5,1170,42.3,40,242,1
1150.5,0.03,90.0,435,54.0,30,73,1
1493.1,10.85,3.6,310,49.7,50,1407,0
1175.7,22.0,14.3,3265,33.1,40,384,0
1265.0,10.06,107.9,1826,42.6,40,199,1
1238.9,1.1,16.0,600,31.2,40,365,0
1638.9,10.42,22.0,423,23.4,40,392,0
1354.8,2.46,10.0,331,42.2,30,81,0
1540.6,0.78,13.5,2581,49.6,20,96,0
1369.2,0.16,14.5,80,28.1,40,153,0
1100.4,0.6,41.7,1624,24.7,30,32,0
1435.0,7.9,7.8,1054,48.2,40,591,0
1559.1,0.54,4.6,1353,65.0,30,86,0
1143.4,0.08,104.8,1000,25.8,40,307,1
1250.0,2.18,15.8,50,42.4,10,151,0
1134.0,2.96,30.4,1709,26.6,40,246,1
1343.0,0.61,125.0,720,30.4,40,363,1
1164.4,22.0,5.5,6000,53.0,40,483,0
1140.4,2.13,46.4,600,26.4,40,218,1
1277.0,2.2,79.1,56,34.3,40,291,1
1137.4,7.82,24.8,600,31.3,40,184,0
1250.0,0.08,23.8,600,53.9,10,71,0
1596.6,0.35,22.3,20,51.4,30,50,0
1164.8,7.55,53.3,600,42.5,40,491,1
1213.9,10.0,47.4,1485,25.2,80,90,0
1151.9,0.97,52.7,4483,31.1,40,319,0
1139.6,1.12,23.8,198,44.2,40,399,1
1307.4,1.4,64.5,1857,51.4,40,401,0
1529.7,1.07,81.5,595,19.1,90,66,0
1204.3,1.17,22.1,600,39.2,40,526,0
1427.8,6.24,57.1,6000,48.8,40,219,0
1145.5,1.18,11.0,1411,35.0,10,60,0
1132.3,0.5,21.6,98,65.0,30,58,0
1250.0,10.62,37.3,3403,17.3,30,96,0
1389.8,2.78,27.5,20,34.0,50,957,0
1326.5,1.1,6.4,215,33.6,40,282,0
1294.3,1.14,100.6,1605,52.8,40,317,1
1157.4,17.53,81.7,600,47.5,90,53,1
1382.4,11.17,9.9,1476,33.6,40,337,0
1632.7,1.55,17.9,168,18.6,40,267,0
1367.7,0.26,23.3,106,25.1,20,87,0
1362.1,1.56,43.5,1140,64.7,10,92,0
1430.8,4.06,108.2,254,30.0,20,110,0
1227.6,0.5,4.1,5544,34.4,40,354,0
1233.9,1.32,41.4,4173,38.8,40,487,0
1178.0,1.19,43.3,155,65.0,10,102,1
1185.6,3.41,31.2,271,27.5,40,369,0
1343.8,1.14,2.8,600,23.5,20,98,0
1354.0,0.71,80.4,23,61.5,40,381,1
1224.3,3.33,90.0,1272,20.5,40,195,0
1671.3,4.94,13.8,1342,40.5,40,302,0
1505.2,1.7,50.1,600,32.9,90,60,0
1347.7,0.02,3.7,551,41.7,40,242,0
1167.7,0.41,90.0,4671,33.3,30,0,0
1250.0,3.64,57.2,748,51.0,30,93,0
1250.0,1.11,17.1,4009,32.5,40,244,0
1422.1,4.24,30.4,332,65.0,50,1166,0
1185.0,0.5,107.4,600,60.6,80,97,1
1488.3,0.32,50.0,600,46.4,90,76,0
1304.6,3.38,47.8,600,47.0,40,387,0
1429.7,6.13,8.2,1732,35.3,40,436,0
1213.0,6.31,28.0,398,50.3,40,169,0
1223.8,0.51,67.2,3450,48.4,40,596,0
1492.5,0.9,6.4,647,48.3,20,104,0
1250.0,1.77,11.3,152,15.0,10,43,0
1130.9,0.89,48.3,6000,35.6,40,286,0
1580.4,10.9,8.5,185,24.2,20,59,0
1299.4,1.91,138.4,2646,28.3,50,1338,0
1111.0,0.64,128.8,4683,46.7,40,531,1
1307.3,0.01,79.2,370,32.8,40,152,1
1535.2,14.82,125.9,600,28.9,10,0,0
1272.3,0.51,21.2,549,27.3,40,704,0
1404.5,3.44,73.6,181,24.1,40,298,0
1380.2,3.53,44.6,265,62.0,40,401,0
1338.2,6.71,16.9,157,23.8,40,486,0
1407.8,0.91,5.4,151,46.4,50,432,0
1615.0,10.07,41.4,1461,29.5,40,12,0
1478.1,13.16,10.0,1534,34.1,40,390,0
1244.7,2.84,21.5,126,49.0,30,47,0
1100.0,3.71,155.0,64,24.5,40,354,1
1168.9,1.67,7.7,52,24.1,80,107,1
1291.5,3.13,1.5,164,49.3,40,227,0
1480.5,0.5,35.6,600,28.5,10,96,0
1360.7,2.73,1.6,157,29.4,40,431,0
1168.3,5.47,90.0,1533,43.3,20,150,1
1481.1,3.67,15.0,600,22.6,40,315,0
1250.0,0.54,24.8,1432,49.8,40,417,0
1380.1,4.48,10.6,311,32.3,40,165,0
1150.3,12.35,75.9,245,50.2,40,148,1
1250.0,0.58,10.9,53,15.0,30,125,0
1331.8,10.3,150.0,402,61.0,30,95,1
1655.9,0.29,14.1,1072,28.7,40,340,0
1462.7,3.0,84.6,38,53.6,40,356,1
1133.9,0.51,3.6,600,51.8,40,317,1
1493.1,2.39,32.5,3159,24.9,30,112,0
1458.8,19.51,51.6,69,35.9,40,315,0
1100.0,5.04,33.3,81,54.3,10,77,1
1421.0,0.31,41.8,800,30.7,30,10,0
1179.5,2.62,2.6,351,45.7,40,513,0
1459.2,0.77,36.2,1075,35.2,40,251,0
1540.2,3.0,63.8,318,31.9,10,152,0
1269.3,2.24,59.5,2909,56.7,10,155,0
1162.5,2.57,82.4,250,29.0,40,318,1
1194.1,2.0,89.8,57,37.4,30,42,1
1412.8,0.71,20.2,1920,59.5,10,117,0
1507.2,2.44,90.0,600,57.0,40,537,0
1124.1,2.7,41.0,6000,42.2,30,64,0
1250.0,20.31,155.0,600,24.3,40,347,0
1540.7,12.44,52.1,61,53.4,80,77,0
1480.0,0.65,16.1,600,27.1,30,135,0
1237.3,2.17,13.1,1246,33.1,90,0,0
1250.0,11.5,0.9,2737,34.7,10,92,0
1481.2,0.5,155.0,135,48.8,10,94,1
1250.0,3.14,46.2,764,52.3,40,389,0
1705.9,0.6,62.5,724,19.2,40,234,0
1479.8,0.72,55.9,600,40.4,40,290,0
1650.9,1.74,89.8,2065,22.9,30,86,0
1544.2,9.76,2.7,1002,38.3,40,541,0
1202.7,6.53,18.1,2757,39.0,90,44,0
1139.1,0.45,21.3,600,29.3,90,144,1
1117.3,8.39,16.7,219,62.3,40,210,1
1250.0,22.0,155.0,100,15.7,40,268,0
1469.2,0.82,66.6,600,34.1,40,452,0
1333.6,2.51,124.8,2600,39.0,40,429,0
1634.7,18.15,6.7,289,31.5,90,72,0
1496.5,1.16,13.3,504,46.9,40,518,0
1210.4,9.17,6.7,694,35.7,40,247,0
1365.8,0.49,72.9,2268,55.6,30,64,0
1193.3,0.4,109.6,2564,15.0,40,678,1
1250.0,18.58,62.0,276,58.3,50,777,0
1181.5,0.12,69.2,6000,33.0,30,32,0
1581.0,0.03,54.5,617,20.7,10,31,0
1594.9,0.91,35.5,600,15.7,30,100,0
1250.0,1.23,105.7,800,58.8,90,161,1
1442.1,3.93,90.0,970,37.8,40,327,0
1250.0,11.34,38.0,1703,31.4,20,20,0
1373.7,4.79,70.9,121,27.8,10,89,0
1334.3,16.96,55.6,20,37.7,40,198,0
1261.7,0.44,62.8,600,33.7,40,360,1
1250.0,0.5,21.4,600,16.5,10,78,0
1250.0,0.5,20.8,741,30.3,90,133,0
1337.6,10.16,13.8,1850,37.0,40,244,0
1202.8,1.5,90.0,3307,59.7,40,179,1
1438.9,0.7,6.2,628,41.7,50,1017,0
1204.7,2.2,56.5,2733,29.6,30,32,0
1502.2,9.19,4.0,1903,36.5,40,377,0
1484.7,0.1,127.6,1002,43.4,40,448,1
1247.7,3.07,2.0,818,58.3,90,66,0
1555.2,3.68,39.5,1846,33.4,20,66,0
1197.5,0.15,8.4,600,43.4,40,417,1
1537.7,2.34,3.5,490,47.8,40,393,0
1201.0,0.39,11.1,1583,50.2,40,381,0
1206.2,3.06,32.3,3644,28.7,40,91,0
1314.7,2.19,64.7,20,35.0,10,123,0
1814.1,0.08,70.1,440,26.3,30,81,0
1288.5,15.27,10.0,1980,32.4,20,21,0
1533.5,13.59,9.2,95,43.9,40,516,0
1250.0,9.7,40.7,600,33.3,50,1258,0
1625.9,2.25,36.6,3089,28.0,10,74,0
1250.0,0.38,90.0,2177,38.1,40,366,0
1326.8,1.9,20.7,887,65.0,50,599,0
1471.7,1.87,15.5,600,38.2,80,0,0
1356.8,0.58,35.6,794,25.9,40,413,0
1351.0,0.03,89.9,91,38.4,40,329,1
1382.5,12.08,5.9,2668,32.2,30,94,0
1217.4,0.46,36.1,798,55.3,30,58,0
1250.0,0.79,155.0,600,41.6,10,80,1
1488.1,0.38,42.3,1574,28.7,40,211,0
1543.4,0.28,26.2,796,18.5,40,70,0
1412.8,0.5,20.9,2521,41.6,30,120,0
1211.8,1.42,31.4,2024,44.3,10,146,0
1473.6,1.47,14.7,869,24.7,30,49,0
1161.8,2.8,28.0,76,19.6,30,91,0
1610.4,5.24,4.7,600,53.6,80,162,0
1465.8,10.53,0.5,146,37.7,90,53,0
1443.5,0.66,35.2,212,56.6,10,40,0
1102.5,1.07,26.5,30,31.0,20,92,0
1446.6,2.65,58.7,1675,31.4,50,1144,0
1449.6,0.5,10.1,2845,46.4,10,53,0
1499.8,0.5,11.5,572,18.0,80,157,0
1285.0,0.56,41.3,600,19.0,30,43,0
1250.0,1.76,70.8,600,23.9,40,251,0
1250.0,1.13,90.0,1050,23.0,40,648,1
1296.1,1.89,50.4,637,39.8,30,61,0
1265.1,12.43,13.4,1971,24.3,10,113,0
1586.4,1.02,53.8,600,21.3,40,500,0
1188.2,7.38,24.8,1545,35.4,90,19,0
1155.4,0.64,5.6,376,31.1,40,300,1
1387.7,2.87,50.0,166,49.6,40,587,0
1414.8,2.07,46.0,616,51.7,80,96,1
1400.8,0.5,12.3,600,49.7,30,109,0
1159.8,6.15,32.0,2276,40.9,30,56,0
1141.8,1.36,26.0,600,19.3,30,38,1
1272.8,0.13,32.2,20,36.6,10,47,0
1680.1,9.82,4.6,578,39.9,40,375,0
1184.1,1.73,90.0,41,30.7,20,78,1
1422.6,3.65,28.1,1953,56.4,10,33,0
1177.2,6.3,82.1,191,59.1,30,123,1
1250.0,0.24,9.1,45,56.3,10,101,0
1599.0,1.89,43.7,6000,15.9,20,45,0
1320.7,4.47,37.2,600,33.0,10,72,0
1163.2,1.72,104.0,2249,29.7,50,1417,1
1526.4,0.5,12.9,600,56.8,40,332,0
1250.0,1.25,21.6,391,28.0,50,150,0
1455.5,1.13,33.7,612,24.8,50,1344,0
1447.3,0.5,43.7,600,15.3,80,16,0
1192.4,0.02,8.2,5447,34.4,20,29,0
1178.4,3.58,48.0,800,32.3,50,1576,0
1619.8,5.78,79.3,454,37.5,40,392,0
1558.2,1.62,37.3,800,50.5,20,84,0
1250.0,4.06,18.6,49,30.3,40,420,0
1460.2,5.11,31.3,1559,15.0,30,98,0
1651.5,9.02,41.2,2216,31.4,10,43,0
1250.0,14.27,133.1,600,37.6,10,122,1
1521.1,3.18,68.0,600,52.9,40,154,0
1250.0,0.76,155.0,549,31.9,40,291,1
1316.4,0.18,10.8,600,33.6,30,82,0
1251.6,9.92,59.9,1770,33.7,40,454,0
1139.0,0.56,76.8,432,31.0,10,0,1
1182.1,1.12,33.7,466,58.2,30,61,1
1434.3,3.37,41.9,268,39.2,20,43,0
1627.5,1.03,153.7,5086,37.9,50,1983,0
1422.5,9.59,78.8,600,24.8,90,50,1
1100.0,1.43,86.4,84,15.0,30,119,1
1331.9,0.22,5.8,20,58.5,90,111,0
1444.8,0.82,37.8,2162,57.8,40,491,0
1100.0,8.19,136.1,733,55.3,10,90,1
1332.3,1.58,17.2,600,39.2,40,211,0
1422.9,1.16,50.0,600,31.2,40,270,0
1397.8,0.01,87.2,145,15.0,40,397,0
1250.0,11.26,21.5,733,65.0,40,383,0
1457.4,1.32,2.5,826,37.4,40,224,0
1267.1,2.38,108.3,3427,15.0,30,104,0
1250.0,1.74,15.6,3044,36.5,10,123,0
1399.8,0.33,77.5,1337,36.2,40,422,0
1250.0,0.09,25.3,1919,24.0,40,552,0
1324.9,3.84,86.8,3216,58.3,40,380,0
1238.5,0.31,68.1,339,60.7,40,201,1
1168.7,2.86,83.2,20,65.0,30,127,1
1581.5,22.0,155.0,24,37.0,10,48,0
1623.1,0.44,50.0,600,34.3,50,1084,0
1497.6,3.95,11.7,291,52.1,40,346,0
1108.6,2.54,65.5,600,41.0,40,396,1
1153.3,3.33,58.0,232,55.5,20,114,1
1323.8,0.5,90.0,1585,23.7,20,75,0
1406.6,3.08,18.3,3083,47.8,10,144,0
1504.6,1.78,90.0,62,29.6,40,407,0
1452.5,7.44,4.6,600,26.4,40,564,0
1191.5,2.58,51.0,1048,26.5,40,370,1
1335.0,0.57,133.9,2000,35.7,80,42,1
1629.3,5.25,3.0,254,31.4,20,21,0
1411.6,2.02,26.1,669,21.9,20,104,0
1258.9,0.62,19.7,20,29.8,20,107,0
1417.2,2.66,11.3,600,33.3,40,414,0
1402.0,7.49,40.5,2383,18.4,50,396,0
1509.4,2.33,68.5,600,26.4,50,1213,0
1293.4,2.08,14.3,600,16.2,40,450,0
1207.3,21.61,88.9,2661,27.0,40,328,0
1432.1,6.86,74.7,600,26.4,50,1656,0
1551.2,4.81,12.8,2651,46.0,40,296,0
1428.3,5.05,4.5,670,55.6,30,75,0
1189.1,1.13,47.8,3292,31.3,40,113,0
1258.5,0.3,72.0,930,49.0,40,412,1
1373.8,4.87,4.1,971,54.4,40,384,0
1250.0,3.46,25.9,155,36.8,30,90,0
1383.8,4.55,26.7,600,57.5,30,94,0
1114.6,1.1,77.7,192,25.3,40,146,1
1182.3,3.61,50.0,2413,30.0,20,68,0
1156.6,2.08,27.0,644,55.2,40,366,0
1664.9,6.37,12.3,508,34.1,20,85,0
1119.8,0.4,50.0,1029,55.8,40,458,1
1250.0,0.17,68.2,600,50.2,10,66,0
1391.6,1.26,18.9,600,51.0,80,104,0
1156.7,16.13,26.0,760,28.3,30,56,0
1140.2,0.14,7.8,600,52.5,40,493,1
1414.0,4.71,7.6,1959,28.2,10,81,0
1317.4,1.79,35.7,1707,42.6,20,62,0
1663.4,0.37,155.0,2097,20.9,40,487,0
1100.0,0.79,55.9,2722,29.8,10,68,0
1416.3,9.67,3.2,2007,28.8,40,278,0
1260.0,6.41,5.3,64,65.0,10,61,0
1385.8,1.72,7.4,25,55.1,40,260,0
1569.9,10.08,50.0,616,26.5,40,304,0
1142.3,1.35,155.0,600,35.0,80,126,1
1234.4,4.6,67.6,127,35.0,40,340,0
1549.0,3.92,19.9,600,30.9,40,508,0
1681.9,1.83,106.9,604,65.0,40,271,0
1223.6,4.54,32.3,282,32.5,30,49,0
1118.2,1.7,38.4,600,39.2,50,1045,1
1135.2,0.47,14.0,4527,58.2,40,356,0
1359.6,2.81,29.8,156,28.3,10,107,0
1127.2,2.49,22.9,6000,42.3,80,147,0
1180.4,0.77,155.0,348,63.1,20,98,1
1436.2,0.57,27.3,600,37.7,40,252,0
1476.6,5.04,31.4,2659,29.0,40,418,0
1446.0,0.02,34.9,600,35.8,40,326,0
1164.3,0.42,20.6,1951,31.2,40,310,0
1519.8,1.61,3.3,600,54.7,30,122,0
1348.7,17.56,93.5,555,23.4,30,84,0
1135.9,3.86,10.4,1881,27.0,20,88,0
1166.1,0.5,17.4,600,15.0,20,78,0
1192.5,10.54,23.6,2362,41.3,40,394,0
1496.6,22.0,35.9,1830,51.6,40,536,0
1452.8,12.15,44.7,1911,47.2,40,264,0
1152.7,0.5,40.7,600,58.5,10,13,1
1445.9,0.08,79.8,45,15.0,40,328,0
1201.6,0.61,99.3,56,47.4,30,29,1
1474.5,6.75,90.0,584,57.1,40,430,0
1250.0,8.17,21.8,600,39.9,10,62,0
1200.2,3.0,7.1,600,23.4,40,625,0
1418.7,0.81,155.0,2694,54.9,40,397,1
1157.7,22.0,14.0,95,48.9,90,82,0
1143.1,4.4,36.2,1785,29.4,10,93,0
1379.2,1.24,28.3,2043,48.5,10,129,0
1344.0,22.0,44.0,509,47.1,90,120,0
1457.5,7.53,12.8,20,29.0,40,480,0
1387.0,1.86,28.6,1435,36.3,40,519,0
1161.6,0.74,30.9,600,41.5,40,314,1
1444.5,6.99,32.4,711,51.4,30,89,0
1250.0,1.47,6.0,1777,34.5,30,40,0
1138.4,0.82,63.7,604,43.2,30,12,1
1459.1,0.53,59.0,800,19.6,40,202,0
1136.9,4.76,4.0,1618,22.7,40,263,0
1599.7,0.86,16.4,2497,56.1,40,0,0
1214.1,0.95,95.9,2521,52.2,40,208,1
1479.6,2.99,32.6,1278,54.4,30,73,0
1183.2,6.99,11.3,812,40.0,40,289,0
1574.5,4.04,27.8,37,26.7,80,77,0
1206.9,0.99,60.3,1743,26.2,50,1031,0
1252.8,0.83,7.8,600,48.7,30,146,0
1439.7,22.0,19.9,899,34.0,30,89,0
1198.1,0.5,34.5,216,15.0,40,133,1
1570.4,2.08,38.8,139,36.7,40,225,0
1302.8,3.42,17.6,66,43.9,40,226,0
1526.5,4.17,56.6,600,57.0,40,342,0
1586.1,2.02,50.0,1823,32.7,30,49,0
1250.0,2.61,90.0,784,22.1,20,66,0
1180.4,0.9,20.6,600,26.9,20,61,0
1330.2,0.8,89.6,20,49.1,10,41,1
1213.9,1.94,146.4,299,35.0,30,152,1
1415.9,1.73,34.2,259,59.5,20,77,0
1198.2,11.79,70.3,295,52.6,30,117,1
1334.3,7.63,63.9,753,37.1,10,120,0
1120.8,3.52,19.4,600,31.9,30,137,0
1100.0,0.18,75.7,2460,39.9,40,402,1
1451.4,2.04,67.3,21,28.0,80,131,1
1447.2,3.5,12.2,392,49.6,30,77,0
1496.1,2.31,45.2,1306,46.0,10,161,0
1576.7,3.53,118.5,142,37.1,30,101,0
1445.3,10.52,55.6,279,50.0,40,496,0
1250.0,0.93,146.4,51,60.1,30,130,1
1155.2,0.79,43.9,327,38.8,30,126,0
1684.3,0.02,11.6,1024,22.5,80,28,0
1100.9,7.31,36.8,732,61.5,30,110,0
1464.3,0.5,70.6,2159,52.6,90,144,0
1338.6,3.07,34.5,54,30.5,40,528,0
1250.0,1.3,33.5,6000,41.4,40,466,0
1266.7,6.61,155.0,93,29.2,40,284,1
1137.4,0.97,14.9,62,24.3,30,107,0
1186.4,17.04,20.7,733,62.2,40,202,0
1223.4,3.55,53.8,2294,51.6,30,62,0
1367.5,3.01,144.9,600,38.8,40,219,1
1250.0,10.04,0.9,88,38.6,10,44,0
1100.0,3.21,39.1,39,36.5,30,88,1
1338.1,0.27,33.3,710,34.6,40,348,0
1479.6,3.09,146.7,1041,54.7,40,217,1
1539.3,7.54,138.2,600,52.3,30,59,0
1250.0,1.4,15.0,600,60.8,40,270,0
1600.7,0.02,38.9,1232,21.4,40,380,0
1402.4,2.14,25.2,3494,32.7,40,623,0
1363.4,6.68,7.1,65,39.6,40,375,0
1153.3,0.23,16.4,708,34.6,40,383,1
1564.3,0.04,27.2,600,30.7,40,535,0
1346.3,7.97,15.9,4980,32.9,40,285,0
1106.7,3.77,48.4,984,34.0,80,73,1
1513.3,0.8,8.6,541,35.6,30,118,0
1182.0,0.81,82.7,20,54.8,30,17,1
1598.6,0.51,8.1,600,26.3,40,310,0
1173.3,11.33,87.0,600,42.0,20,90,1
1502.3,3.48,86.8,474,28.7,50,1167,0
1317.4,1.7,33.7,3077,22.9,30,94,0
1196.2,1.15,3.9,20,55.8,40,299,0
1452.6,0.6,33.9,52,38.1,40,362,0
1460.9,0.51,30.1,179,53.3,10,77,0
1454.0,22.0,9.7,101,29.2,40,444,0
1696.2,7.94,87.0,1570,21.0,40,486,0
1390.8,0.88,54.5,311,47.6,90,115,1
1387.0,3.54,92.0,232,30.9,40,440,0
1449.8,3.53,46.9,600,42.4,40,250,0
1229.9,4.3,23.7,90,25.4,50,641,0
1288.7,3.09,90.0,179,56.0,30,41,0
1395.6,4.29,28.0,220,27.7,20,99,0
1250.0,4.89,155.0,143,37.3,20,102,1
1250.0,16.74,48.7,1405,57.6,90,31,0
1712.5,4.85,70.2,663,33.7,30,125,0
1140.5,1.46,32.5,600,44.2,40,550,1
1471.0,0.63,155.0,800,42.3,40,511,1
1542.7,2.91,5.3,696,26.2,30,83,0
1534.2,6.32,74.4,2247,63.0,80,160,0
1346.6,1.45,47.3,647,27.5,40,221,0
1388.5,0.03,13.1,600,50.2,40,317,0
1148.5,0.5,62.0,600,53.7,30,148,1
1168.9,7.87,74.9,3251,35.9,30,144,0
1448.6,0.5,90.0,1825,19.6,40,387,0
1821.6,5.0,85.9,600,25.3,30,60,0
1503.0,1.52,14.1,85,65.0,40,452,0
1331.6,3.65,3.9,215,51.2,10,129,0
1552.7,0.66,67.2,2146,24.2,50,1032,0
1139.8,0.99,102.0,167,23.0,40,352,1
1513.2,6.59,155.0,600,29.5,40,443,0
1179.8,0.36,45.0,600,30.6,20,109,1
1250.0,4.26,25.2,600,21.8,40,315,0
1513.6,5.0,39.7,20,31.0,10,0,0
1250.0,2.65,9.7,367,22.5,30,9,0
1530.6,2.65,74.6,3248,31.8,30,35,0
1355.9,1.53,11.4,1022,16.1,80,56,0
1542.1,4.47,155.0,156,28.2,90,80,1
1197.3,3.15,10.1,1223,54.0,40,288,0
1535.6,8.35,50.0,391,37.6,40,318,0
1456.7,5.0,18.1,5694,28.1,40,309,0
1186.3,0.05,7.4,1728,23.0,10,80,0
1145.4,7.9,3.3,141,34.4,40,361,0
1137.5,0.54,79.8,600,39.5,40,372,1
1478.6,2.21,90.0,180,40.3,40,223,0
1243.7,1.36,46.5,1121,20.4,40,449,0
1520.8,1.62,2.9,190,56.7,80,74,0
1168.0,9.15,14.3,158,55.6,30,8,0
1542.6,2.0,40.0,35,46.9,40,370,0
1331.0,9.63,54.6,600,30.8,90,53,0
1250.0,0.22,61.5,621,22.7,40,344,0
1534.6,1.7,39.5,20,38.4,50,919,0
1199.2,2.96,34.2,730,26.8,30,70,0
1437.7,0.72,27.5,800,64.2,30,87,0
1513.1,10.66,53.7,600,49.8,30,107,0
1282.1,13.82,89.0,52,27.3,30,47,0
1336.3,5.37,90.0,752,24.7,50,1046,0
1615.4,0.95,93.0,1180,37.8,40,480,0
1127.2,0.5,38.2,600,34.3,90,122,1
1698.8,0.34,84.2,466,43.1,30,147,0
1431.8,0.11,19.6,47,31.4,10,84,0
1348.2,0.78,62.0,239,39.3,20,50,0
1100.0,1.44,39.1,1375,15.0,30,90,0
1402.8,3.63,51.5,543,46.6,40,298,0
1533.2,3.12,1.0,821,32.3,20,63,0
1447.1,0.49,1.2,1848,42.6,30,63,0
1119.9,4.49,50.2,600,35.0,40,446,1
1203.4,4.57,13.8,472,58.6,20,89,0
1440.4,0.68,78.4,600,39.9,10,97,0
1250.0,4.12,53.9,27,62.5,40,506,0
1232.6,0.8,99.0,86,23.0,40,300,1
1601.3,0.5,135.8,1890,22.0,80,96,1
1202.4,0.58,16.5,101,34.7,40,663,0
1359.9,12.57,36.6,69,40.3,80,76,0
1394.2,0.29,40.2,600,34.7,30,77,0
1475.1,1.19,56.9,1087,30.1,30,65,0
1521.0,3.58,15.5,600,36.0,40,573,0
1500.8,6.13,2.3,251,54.6,40,457,0
1250.0,9.5,62.9,267,19.1,40,295,0
1484.1,16.82,11.4,66,31.5,40,530,0
1612.7,7.77,103.6,153,35.7,10,104,0
1198.8,4.5,23.0,600,51.3,30,124,0
1612.3,0.47,3.5,205,30.4,20,74,0
1512.1,7.97,23.1,47,28.3,10,113,0
1121.2,1.29,16.6,21,52.4,40,244,1
1180.6,2.94,33.7,600,40.5,20,91,0
1188.5,7.92,114.7,4578,22.0,30,24,0
1116.5,2.87,30.6,458,35.0,90,124,1
1203.3,10.17,19.1,141,32.8,40,255,0
1376.2,8.59,27.6,2796,48.0,20,70,0
1169.8,1.9,90.0,2209,55.9,40,502,1
1540.3,3.63,141.0,20,39.8,40,335,1
1170.1,2.77,17.1,56,26.1,30,156,0
1442.1,1.14,23.2,1374,33.3,40,349,0
1119.0,1.64,53.8,221,15.0,30,36,1
1173.1,1.83,43.6,632,49.6,40,375,1
1250.0,6.6,73.7,101,55.4,20,69,0
1468.7,2.5,40.0,600,43.9,40,504,0
1390.7,3.07,56.3,3029,59.6,40,332,0
1124.2,0.43,26.6,3769,50.7,40,325,0
1179.5,0.17,1.8,600,18.5,40,312,0
1250.0,2.37,35.2,845,47.5,50,1341,0
1448.0,2.06,8.2,292,54.1,20,85,0
1183.6,0.35,38.0,2843,32.1,40,303,1
1250.0,3.82,5.3,20,42.5,20,102,0
1336.5,0.69,81.2,138,16.5,40,320,1
1166.3,8.23,96.3,600,25.1,40,452,1
1384.3,0.79,50.0,74,21.2,10,57,0
1357.2,0.35,18.9,2117,32.7,10,22,0
1517.4,13.69,88.6,600,30.0,40,327,0
1395.4,0.96,155.0,1215,35.3,30,54,1
1159.2,14.63,31.3,2487,36.9,30,97,0
1250.0,1.17,52.2,600,34.6,40,397,1
1208.6,2.56,51.5,600,31.8,30,143,0
1559.6,1.05,35.9,3394,20.3,20,89,0
1536.0,6.17,29.8,3672,24.6,40,576,0
1278.8,0.17,8.7,85,51.4,10,54,0
1174.6,0.83,90.0,285,61.0,80,23,1
1511.7,16.71,18.1,6000,45.4,80,123,0
1373.6,0.5,47.4,600,22.2,40,248,0
1222.6,0.5,10.0,112,21.3,30,67,0
1192.9,2.57,115.2,319,62.0,40,253,1
1559.7,0.5,51.5,133,56.1,10,134,0
1615.1,0.64,36.9,495,23.4,30,128,0
1340.0,5.44,40.7,600,55.7,10,75,0
1154.9,1.31,90.0,3073,42.1,40,411,1
1153.3,10.39,141.5,600,35.3,30,78,1
1343.2,4.79,11.9,299,29.9,40,661,0
1250.0,0.97,23.6,600,40.9,10,15,0
1179.5,4.18,50.0,6000,23.8,40,461,0
1319.9,19.17,50.0,181,28.9,10,10,0
1110.4,2.96,2.9,623,29.1,80,149,1
1316.7,1.91,56.9,112,27.0,40,475,0
1250.0,14.91,20.1,600,27.4,10,0,0
1579.5,3.53,25.6,357,44.1,30,142,0
1179.7,1.84,7.9,5926,23.7,10,70,0
1389.0,1.28,70.5,1567,47.2,40,466,0
1545.3,0.03,44.3,2995,28.1,20,24,0
1606.4,1.14,12.2,139,30.1,40,398,0
1476.1,4.45,119.6,92,47.8,30,33,1
1300.9,0.5,12.4,2406,32.7,40,445,0
1707.0,1.18,33.9,4045,31.4,40,380,0
1433.1,2.59,98.5,156,21.5,40,395,0
1587.0,12.02,90.0,732,65.0,80,113,0
1141.2,0.78,60.3,304,39.2,90,58,1
1405.5,4.31,44.5,390,23.5,30,52,0
1188.5,4.18,51.5,1036,33.6,40,375,1
1192.3,3.29,10.7,1223,47.7,40,316,0
1138.0,3.66,152.8,50,33.1,40,385,1
1564.6,0.5,23.7,2083,26.1,50,1198,0
1250.0,11.38,126.9,2080,32.7,20,81,0
1407.6,15.05,120.8,2782,42.8,40,367,0
1141.2,21.31,29.2,1699,31.2,40,326,0
1574.8,13.65,54.0,760,44.8,10,116,0
1786.9,1.0,23.8,414,41.1,50,1176,0
1250.0,0.53,28.1,332,39.4,30,57,0
1550.5,1.11,15.6,4494,28.6,40,389,0
1465.0,0.54,96.6,600,50.5,80,69,1
1250.0,0.5,9.5,1020,43.9,40,335,0
1125.1,0.07,25.6,993,29.0,50,1068,0
1187.9,6.18,33.7,1424,47.3,10,77,0
1158.7,6.34,32.2,33,24.5,40,425,1
1490.0,0.5,9.1,1032,20.4,40,312,0
1250.0,3.06,14.7,276,32.8,40,154,0
1515.1,0.97,16.8,1278,31.6,10,76,0
1408.4,0.76,89.6,566,33.2,40,278,0
1232.2,2.45,35.0,1721,52.4,20,97,0
1474.2,2.86,155.0,44,36.4,10,103,1
1423.6,3.21,20.4,363,63.5,40,531,0
1250.0,9.78,69.7,600,33.9,40,436,0
1250.0,0.73,25.2,476,29.6,90,87,0
1648.1,4.48,65.4,1221,31.2,40,291,0
1250.0,0.5,47.4,819,65.0,40,317,0
1202.0,0.65,132.9,964,38.1,30,53,1
1488.8,2.87,155.0,20,55.7,20,172,1
1389.8,0.82,47.1,2756,47.1,40,340,0
1345.9,9.41,8.4,1032,29.6,30,81,0
1341.3,6.56,18.1,658,20.9,40,252,0
1325.4,3.15,11.9,4720,33.3,10,72,0
1576.4,0.5,107.5,255,40.8,30,101,0
1491.5,7.12,6.6,4809,53.8,40,266,0
1135.7,1.03,25.0,1094,31.3,40,218,1
1485.7,6.16,47.0,261,35.1,30,76,0
1126.3,3.92,41.6,403,54.1,30,87,1
1403.9,22.0,10.8,506,25.7,90,116,0
1344.5,5.22,18.8,215,43.0,40,359,0
1179.7,0.11,40.0,1005,55.5,40,418,1
1138.5,1.04,40.0,115,28.2,30,147,1
1686.6,1.41,14.4,878,53.1,40,197,0
1445.0,11.01,21.1,1650,26.9,10,60,0
1250.0,11.43,52.5,92,62.0,10,64,0
1445.9,1.66,50.0,619,55.5,30,2,0
1330.8,12.4,0.9,457,49.9,30,63,0
1175.1,1.36,21.7,177,63.1,90,132,1
1483.2,4.02,14.0,938,33.4,40,460,0
1332.8,0.12,3.6,1074,53.0,40,233,0
1516.6,0.85,10.0,20,49.8,50,1153,0
1805.7,4.07,30.7,475,36.2,30,130,0
1100.0,0.78,109.4,845,15.0,20,45,1
1137.6,4.68,90.8,83,53.8,30,116,1
1592.3,0.25,75.1,273,33.1,50,1485,0
1539.6,1.15,32.8,1144,40.8,40,368,0
1374.6,4.28,97.9,3586,41.3,40,475,0
1568.4,1.12,7.9,208,50.8,40,169,0
1673.9,19.72,7.1,142,62.5,30,48,0
1307.6,0.5,14.6,301,15.4,30,37,0
1250.0,0.25,23.4,572,51.3,40,449,0
1389.5,16.85,89.9,501,37.2,40,439,0
1370.9,0.19,24.0,2198,23.2,30,129,0
1352.4,0.96,48.5,493,30.5,30,71,0
1415.2,1.81,41.8,2747,26.1,40,294,0
1447.3,2.34,6.7,183,15.0,20,125,0
1129.1,1.73,14.7,20,35.4,40,447,0
1250.0,1.52,26.9,600,53.0,40,285,0
1164.2,1.32,77.3,600,35.0,40,384,1
1250.0,3.56,17.8,800,46.0,50,567,0
1154.2,0.5,14.8,523,33.5,40,613,0
1250.0,0.85,78.3,20,38.1,20,58,1
1393.6,0.5,20.0,231,20.1,40,490,0
1120.1,2.7,90.0,415,36.1,30,70,1
1238.5,5.38,37.1,1094,32.3,40,336,0
1420.2,0.85,8.2,613,38.4,40,201,0
1140.9,0.04,19.6,600,45.3,40,344,1
1329.1,0.13,38.2,782,46.7,40,458,0
1250.0,0.89,32.9,1965,41.9,40,203,0
1401.8,0.13,50.2,787,18.3,40,450,0
1389.4,0.94,50.0,469,65.0,10,39,0
1492.2,1.08,16.5,600,31.9,20,62,0
1507.1,1.9,37.8,672,24.5,40,460,0
1250.0,7.89,18.2,309,48.9,10,116,0
1488.5,2.78,53.2,759,40.9,40,419,0
1236.1,0.55,42.1,600,48.1,40,529,0
1250.0,3.68,71.5,20,48.2,40,164,0
1267.2,10.35,34.9,467,25.6,40,258,0
1411.0,7.2,37.1,1752,23.0,40,500,0
1585.0,2.51,16.2,600,41.6,50,596,0
1217.2,0.5,67.9,600,51.5,40,181,0
1217.8,4.15,22.7,1522,20.8,40,537,0
1665.7,1.26,33.2,1866,36.8,40,41,0
1120.0,0.5,51.6,6000,39.4,80,46,1
1474.1,1.39,90.0,2170,50.9,30,97,0
1676.1,1.61,111.3,168,30.3,40,262,0
1331.4,4.05,70.3,1464,15.0,30,77,0
1373.4,8.51,26.0,2326,37.5,10,99,0
1214.9,1.82,54.0,20,35.0,90,93,1
1134.6,7.59,6.6,600,61.9,20,54,0
1619.1,1.19,90.0,20,29.9,40,449,0
1510.3,11.63,11.2,784,15.0,40,522,0
1523.6,2.5,76.8,636,29.5,40,311,0
1119.7,1.03,35.9,602,20.0,40,378,1
1250.0,0.11,6.2,600,41.1,20,4,0
1131.1,0.5,63.8,193,49.0,40,317,1
1440.0,2.22,62.4,3251,35.7,10,97,0
1200.4,1.18,40.4,233,15.0,40,409,0
1117.1,0.86,44.6,3304,41.1,40,265,1
1404.5,0.94,44.4,3600,20.2,30,97,0
1182.6,2.91,27.2,600,42.8,40,398,0
1637.6,3.06,0.5,1025,33.8,10,104,0
1378.0,3.84,68.8,126,20.2,10,28,0
1144.4,3.08,30.8,2071,40.6,10,120,0
1584.2,2.91,15.7,737,33.9,30,60,0
1545.6,5.23,155.0,31,30.3,40,448,1
1100.0,4.99,11.5,600,31.9,10,96,0
1349.4,13.27,43.2,105,24.4,90,105,0
1560.3,0.23,34.3,600,34.4,90,58,0
1341.0,8.3,23.2,249,27.1,40,212,0
1730.6,1.16,4.0,2251,45.7,40,303,0
1117.2,3.31,53.5,2517,47.4,80,11,1
1433.7,2.54,23.4,346,26.9,40,245,0
1146.3,12.45,2.4,800,18.9,20,57,0
1226.0,1.55,37.2,20,25.4,40,425,0
1148.3,0.5,13.3,864,35.2,30,39,0
1182.2,13.19,50.0,365,42.5,40,360,0
1247.4,0.48,46.8,782,26.9,40,183,0
1672.1,5.93,11.1,2136,15.5,40,206,0
1250.0,4.02,59.4,249,36.8,20,21,0
1279.4,1.73,40.1,600,40.2,10,80,0
1254.9,1.37,5.6,800,31.6,50,1418,0
1569.8,3.22,155.0,5674,51.5,40,406,0
1250.0,1.8,50.0,528,47.6,40,516,0
1492.4,0.37,31.4,414,28.6,40,309,0
1165.1,0.5,19.8,228,36.7,40,532,0
1284.7,1.01,15.6,600,49.2,40,442,0
1259.2,0.91,55.2,613,45.1,30,114,0
1214.0,0.04,28.9,281,56.4,40,321,1
1250.0,1.84,38.2,273,36.3,90,191,1
1344.7,0.59,126.1,480,40.5,40,296,1
1394.4,12.06,25.2,257,53.8,40,386,0
1193.5,1.69,27.8,26,34.3,30,36,1
1348.3,0.01,10.0,620,45.2,50,1399,0
1100.0,11.62,56.5,1033,19.9,40,116,1
1144.9,4.04,59.3,153,26.2,40,327,1
1138.0,12.38,22.1,1074,61.2,10,6,0
1279.7,8.5,26.0,20,33.6,40,215,0
1285.9,1.31,54.6,3697,36.4,30,86,0
1345.7,10.77,77.8,1648,49.9,40,449,0
1508.7,1.54,24.7,225,59.7,40,217,0
1567.8,4.54,42.5,181,24.4,40,244,0
1387.6,1.46,45.9,203,34.0,40,435,0
1479.0,9.95,99.6,330,15.1,40,258,0
1406.2,6.92,8.2,1928,48.3,10,83,0
1486.6,19.11,90.0,510,31.9,40,447,0
1295.4,0.05,2.4,600,65.0,20,43,0
1650.1,0.94,9.2,1072,21.2,30,94,0
1213.6,9.26,51.9,242,33.4,40,323,0
1477.3,2.5,54.2,56,26.7,40,401,0
1357.0,1.16,13.9,4028,21.8,40,432,0
1104.0,3.62,1.1,518,26.7,40,335,0
1379.8,2.87,9.5,1307,15.0,10,74,0
1460.2,8.31,22.9,1997,37.2,30,68,0
1413.9,1.44,38.3,138,33.3,30,109,0
1103.4,8.07,60.0,2013,15.0,30,76,0
1606.3,8.13,82.1,4178,15.6,40,243,0
1264.4,5.86,90.0,2349,31.4,20,101,0
1211.5,7.58,90.0,701,16.7,40,172,1
1373.9,15.28,11.4,600,47.7,50,977,0
1100.0,1.48,45.2,600,59.2,40,497,1
1150.4,3.0,76.5,374,30.0,40,291,1
1368.1,9.55,28.1,50,30.7,40,327,0
1420.0,0.84,18.9,3264,52.3,30,87,0
1124.7,0.49,22.7,391,38.7,40,264,1
1424.6,0.5,29.7,4921,49.6,10,63,0
1292.9,0.75,65.1,542,32.6,10,122,0
1142.8,8.86,82.4,1630,55.5,30,94,0
1187.1,1.03,90.0,1040,23.5,20,76,1
1121.0,2.44,148.2,77,24.5,40,440,1
1362.6,0.17,11.1,200,34.7,20,91,0
1250.0,6.54,155.0,320,31.1,90,81,1
1193.6,1.76,90.0,22,55.7,50,586,1
1237.6,5.14,59.8,206,49.8,90,40,1
1353.2,3.09,52.5,600,33.0,40,339,0
1477.1,2.18,90.0,600,25.9,90,95,0
1244.0,4.8,21.0,50,18.4,30,54,0
1500.1,1.0,4.1,2876,20.0,40,399,0
1165.2,16.22,21.8,800,16.3,30,46,0
1148.6,0.4,37.4,3223,31.6,40,113,0
1409.2,3.8,26.4,1393,44.6,40,104,0
1232.7,0.51,155.0,864,28.6,40,549,1
1185.5,10.12,9.4,55,30.7,30,113,0
1592.1,8.65,4.7,800,30.8,40,361,0
1250.0,4.75,16.6,1383,26.6,10,64,0
1385.6,1.47,46.7,1180,19.1,40,355,0
1140.2,1.59,36.3,3918,30.4,40,514,0
1497.3,4.52,36.1,603,37.2,50,1480,0
1514.2,0.06,70.1,600,32.3,80,80,1
1243.1,8.17,117.5,57,31.9,20,87,0
1140.4,3.5,71.1,648,45.2,90,154,1
1132.9,6.72,23.7,1225,65.0,90,93,1
1303.2,0.24,94.7,914,40.0,40,277,1
1323.6,0.5,63.9,5244,51.2,40,427,0
1117.6,18.42,59.2,85,19.7,10,113,0
1642.7,0.63,7.9,600,50.2,90,128,0
1100.0,0.54,155.0,251,35.5,40,496,1
1133.5,2.55,58.9,66,65.0,50,1202,1
1166.2,2.55,90.0,1007,41.4,30,171,1
1195.9,5.0,12.7,70,33.3,40,281,1
1209.9,5.38,23.1,4087,51.9,40,396,0
1250.0,0.41,1.3,128,31.9,30,63,0
1477.0,9.84,1.3,20,30.8,80,148,0
1311.3,3.48,50.0,800,32.5,40,180,0
1142.0,16.88,47.3,128,58.5,40,334,0
1250.0,0.18,28.1,96,23.9,40,383,0
1487.5,1.03,37.6,2415,55.2,80,57,0
1387.0,3.28,127.6,243,18.2,40,283,1
1634.5,0.79,50.0,36,18.8,10,34,0
1143.8,2.4,24.2,5132,54.9,40,430,0
1523.9,0.15,26.6,1229,27.7,10,41,0
1196.4,3.69,153.8,500,17.0,40,270,1
1629.5,1.78,90.0,601,26.0,30,145,0
1250.0,1.33,32.7,1499,48.3,40,409,0
1160.2,0.64,66.4,600,33.7,40,218,1
1484.8,0.16,20.7,614,29.9,40,430,0
1188.1,0.36,43.6,800,43.5,40,338,1
1329.6,4.0,82.4,600,54.6,50,991,0
1530.5,0.5,5.6,809,37.1,30,41,0
1132.1,11.24,90.0,1785,43.1,40,568,1
1336.6,0.5,19.9,800,46.8,20,113,0
1340.8,1.18,66.0,208,37.1,40,412,0
1143.9,2.01,29.4,600,39.9,20,120,1
1203.5,1.48,13.1,189,24.3,40,380,0
1394.4,3.19,125.6,134,60.6,30,80,1
1649.6,2.71,74.1,600,21.5,50,1386,0
1114.5,5.47,0.8,4673,41.9,30,88,0
1200.0,0.5,14.6,600,37.7,30,60,0
1154.8,1.11,67.7,703,22.5,40,342,1
1394.6,1.09,0.5,650,65.0,20,73,0
1320.9,2.38,3.1,141,47.0,30,95,0
1340.2,3.52,50.4,600,24.0,40,619,0
1494.5,10.07,53.3,2124,51.3,40,423,0
1404.7,2.7,12.4,4303,25.1,30,134,0
1527.5,0.5,84.3,600,45.9,10,54,0
1343.2,0.16,31.6,600,38.5,40,302,0
1192.9,2.27,3.8,444,15.3,40,263,0
1195.7,0.62,63.5,898,15.0,30,20,1
1250.0,2.59,70.1,846,23.3,30,73,0
1577.9,2.82,37.5,722,39.9,30,103,0
1608.5,1.74,2.5,267,53.3,90,68,0
